	csg_mem tag=import_edges_resolved rss=303760200 live=886759
	csg_mem tag=metadata_contexts_built rss=482542552 live=1498583
	csg_mem tag=forest_build_start mode=reparse rss=488358872 live=1507615
	csg_mem tag=forest src=0 bytes=7371 rss=488358872 live=1507617
	csg_mem tag=forest_parse_begin pass=0 src=0 reserve=0 rss=488391640 live=1507636
	csg_mem tag=forest_parse_end pass=0 src=0 arena=267456 parse_ms=10 rss=488834008 live=1508139
	csg_mem tag=forest_parsed src=0 arena=267456 rss=488834008 live=1508139
	csg_mem tag=forest src=1 bytes=9952 rss=488555480 live=1508172
	csg_mem tag=forest_parse_begin pass=0 src=1 reserve=0 rss=488571864 live=1508193
	csg_mem tag=forest_parse_end pass=0 src=1 arena=524864 parse_ms=17 rss=489259992 live=1509267
	csg_mem tag=forest_parsed src=1 arena=524864 rss=489259992 live=1509267
	csg_mem tag=forest src=2 bytes=817253 rss=488768472 live=1509272
	csg_mem tag=forest_parse_begin pass=0 src=2 reserve=0 rss=492045272 live=1509305
	csg_mem tag=forest_parse_end pass=0 src=2 arena=33621952 parse_ms=1029 rss=528548872 live=1553145
	csg_mem tag=forest_parsed src=2 arena=33621952 rss=528548872 live=1553145
	csg_mem tag=forest src=3 bytes=94454 rss=494093272 live=1553155
	csg_mem tag=forest_parse_begin pass=0 src=3 reserve=0 rss=494093272 live=1553180
	csg_mem tag=forest_parse_end pass=0 src=3 arena=2923808 parse_ms=91 rss=497583064 live=1557034
	csg_mem tag=forest_parsed src=3 arena=2923808 rss=497583064 live=1557034
	csg_mem tag=forest src=4 bytes=59923 rss=494650328 live=1557021
	csg_mem tag=forest_parse_begin pass=0 src=4 reserve=0 rss=494699480 live=1557046
	csg_mem tag=forest_parse_end pass=0 src=4 arena=2089344 parse_ms=59 rss=497222616 live=1559645
	csg_mem tag=forest_parsed src=4 arena=2089344 rss=497222616 live=1559645
	csg_mem tag=forest src=5 bytes=136411 rss=495125464 live=1559641
	csg_mem tag=forest_parse_begin pass=0 src=5 reserve=0 rss=495338456 live=1559668
	csg_mem tag=forest_parse_end pass=0 src=5 arena=4658880 parse_ms=161 rss=500925400 live=1566206
	csg_mem tag=forest_parsed src=5 arena=4658880 rss=500925400 live=1566206
	csg_mem tag=forest src=6 bytes=164754 rss=496272344 live=1566196
	csg_mem tag=forest_parse_begin pass=0 src=6 reserve=0 rss=496485336 live=1566223
	csg_mem tag=forest_parse_end pass=0 src=6 arena=7788096 parse_ms=183 rss=504513496 live=1573476
	csg_mem tag=forest_parsed src=6 arena=7788096 rss=504513496 live=1573476
	csg_mem tag=forest src=7 bytes=126542 rss=497664984 live=1573462
	csg_mem tag=forest_parse_begin pass=0 src=7 reserve=0 rss=498074584 live=1573489
	csg_mem tag=forest_parse_end pass=0 src=7 arena=4544352 parse_ms=149 rss=503251928 live=1580247
	csg_mem tag=forest_parsed src=7 arena=4544352 rss=503251928 live=1580247
	csg_mem tag=forest src=8 bytes=108814 rss=498697176 live=1580237
	csg_mem tag=forest_parse_begin pass=0 src=8 reserve=0 rss=499008472 live=1580264
	csg_mem tag=forest_parse_end pass=0 src=8 arena=4364704 parse_ms=144 rss=503907288 live=1586391
	csg_mem tag=forest_parsed src=8 arena=4364704 rss=503907288 live=1586391
	csg_mem tag=forest src=9 bytes=97046 rss=499532760 live=1586391
	csg_mem tag=forest_parse_begin pass=0 src=9 reserve=0 rss=499581912 live=1586416
	csg_mem tag=forest_parse_end pass=0 src=9 arena=3957344 parse_ms=110 rss=503759832 live=1591156
	csg_mem tag=forest_parsed src=9 arena=3957344 rss=503759832 live=1591156
	csg_mem tag=forest src=10 bytes=263042 rss=499794904 live=1591143
	csg_mem tag=forest_parse_begin pass=0 src=10 reserve=0 rss=500024280 live=1591172
	csg_mem tag=forest_parse_end pass=0 src=10 arena=9308960 parse_ms=334 rss=509739992 live=1605888
	csg_mem tag=forest_parsed src=10 arena=9308960 rss=509739992 live=1605888
	csg_mem tag=forest src=11 bytes=30477 rss=500204504 live=1605911
	csg_mem tag=forest_parse_begin pass=0 src=11 reserve=0 rss=500220888 live=1605934
	csg_mem tag=forest_parse_end pass=0 src=11 arena=2263584 parse_ms=65 rss=502629336 live=1609803
	csg_mem tag=forest_parsed src=11 arena=2263584 rss=502629336 live=1609803
	csg_mem tag=forest src=12 bytes=17051 rss=500351960 live=1609789
	csg_mem tag=forest_parse_begin pass=0 src=12 reserve=0 rss=500368344 live=1609810
	csg_mem tag=forest_parse_end pass=0 src=12 arena=779168 parse_ms=20 rss=501171160 live=1610776
	csg_mem tag=forest_parsed src=12 arena=779168 rss=501171160 live=1610776
	csg_mem tag=forest src=13 bytes=11252 rss=500384728 live=1610762
	csg_mem tag=forest_parse_begin pass=0 src=13 reserve=0 rss=500384728 live=1610781
	csg_mem tag=forest_parse_end pass=0 src=13 arena=574720 parse_ms=23 rss=501056472 live=1611639
	csg_mem tag=forest_parsed src=13 arena=574720 rss=501072856 live=1611639
	csg_mem tag=forest src=14 bytes=520230 rss=500483032 live=1611625
	csg_mem tag=forest_parse_begin pass=0 src=14 reserve=0 rss=479265752 live=1611656
	csg_mem tag=forest_parse_end pass=0 src=14 arena=42641152 parse_ms=1062 rss=522650656 live=1651197
	csg_mem tag=forest_parsed src=14 arena=42641152 rss=522650656 live=1651197
	csg_mem tag=forest src=15 bytes=1170 rss=479921112 live=1651183
	csg_mem tag=forest_parse_begin pass=0 src=15 reserve=0 rss=479921112 live=1651196
	csg_mem tag=forest_parse_end pass=0 src=15 arena=20544 parse_ms=0 rss=479921112 live=1651232
	csg_mem tag=forest_parsed src=15 arena=20544 rss=479921112 live=1651232
	csg_mem tag=forest src=16 bytes=99478 rss=479921112 live=1651218
	csg_mem tag=forest_parse_begin pass=0 src=16 reserve=0 rss=480019416 live=1651243
	csg_mem tag=forest_parse_end pass=0 src=16 arena=3435744 parse_ms=100 rss=483509208 live=1657229
	csg_mem tag=forest_parsed src=16 arena=3435744 rss=483509208 live=1657229
	csg_mem tag=forest src=17 bytes=1232 rss=480068568 live=1657235
	csg_mem tag=forest_parse_begin pass=0 src=17 reserve=0 rss=480068568 live=1657248
	csg_mem tag=forest_parse_end pass=0 src=17 arena=9408 parse_ms=0 rss=480068568 live=1657279
	csg_mem tag=forest_parsed src=17 arena=9408 rss=480068568 live=1657279
	csg_mem tag=forest src=18 bytes=1854 rss=480068568 live=1657265
	csg_mem tag=forest_parse_begin pass=0 src=18 reserve=0 rss=480068568 live=1657278
	csg_mem tag=forest_parse_end pass=0 src=18 arena=11776 parse_ms=0 rss=480084952 live=1657319
	csg_mem tag=forest_parsed src=18 arena=11776 rss=480084952 live=1657319
	csg_mem tag=forest src=19 bytes=3277 rss=480084952 live=1657305
	csg_mem tag=forest_parse_begin pass=0 src=19 reserve=0 rss=480084952 live=1657320
	csg_mem tag=forest_parse_end pass=0 src=19 arena=82848 parse_ms=2 rss=480101336 live=1657503
	csg_mem tag=forest_parsed src=19 arena=82848 rss=480101336 live=1657503
	csg_mem tag=forest src=20 bytes=7479 rss=480101336 live=1657489
	csg_mem tag=forest_parse_begin pass=0 src=20 reserve=0 rss=480117720 live=1657508
	csg_mem tag=forest_parse_end pass=0 src=20 arena=282240 parse_ms=10 rss=480429016 live=1657941
	csg_mem tag=forest_parsed src=20 arena=282240 rss=480429016 live=1657941
	csg_mem tag=forest src=21 bytes=3268 rss=480134104 live=1657927
	csg_mem tag=forest_parse_begin pass=0 src=21 reserve=0 rss=480134104 live=1657944
	csg_mem tag=forest_parse_end pass=0 src=21 arena=84416 parse_ms=2 rss=480281560 live=1658033
	csg_mem tag=forest_parsed src=21 arena=84416 rss=480281560 live=1658033
	csg_mem tag=forest src=22 bytes=89269 rss=480281560 live=1658019
	csg_mem tag=forest_parse_begin pass=0 src=22 reserve=0 rss=480297944 live=1658046
	csg_mem tag=forest_parse_end pass=0 src=22 arena=4664544 parse_ms=180 rss=485000152 live=1665921
	csg_mem tag=forest_parsed src=22 arena=4664544 rss=485016536 live=1665921
	csg_mem tag=forest src=23 bytes=25398 rss=480379864 live=1665913
	csg_mem tag=forest_parse_begin pass=0 src=23 reserve=0 rss=480379864 live=1665936
	csg_mem tag=forest_parse_end pass=0 src=23 arena=2018560 parse_ms=52 rss=482427864 live=1668811
	csg_mem tag=forest_parsed src=23 arena=2018560 rss=482427864 live=1668811
	csg_mem tag=forest src=24 bytes=36083 rss=480396248 live=1668798
	csg_mem tag=forest_parse_begin pass=0 src=24 reserve=0 rss=480412632 live=1668821
	csg_mem tag=forest_parse_end pass=0 src=24 arena=1539552 parse_ms=47 rss=482051032 live=1671534
	csg_mem tag=forest_parsed src=24 arena=1539552 rss=482051032 live=1671534
	csg_mem tag=forest src=25 bytes=29310 rss=480510936 live=1671535
	csg_mem tag=forest_parse_begin pass=0 src=25 reserve=0 rss=480527320 live=1671558
	csg_mem tag=forest_parse_end pass=0 src=25 arena=1136928 parse_ms=34 rss=481756120 live=1672840
	csg_mem tag=forest_parsed src=25 arena=1136928 rss=481756120 live=1672840
	csg_mem tag=forest src=26 bytes=21459 rss=480625624 live=1672826
	csg_mem tag=forest_parse_begin pass=0 src=26 reserve=0 rss=480625624 live=1672847
	csg_mem tag=forest_parse_end pass=0 src=26 arena=1099968 parse_ms=36 rss=481772504 live=1673944
	csg_mem tag=forest_parsed src=26 arena=1099968 rss=481772504 live=1673944
	csg_mem tag=forest src=27 bytes=1082 rss=480674776 live=1673930
	csg_mem tag=forest_parse_begin pass=0 src=27 reserve=0 rss=480691160 live=1673943
	csg_mem tag=forest_parse_end pass=0 src=27 arena=64576 parse_ms=2 rss=480691160 live=1674009
	csg_mem tag=forest_parsed src=27 arena=64576 rss=480691160 live=1674009
	csg_mem tag=forest src=28 bytes=5750 rss=480691160 live=1673995
	csg_mem tag=forest_parse_begin pass=0 src=28 reserve=0 rss=480691160 live=1674014
	csg_mem tag=forest_parse_end pass=0 src=28 arena=260320 parse_ms=8 rss=480986072 live=1674521
	csg_mem tag=forest_parsed src=28 arena=260320 rss=480986072 live=1674521
	csg_mem tag=forest src=29 bytes=59609 rss=480723928 live=1674508
	csg_mem tag=forest_parse_begin pass=0 src=29 reserve=0 rss=480740312 live=1674533
	csg_mem tag=forest_parse_end pass=0 src=29 arena=3234976 parse_ms=80 rss=484148184 live=1678349
	csg_mem tag=forest_parsed src=29 arena=3234976 rss=484148184 live=1678349
	csg_mem tag=forest src=30 bytes=50794 rss=480904152 live=1678339
	csg_mem tag=forest_parse_begin pass=0 src=30 reserve=0 rss=480904152 live=1678364
	csg_mem tag=forest_parse_end pass=0 src=30 arena=2238272 parse_ms=75 rss=483361752 live=1682103
	csg_mem tag=forest_parsed src=30 arena=2238272 rss=483361752 live=1682103
	csg_mem tag=forest src=31 bytes=52710 rss=481117144 live=1682097
	csg_mem tag=forest_parse_begin pass=0 src=31 reserve=0 rss=481149912 live=1682122
	csg_mem tag=forest_parse_end pass=0 src=31 arena=2247424 parse_ms=74 rss=483738584 live=1685230
	csg_mem tag=forest_parsed src=31 arena=2247424 rss=483738584 live=1685230
	csg_mem tag=forest src=32 bytes=2252 rss=481477592 live=1685218
	csg_mem tag=forest_parse_begin pass=0 src=32 reserve=0 rss=481477592 live=1685233
	csg_mem tag=forest_parse_end pass=0 src=32 arena=95584 parse_ms=2 rss=481510360 live=1685381
	csg_mem tag=forest_parsed src=32 arena=95584 rss=481526744 live=1685381
	csg_mem tag=forest src=33 bytes=48367 rss=481526744 live=1685378
	csg_mem tag=forest_parse_begin pass=0 src=33 reserve=0 rss=481608664 live=1685401
	csg_mem tag=forest_parse_end pass=0 src=33 arena=1983616 parse_ms=62 rss=483771352 live=1688594
	csg_mem tag=forest_parsed src=33 arena=1983616 rss=483771352 live=1688594
	csg_mem tag=forest src=34 bytes=16779 rss=481805272 live=1688583
	csg_mem tag=forest_parse_begin pass=0 src=34 reserve=0 rss=481870808 live=1688604
	csg_mem tag=forest_parse_end pass=0 src=34 arena=1070528 parse_ms=29 rss=483001304 live=1689811
	csg_mem tag=forest_parsed src=34 arena=1070528 rss=483001304 live=1689811
	csg_mem tag=forest src=35 bytes=241090 rss=481936344 live=1689808
	csg_mem tag=forest_parse_begin pass=0 src=35 reserve=0 rss=482034648 live=1689837
	csg_mem tag=forest_parse_end pass=0 src=35 arena=9242720 parse_ms=393 rss=491406296 live=1701973
	csg_mem tag=forest_parsed src=35 arena=9242720 rss=491406296 live=1701973
	csg_mem tag=forest src=36 bytes=21751 rss=482214872 live=1701960
	csg_mem tag=forest_parse_begin pass=0 src=36 reserve=0 rss=482231256 live=1701983
	csg_mem tag=forest_parse_end pass=0 src=36 arena=1131168 parse_ms=32 rss=483378136 live=1703224
	csg_mem tag=forest_parsed src=36 arena=1131168 rss=483378136 live=1703224
	csg_mem tag=forest src=37 bytes=91449 rss=482247640 live=1703213
	csg_mem tag=forest_parse_begin pass=0 src=37 reserve=0 rss=482264024 live=1703240
	csg_mem tag=forest_parse_end pass=0 src=37 arena=7943136 parse_ms=205 rss=489784280 live=1713028
	csg_mem tag=forest_parsed src=37 arena=7943136 rss=489784280 live=1713028
	csg_mem tag=forest src=38 bytes=22555 rss=482345944 live=1713020
	csg_mem tag=forest_parse_begin pass=0 src=38 reserve=0 rss=482362328 live=1713043
	csg_mem tag=forest_parse_end pass=0 src=38 arena=1179904 parse_ms=45 rss=483673048 live=1715756
	csg_mem tag=forest_parsed src=38 arena=1179904 rss=483673048 live=1715756
	csg_mem tag=forest src=39 bytes=16869 rss=482477016 live=1715743
	csg_mem tag=forest_parse_begin pass=0 src=39 reserve=0 rss=482477016 live=1715764
	csg_mem tag=forest_parse_end pass=0 src=39 arena=1112096 parse_ms=36 rss=483673048 live=1717861
	csg_mem tag=forest_parsed src=39 arena=1112096 rss=483673048 live=1717861
	csg_mem tag=forest src=40 bytes=42339 rss=482558936 live=1717848
	csg_mem tag=forest_parse_begin pass=0 src=40 reserve=0 rss=482608088 live=1717871
	csg_mem tag=forest_parse_end pass=0 src=40 arena=3115232 parse_ms=103 rss=485884888 live=1723108
	csg_mem tag=forest_parsed src=40 arena=3115232 rss=485884888 live=1723108
	csg_mem tag=forest src=41 bytes=16263 rss=482771928 live=1723099
	csg_mem tag=forest_parse_begin pass=0 src=41 reserve=0 rss=482788312 live=1723120
	csg_mem tag=forest_parse_end pass=0 src=41 arena=1044768 parse_ms=34 rss=483967960 live=1725321
	csg_mem tag=forest_parsed src=41 arena=1044768 rss=483967960 live=1725321
	csg_mem tag=forest src=42 bytes=14980 rss=482919384 live=1725308
	csg_mem tag=forest_parse_begin pass=0 src=42 reserve=0 rss=482968536 live=1725329
	csg_mem tag=forest_parse_end pass=0 src=42 arena=1044640 parse_ms=33 rss=484033496 live=1727384
	csg_mem tag=forest_parsed src=42 arena=1044640 rss=484033496 live=1727384
	csg_mem tag=forest src=43 bytes=1470 rss=482984920 live=1727371
	csg_mem tag=forest_parse_begin pass=0 src=43 reserve=0 rss=482984920 live=1727386
	csg_mem tag=forest_parse_end pass=0 src=43 arena=68320 parse_ms=2 rss=483001304 live=1727477
	csg_mem tag=forest_parsed src=43 arena=68320 rss=483001304 live=1727477
	csg_mem tag=forest src=44 bytes=45177 rss=483001304 live=1727463
	csg_mem tag=forest_parse_begin pass=0 src=44 reserve=0 rss=483083224 live=1727488
	csg_mem tag=forest_parse_end pass=0 src=44 arena=2183520 parse_ms=64 rss=485344216 live=1730086
	csg_mem tag=forest_parsed src=44 arena=2183520 rss=485344216 live=1730086
	csg_mem tag=forest src=45 bytes=3258 rss=483148760 live=1730074
	csg_mem tag=forest_parse_begin pass=0 src=45 reserve=0 rss=483148760 live=1730091
	csg_mem tag=forest_parse_end pass=0 src=45 arena=205280 parse_ms=7 rss=483378136 live=1730303
	csg_mem tag=forest_parsed src=45 arena=205280 rss=483378136 live=1730303
	csg_mem tag=forest src=46 bytes=1452 rss=483165144 live=1730289
	csg_mem tag=forest_parse_begin pass=0 src=46 reserve=0 rss=483165144 live=1730304
	csg_mem tag=forest_parse_end pass=0 src=46 arena=42336 parse_ms=1 rss=483165144 live=1730408
	csg_mem tag=forest_parsed src=46 arena=42336 rss=483165144 live=1730408
	csg_mem tag=forest src=47 bytes=1498710 rss=483165144 live=1730394
	csg_mem tag=forest_parse_begin pass=0 src=47 reserve=0 rss=486261744 live=1730427
	csg_mem tag=forest_parse_end pass=0 src=47 arena=63019392 parse_ms=1863 rss=545801272 live=1798594
	csg_mem tag=forest_parsed src=47 arena=63019392 rss=545801272 live=1798594
	csg_mem tag=forest src=48 bytes=15407 rss=487556080 live=1798640
	csg_mem tag=forest_parse_begin pass=0 src=48 reserve=0 rss=487556080 live=1798661
	csg_mem tag=forest_parse_end pass=0 src=48 arena=978976 parse_ms=23 rss=488588272 live=1799571
	csg_mem tag=forest_parsed src=48 arena=978976 rss=488588272 live=1799571
	csg_mem tag=forest src=49 bytes=36412 rss=487605232 live=1799558
	csg_mem tag=forest_parse_begin pass=0 src=49 reserve=0 rss=487605232 live=1799581
	csg_mem tag=forest_parse_end pass=0 src=49 arena=2226944 parse_ms=76 rss=489980912 live=1803442
	csg_mem tag=forest_parsed src=49 arena=2226944 rss=489980912 live=1803442
	csg_mem tag=forest src=50 bytes=212055 rss=487752688 live=1803429
	csg_mem tag=forest_parse_begin pass=0 src=50 reserve=0 rss=487932912 live=1803456
	csg_mem tag=forest_parse_end pass=0 src=50 arena=9190592 parse_ms=361 rss=498222064 live=1817935
	csg_mem tag=forest_parsed src=50 arena=9190592 rss=498222064 live=1817935
	csg_mem tag=forest src=51 bytes=714 rss=489079792 live=1817933
	csg_mem tag=forest_parse_begin pass=0 src=51 reserve=0 rss=489079792 live=1817946
	csg_mem tag=forest_parse_end pass=0 src=51 arena=37568 parse_ms=1 rss=489096176 live=1818006
	csg_mem tag=forest_parsed src=51 arena=37568 rss=489096176 live=1818006
	csg_mem tag=forest src=52 bytes=15736 rss=489096176 live=1817992
	csg_mem tag=forest_parse_begin pass=0 src=52 reserve=0 rss=489128944 live=1818013
	csg_mem tag=forest_parse_end pass=0 src=52 arena=565856 parse_ms=19 rss=489702384 live=1818884
	csg_mem tag=forest_parsed src=52 arena=565856 rss=489702384 live=1818884
	csg_mem tag=forest src=53 bytes=15907 rss=489128944 live=1818870
	csg_mem tag=forest_parse_begin pass=0 src=53 reserve=0 rss=489145328 live=1818891
	csg_mem tag=forest_parse_end pass=0 src=53 arena=748160 parse_ms=22 rss=489915376 live=1819952
	csg_mem tag=forest_parsed src=53 arena=748160 rss=489915376 live=1819952
	csg_mem tag=forest src=54 bytes=18039 rss=489161712 live=1819941
	csg_mem tag=forest_parse_begin pass=0 src=54 reserve=0 rss=489161712 live=1819962
	csg_mem tag=forest_parse_end pass=0 src=54 arena=972064 parse_ms=27 rss=490161136 live=1820902
	csg_mem tag=forest_parsed src=54 arena=972064 rss=490161136 live=1820902
	csg_mem tag=forest src=55 bytes=7239 rss=489178096 live=1820890
	csg_mem tag=forest_parse_begin pass=0 src=55 reserve=0 rss=489178096 live=1820909
	csg_mem tag=forest_parse_end pass=0 src=55 arena=562848 parse_ms=17 rss=489767920 live=1821537
	csg_mem tag=forest_parsed src=55 arena=562848 rss=489767920 live=1821537
	csg_mem tag=forest src=56 bytes=11717 rss=489194480 live=1821524
	csg_mem tag=forest_parse_begin pass=0 src=56 reserve=0 rss=489210864 live=1821545
	csg_mem tag=forest_parse_end pass=0 src=56 arena=540640 parse_ms=17 rss=489767920 live=1822352
	csg_mem tag=forest_parsed src=56 arena=540640 rss=489767920 live=1822352
	csg_mem tag=forest src=57 bytes=2498 rss=489227248 live=1822340
	csg_mem tag=forest_parse_begin pass=0 src=57 reserve=0 rss=489243632 live=1822357
	csg_mem tag=forest_parse_end pass=0 src=57 arena=108032 parse_ms=3 rss=489243632 live=1822505
	csg_mem tag=forest_parsed src=57 arena=108032 rss=489243632 live=1822505
	csg_mem tag=forest src=58 bytes=9947 rss=489243632 live=1822494
	csg_mem tag=forest_parse_begin pass=0 src=58 reserve=0 rss=489260016 live=1822515
	csg_mem tag=forest_parse_end pass=0 src=58 arena=562528 parse_ms=17 rss=489866224 live=1823185
	csg_mem tag=forest_parsed src=58 arena=562528 rss=489866224 live=1823185
	csg_mem tag=forest src=59 bytes=59910 rss=489292784 live=1823173
	csg_mem tag=forest_parse_begin pass=0 src=59 reserve=0 rss=489325552 live=1823198
	csg_mem tag=forest_parse_end pass=0 src=59 arena=2329920 parse_ms=81 rss=491799536 live=1826411
	csg_mem tag=forest_parsed src=59 arena=2329920 rss=491799536 live=1826411
	csg_mem tag=forest src=60 bytes=4463 rss=489473008 live=1826400
	csg_mem tag=forest_parse_begin pass=0 src=60 reserve=0 rss=489473008 live=1826417
	csg_mem tag=forest_parse_end pass=0 src=60 arena=246432 parse_ms=6 rss=489898992 live=1826730
	csg_mem tag=forest_parsed src=60 arena=246432 rss=489898992 live=1826730
	csg_mem tag=forest src=61 bytes=4513921 rss=489636848 live=1826716
	csg_mem tag=forest_parse_begin pass=0 src=61 reserve=0 rss=497976304 live=1826753
	csg_mem tag=forest_parse_end pass=0 src=61 arena=140260800 parse_ms=7429 rss=646923368 live=2024757
	csg_mem tag=forest_parsed src=61 arena=140260800 rss=646923368 live=2024757
	csg_mem tag=forest src=62 bytes=214132 rss=501384200 live=2024770
	csg_mem tag=forest_parse_begin pass=0 src=62 reserve=0 rss=501531656 live=2024799
	csg_mem tag=forest_parse_end pass=0 src=62 arena=9147168 parse_ms=320 rss=510821384 live=2037703
	csg_mem tag=forest_parsed src=62 arena=9147168 rss=510821384 live=2037703
	csg_mem tag=forest src=63 bytes=146632 rss=501711880 live=2037689
	csg_mem tag=forest_parse_begin pass=0 src=63 reserve=0 rss=501793800 live=2037716
	csg_mem tag=forest_parse_end pass=0 src=63 arena=7895328 parse_ms=213 rss=509772808 live=2046401
	csg_mem tag=forest_parsed src=63 arena=7895328 rss=509772808 live=2046401
	csg_mem tag=forest src=64 bytes=60278 rss=501875720 live=2046395
	csg_mem tag=forest_parse_begin pass=0 src=64 reserve=0 rss=501908488 live=2046420
	csg_mem tag=forest_parse_end pass=0 src=64 arena=2237760 parse_ms=75 rss=504169480 live=2049783
	csg_mem tag=forest_parsed src=64 arena=2237760 rss=504169480 live=2049783
	csg_mem tag=forest src=65 bytes=26513 rss=501924872 live=2049782
	csg_mem tag=forest_parse_begin pass=0 src=65 reserve=0 rss=501941256 live=2049805
	csg_mem tag=forest_parse_end pass=0 src=65 arena=1929824 parse_ms=44 rss=503874568 live=2052137
	csg_mem tag=forest_parsed src=65 arena=1929824 rss=503874568 live=2052137
	csg_mem tag=forest src=66 bytes=115864 rss=501941256 live=2052123
	csg_mem tag=forest_parse_begin pass=0 src=66 reserve=0 rss=501941256 live=2052150
	csg_mem tag=forest_parse_end pass=0 src=66 arena=7864864 parse_ms=187 rss=509330440 live=2061356
	csg_mem tag=forest_parsed src=66 arena=7864864 rss=509330440 live=2061356
	csg_mem tag=forest src=67 bytes=342860 rss=501974024 live=2061344
	csg_mem tag=forest_parse_begin pass=0 src=67 reserve=0 rss=501974024 live=2061373
	csg_mem tag=forest_parse_end pass=0 src=67 arena=15735424 parse_ms=469 rss=517145608 live=2087196
	csg_mem tag=forest_parsed src=67 arena=15735424 rss=517145608 live=2087196
	csg_mem tag=forest src=68 bytes=93793 rss=502088712 live=2087195
	csg_mem tag=forest_parse_begin pass=0 src=68 reserve=0 rss=502121480 live=2087222
	csg_mem tag=forest_parse_end pass=0 src=68 arena=4499488 parse_ms=154 rss=506709000 live=2093340
	csg_mem tag=forest_parsed src=68 arena=4499488 rss=506709000 live=2093340
	csg_mem tag=forest src=69 bytes=18553 rss=502203400 live=2093327
	csg_mem tag=forest_parse_begin pass=0 src=69 reserve=0 rss=502236168 live=2093348
	csg_mem tag=forest_parse_end pass=0 src=69 arena=1560128 parse_ms=50 rss=503858184 live=2096605
	csg_mem tag=forest_parsed src=69 arena=1560128 rss=503858184 live=2096605
	csg_mem tag=forest src=70 bytes=23302 rss=502285320 live=2096591
	csg_mem tag=forest_parse_begin pass=0 src=70 reserve=0 rss=502285320 live=2096614
	csg_mem tag=forest_parse_end pass=0 src=70 arena=1078944 parse_ms=34 rss=503383048 live=2098681
	csg_mem tag=forest_parsed src=70 arena=1078944 rss=503383048 live=2098681
	csg_mem tag=forest src=71 bytes=12094 rss=502301704 live=2098676
	csg_mem tag=forest_parse_begin pass=0 src=71 reserve=0 rss=502301704 live=2098695
	csg_mem tag=forest_parse_end pass=0 src=71 arena=484512 parse_ms=15 rss=502793224 live=2099323
	csg_mem tag=forest_parsed src=71 arena=484512 rss=502793224 live=2099323
	csg_mem tag=forest src=72 bytes=373101 rss=502301704 live=2099311
	csg_mem tag=forest_parse_begin pass=0 src=72 reserve=0 rss=502465544 live=2099340
	csg_mem tag=forest_parse_end pass=0 src=72 arena=15793504 parse_ms=428 rss=517702664 live=2117382
	csg_mem tag=forest_parsed src=72 arena=15793504 rss=517702664 live=2117382
	csg_mem tag=forest src=73 bytes=5619 rss=502563848 live=2117385
	csg_mem tag=forest_parse_begin pass=0 src=73 reserve=0 rss=502563848 live=2117404
	csg_mem tag=forest_parse_end pass=0 src=73 arena=206048 parse_ms=7 rss=502776840 live=2117823
	csg_mem tag=forest_parsed src=73 arena=206048 rss=502776840 live=2117823
	csg_mem tag=forest src=74 bytes=256078 rss=502563848 live=2117809
	csg_mem tag=forest_parse_begin pass=0 src=74 reserve=0 rss=502629384 live=2117838
	csg_mem tag=forest_parse_end pass=0 src=74 arena=9120128 parse_ms=322 rss=512312328 live=2129195
	csg_mem tag=forest_parsed src=74 arena=9120128 rss=512312328 live=2129195
	csg_mem tag=forest src=75 bytes=228229 rss=503235592 live=2129187
	csg_mem tag=forest_parse_begin pass=0 src=75 reserve=0 rss=503284744 live=2129216
	csg_mem tag=forest_parse_end pass=0 src=75 arena=8998336 parse_ms=290 rss=512312328 live=2140677
	csg_mem tag=forest_parsed src=75 arena=8998336 rss=512312328 live=2140677
	csg_mem tag=forest src=76 bytes=9159 rss=503301128 live=2140673
	csg_mem tag=forest_parse_begin pass=0 src=76 reserve=0 rss=503301128 live=2140694
	csg_mem tag=forest_parse_end pass=0 src=76 arena=481184 parse_ms=12 rss=503792648 live=2140959
	csg_mem tag=forest_parsed src=76 arena=481184 rss=503792648 live=2140959
	csg_mem tag=forest src=77 bytes=207027 rss=503301128 live=2140945
	csg_mem tag=forest_parse_begin pass=0 src=77 reserve=0 rss=503366664 live=2140974
	csg_mem tag=forest_parse_end pass=0 src=77 arena=9306368 parse_ms=333 rss=512967688 live=2155182
	csg_mem tag=forest_parsed src=77 arena=9306368 rss=512967688 live=2155182
	csg_mem tag=forest src=78 bytes=21659 rss=503694344 live=2155168
	csg_mem tag=forest_parse_begin pass=0 src=78 reserve=0 rss=503694344 live=2155189
	csg_mem tag=forest_parse_end pass=0 src=78 arena=897152 parse_ms=26 rss=504628232 live=2156250
	csg_mem tag=forest_parsed src=78 arena=897152 rss=504628232 live=2156250
	csg_mem tag=forest src=79 bytes=138950 rss=503727112 live=2156236
	csg_mem tag=forest_parse_begin pass=0 src=79 reserve=0 rss=503743496 live=2156263
	csg_mem tag=forest_parse_end pass=0 src=79 arena=7673728 parse_ms=193 rss=511017992 live=2165955
	csg_mem tag=forest_parsed src=79 arena=7673728 rss=511017992 live=2165955
	csg_mem tag=forest src=80 bytes=16818 rss=503858184 live=2165941
	csg_mem tag=forest_parse_begin pass=0 src=80 reserve=0 rss=503890952 live=2165962
	csg_mem tag=forest_parse_end pass=0 src=80 arena=580096 parse_ms=25 rss=504628232 live=2166867
	csg_mem tag=forest_parsed src=80 arena=580096 rss=504644616 live=2166867
	csg_mem tag=forest src=81 bytes=7011 rss=504054792 live=2166854
	csg_mem tag=forest_parse_begin pass=0 src=81 reserve=0 rss=504054792 live=2166871
	csg_mem tag=forest_parse_end pass=0 src=81 arena=26368 parse_ms=1 rss=504202248 live=2166944
	csg_mem tag=forest_parsed src=81 arena=26368 rss=504202248 live=2166944
	csg_mem tag=forest src=82 bytes=3088 rss=504202248 live=2166932
	csg_mem tag=forest_parse_begin pass=0 src=82 reserve=0 rss=504202248 live=2166949
	csg_mem tag=forest_parse_end pass=0 src=82 arena=135104 parse_ms=4 rss=504497160 live=2167191
	csg_mem tag=forest_parsed src=82 arena=135104 rss=504497160 live=2167191
	csg_mem tag=forest src=83 bytes=209875 rss=504349704 live=2167177
	csg_mem tag=forest_parse_begin pass=0 src=83 reserve=0 rss=504480776 live=2167206
	csg_mem tag=forest_parse_end pass=0 src=83 arena=8672672 parse_ms=286 rss=513754120 live=2180423
	csg_mem tag=forest_parsed src=83 arena=8672672 rss=513754120 live=2180423
	csg_mem tag=forest src=84 bytes=113595 rss=505119752 live=2180423
	csg_mem tag=forest_parse_begin pass=0 src=84 reserve=0 rss=505267208 live=2180450
	csg_mem tag=forest_parse_end pass=0 src=84 arena=4098720 parse_ms=123 rss=509395976 live=2185656
	csg_mem tag=forest_parsed src=84 arena=4098720 rss=509395976 live=2185656
	csg_mem tag=forest src=85 bytes=694424 rss=505299976 live=2185649
	csg_mem tag=forest_parse_begin pass=0 src=85 reserve=0 rss=505791496 live=2185680
	csg_mem tag=forest_parse_end pass=0 src=85 arena=31524320 parse_ms=914 rss=535856160 live=2234126
	csg_mem tag=forest_parsed src=85 arena=31524320 rss=535856160 live=2234126
	csg_mem tag=forest src=86 bytes=84731 rss=506250248 live=2234140
	csg_mem tag=forest_parse_begin pass=0 src=86 reserve=0 rss=506283016 live=2234167
	csg_mem tag=forest_parse_end pass=0 src=86 arena=4655136 parse_ms=148 rss=511067144 live=2239947
	csg_mem tag=forest_parsed src=86 arena=4655136 rss=511067144 live=2239947
	csg_mem tag=forest src=87 bytes=95381 rss=506414088 live=2239953
	csg_mem tag=forest_parse_begin pass=0 src=87 reserve=0 rss=506446856 live=2239980
	csg_mem tag=forest_parse_end pass=0 src=87 arena=4657632 parse_ms=143 rss=511280136 live=2246713
	csg_mem tag=forest_parsed src=87 arena=4657632 rss=511280136 live=2246713
	csg_mem tag=forest src=88 bytes=100872 rss=506627080 live=2246715
	csg_mem tag=forest_parse_begin pass=0 src=88 reserve=0 rss=506676232 live=2246742
	csg_mem tag=forest_parse_end pass=0 src=88 arena=4560160 parse_ms=149 rss=511411208 live=2253691
	csg_mem tag=forest_parsed src=88 arena=4560160 rss=511411208 live=2253691
	csg_mem tag=forest src=89 bytes=8802 rss=506840072 live=2253689
	csg_mem tag=forest_parse_begin pass=0 src=89 reserve=0 rss=506856456 live=2253710
	csg_mem tag=forest_parse_end pass=0 src=89 arena=550528 parse_ms=16 rss=507495432 live=2254317
	csg_mem tag=forest_parsed src=89 arena=550528 rss=507495432 live=2254317
	csg_mem tag=forest src=90 bytes=36472 rss=506938376 live=2254304
	csg_mem tag=forest_parse_begin pass=0 src=90 reserve=0 rss=506987528 live=2254329
	csg_mem tag=forest_parse_end pass=0 src=90 arena=2282368 parse_ms=74 rss=509363208 live=2257272
	csg_mem tag=forest_parsed src=90 arena=2282368 rss=509363208 live=2257272
	csg_mem tag=forest src=91 bytes=9587 rss=507085832 live=2257262
	csg_mem tag=forest_parse_begin pass=0 src=91 reserve=0 rss=507102216 live=2257283
	csg_mem tag=forest_parse_end pass=0 src=91 arena=577568 parse_ms=19 rss=507741192 live=2258075
	csg_mem tag=forest_parsed src=91 arena=577568 rss=507741192 live=2258075
	csg_mem tag=forest src=92 bytes=146673 rss=507151368 live=2258062
	csg_mem tag=forest_parse_begin pass=0 src=92 reserve=0 rss=507511816 live=2258089
	csg_mem tag=forest_parse_end pass=0 src=92 arena=6026144 parse_ms=193 rss=513704968 live=2267070
	csg_mem tag=forest_parsed src=92 arena=6026144 rss=513704968 live=2267070
	csg_mem tag=forest src=93 bytes=85404 rss=507675656 live=2267080
	csg_mem tag=forest_parse_begin pass=0 src=93 reserve=0 rss=507823112 live=2267107
	csg_mem tag=forest_parse_end pass=0 src=93 arena=4405344 parse_ms=136 rss=512656392 live=2271784
	csg_mem tag=forest_parsed src=93 arena=4405344 rss=512672776 live=2271784
	csg_mem tag=forest src=94 bytes=60609 rss=508265480 live=2271787
	csg_mem tag=forest_parse_begin pass=0 src=94 reserve=0 rss=508363784 live=2271812
	csg_mem tag=forest_parse_end pass=0 src=94 arena=3005376 parse_ms=89 rss=511476744 live=2275231
	csg_mem tag=forest_parsed src=94 arena=3005376 rss=511476744 live=2275231
	csg_mem tag=forest src=95 bytes=21133 rss=508462088 live=2275224
	csg_mem tag=forest_parse_begin pass=0 src=95 reserve=0 rss=508494856 live=2275247
	csg_mem tag=forest_parse_end pass=0 src=95 arena=1127648 parse_ms=34 rss=509674504 live=2276471
	csg_mem tag=forest_parsed src=95 arena=1127648 rss=509674504 live=2276471
	csg_mem tag=forest src=96 bytes=3751 rss=508544008 live=2276458
	csg_mem tag=forest_parse_begin pass=0 src=96 reserve=0 rss=508544008 live=2276475
	csg_mem tag=forest_parse_end pass=0 src=96 arena=196480 parse_ms=6 rss=508773384 live=2276710
	csg_mem tag=forest_parsed src=96 arena=196480 rss=508773384 live=2276710
	csg_mem tag=forest src=97 bytes=97141 rss=508576776 live=2276696
	csg_mem tag=forest_parse_begin pass=0 src=97 reserve=0 rss=508773384 live=2276723
	csg_mem tag=forest_parse_end pass=0 src=97 arena=4655136 parse_ms=156 rss=513475592 live=2282798
	csg_mem tag=forest_parsed src=97 arena=4655136 rss=513475592 live=2282798
	csg_mem tag=forest src=98 bytes=25148 rss=508822536 live=2282795
	csg_mem tag=forest_parse_begin pass=0 src=98 reserve=0 rss=508888072 live=2282818
	csg_mem tag=forest_parse_end pass=0 src=98 arena=1160192 parse_ms=41 rss=510067720 live=2284212
	csg_mem tag=forest_parsed src=98 arena=1160192 rss=510067720 live=2284212
	csg_mem tag=forest src=99 bytes=67075 rss=508904456 live=2284200
	csg_mem tag=forest_parse_begin pass=0 src=99 reserve=0 rss=508937224 live=2284225
	csg_mem tag=forest_parse_end pass=0 src=99 arena=3936576 parse_ms=98 rss=512918536 live=2287729
	csg_mem tag=forest_parsed src=99 arena=3936576 rss=512918536 live=2287729
	csg_mem tag=forest src=100 bytes=122136 rss=508986376 live=2287722
	csg_mem tag=forest_parse_begin pass=0 src=100 reserve=0 rss=509068296 live=2287749
	csg_mem tag=forest_parse_end pass=0 src=100 arena=4583264 parse_ms=162 rss=513688584 live=2294688
	csg_mem tag=forest_parsed src=100 arena=4583264 rss=513688584 live=2294688
	csg_mem tag=forest src=101 bytes=477806 rss=509150216 live=2294693
	csg_mem tag=forest_parse_begin pass=0 src=101 reserve=0 rss=509543432 live=2294724
	csg_mem tag=forest_parse_end pass=0 src=101 arena=18347488 parse_ms=679 rss=528581664 live=2333614
	csg_mem tag=forest_parsed src=101 arena=18347488 rss=528581664 live=2333614
	csg_mem tag=forest src=102 bytes=9251 rss=509871112 live=2333618
	csg_mem tag=forest_parse_begin pass=0 src=102 reserve=0 rss=509871112 live=2333637
	csg_mem tag=forest_parse_end pass=0 src=102 arena=410976 parse_ms=13 rss=510313480 live=2334359
	csg_mem tag=forest_parsed src=102 arena=410976 rss=510313480 live=2334359
	csg_mem tag=forest src=103 bytes=35254 rss=509887496 live=2334345
	csg_mem tag=forest_parse_begin pass=0 src=103 reserve=0 rss=509903880 live=2334370
	csg_mem tag=forest_parse_end pass=0 src=103 arena=1696640 parse_ms=50 rss=511607816 live=2336281
	csg_mem tag=forest_parsed src=103 arena=1696640 rss=511607816 live=2336281
	csg_mem tag=forest src=104 bytes=207662 rss=509903880 live=2336273
	csg_mem tag=forest_parse_begin pass=0 src=104 reserve=0 rss=510100488 live=2336302
	csg_mem tag=forest_parse_end pass=0 src=104 arena=8813440 parse_ms=275 rss=519029768 live=2347568
	csg_mem tag=forest_parsed src=104 arena=8813440 rss=519029768 live=2347568
	csg_mem tag=forest src=105 bytes=53041 rss=510215176 live=2347586
	csg_mem tag=forest_parse_begin pass=0 src=105 reserve=0 rss=510247944 live=2347611
	csg_mem tag=forest_parse_end pass=0 src=105 arena=2259072 parse_ms=74 rss=512508936 live=2350382
	csg_mem tag=forest_parsed src=105 arena=2259072 rss=512508936 live=2350382
	csg_mem tag=forest src=106 bytes=19779 rss=510247944 live=2350374
	csg_mem tag=forest_parse_begin pass=0 src=106 reserve=0 rss=510247944 live=2350395
	csg_mem tag=forest_parse_end pass=0 src=106 arena=751744 parse_ms=24 rss=511001608 live=2351358
	csg_mem tag=forest_parsed src=106 arena=751744 rss=511001608 live=2351358
	csg_mem tag=forest src=107 bytes=274 rss=510247944 live=2351347
	csg_mem tag=forest_parse_begin pass=0 src=107 reserve=0 rss=510247944 live=2351358
	csg_mem tag=forest_parse_end pass=0 src=107 arena=9376 parse_ms=0 rss=510247944 live=2351395
	csg_mem tag=forest_parsed src=107 arena=9376 rss=510247944 live=2351395
	csg_mem tag=forest src=108 bytes=131447 rss=510247944 live=2351382
	csg_mem tag=forest_parse_begin pass=0 src=108 reserve=0 rss=510362632 live=2351409
	csg_mem tag=forest_parse_end pass=0 src=108 arena=4836960 parse_ms=177 rss=515441672 live=2357883
	csg_mem tag=forest_parsed src=108 arena=4836960 rss=515441672 live=2357883
	csg_mem tag=forest src=109 bytes=204964 rss=510608392 live=2357877
	csg_mem tag=forest_parse_begin pass=0 src=109 reserve=0 rss=511017992 live=2357906
	csg_mem tag=forest_parse_end pass=0 src=109 arena=8810624 parse_ms=269 rss=519963656 live=2367965
	csg_mem tag=forest_parsed src=109 arena=8810624 rss=519963656 live=2367965
	csg_mem tag=forest src=110 bytes=26073 rss=511149064 live=2367973
	csg_mem tag=forest_parse_begin pass=0 src=110 reserve=0 rss=511198216 live=2367996
	csg_mem tag=forest_parse_end pass=0 src=110 arena=1108928 parse_ms=35 rss=512328712 live=2369381
	csg_mem tag=forest_parsed src=110 arena=1108928 rss=512328712 live=2369381
	csg_mem tag=forest src=111 bytes=52561 rss=511214600 live=2369369
	csg_mem tag=forest_parse_begin pass=0 src=111 reserve=0 rss=511280136 live=2369394
	csg_mem tag=forest_parse_end pass=0 src=111 arena=2303040 parse_ms=72 rss=513655816 live=2372394
	csg_mem tag=forest_parsed src=111 arena=2303040 rss=513655816 live=2372394
	csg_mem tag=forest src=112 bytes=54759 rss=511345672 live=2372384
	csg_mem tag=forest_parse_begin pass=0 src=112 reserve=0 rss=511362056 live=2372409
	csg_mem tag=forest_parse_end pass=0 src=112 arena=2325568 parse_ms=77 rss=513803272 live=2375472
	csg_mem tag=forest_parsed src=112 arena=2325568 rss=513803272 live=2375472
	csg_mem tag=forest src=113 bytes=22222 rss=511476744 live=2375468
	csg_mem tag=forest_parse_begin pass=0 src=113 reserve=0 rss=511493128 live=2375489
	csg_mem tag=forest_parse_end pass=0 src=113 arena=1006144 parse_ms=27 rss=512541704 live=2377034
	csg_mem tag=forest_parsed src=113 arena=1006144 rss=512541704 live=2377034
	csg_mem tag=forest src=114 bytes=396704 rss=511525896 live=2377021
	csg_mem tag=forest_parse_begin pass=0 src=114 reserve=0 rss=511820808 live=2377052
	csg_mem tag=forest_parse_end pass=0 src=114 arena=15681920 parse_ms=546 rss=528237576 live=2409844
	csg_mem tag=forest_parsed src=114 arena=15681920 rss=528237576 live=2409844
	csg_mem tag=forest src=115 bytes=5769 rss=512197640 live=2409833
	csg_mem tag=forest_parse_begin pass=0 src=115 reserve=0 rss=512197640 live=2409852
	csg_mem tag=forest_parse_end pass=0 src=115 arena=210208 parse_ms=7 rss=512410632 live=2410208
	csg_mem tag=forest_parsed src=115 arena=210208 rss=512410632 live=2410208
	csg_mem tag=forest src=116 bytes=3136 rss=512197640 live=2410196
	csg_mem tag=forest_parse_begin pass=0 src=116 reserve=0 rss=512197640 live=2410213
	csg_mem tag=forest_parse_end pass=0 src=116 arena=107776 parse_ms=3 rss=512214024 live=2410403
	csg_mem tag=forest_parsed src=116 arena=107776 rss=512214024 live=2410403
	csg_mem tag=forest src=117 bytes=281236 rss=512214024 live=2410391
	csg_mem tag=forest_parse_begin pass=0 src=117 reserve=0 rss=512361480 live=2410420
	csg_mem tag=forest_parse_end pass=0 src=117 arena=8623104 parse_ms=324 rss=521339912 live=2427338
	csg_mem tag=forest_parsed src=117 arena=8623104 rss=521339912 live=2427338
	csg_mem tag=forest src=118 bytes=36339 rss=512427016 live=2427329
	csg_mem tag=forest_parse_begin pass=0 src=118 reserve=0 rss=512427016 live=2427352
	csg_mem tag=forest_parse_end pass=0 src=118 arena=2203776 parse_ms=62 rss=514720776 live=2430100
	csg_mem tag=forest_parsed src=118 arena=2203776 rss=514720776 live=2430100
	csg_mem tag=forest src=119 bytes=66727 rss=512508936 live=2430087
	csg_mem tag=forest_parse_begin pass=0 src=119 reserve=0 rss=512541704 live=2430112
	csg_mem tag=forest_parse_end pass=0 src=119 arena=4554656 parse_ms=127 rss=517260296 live=2434958
	csg_mem tag=forest_parsed src=119 arena=4554656 rss=517260296 live=2434958
	csg_mem tag=forest src=120 bytes=19895 rss=512705544 live=2434950
	csg_mem tag=forest_parse_begin pass=0 src=120 reserve=0 rss=512721928 live=2434971
	csg_mem tag=forest_parse_end pass=0 src=120 arena=716672 parse_ms=22 rss=513491976 live=2436127
	csg_mem tag=forest_parsed src=120 arena=716672 rss=513491976 live=2436127
	csg_mem tag=forest src=121 bytes=104630 rss=512771080 live=2436115
	csg_mem tag=forest_parse_begin pass=0 src=121 reserve=0 rss=512771080 live=2436142
	csg_mem tag=forest_parse_end pass=0 src=121 arena=4230240 parse_ms=148 rss=517211144 live=2443561
	csg_mem tag=forest_parsed src=121 arena=4230240 rss=517211144 live=2443561
	csg_mem tag=forest src=122 bytes=21670 rss=512967688 live=2443553
	csg_mem tag=forest_parse_begin pass=0 src=122 reserve=0 rss=513049608 live=2443576
	csg_mem tag=forest_parse_end pass=0 src=122 arena=1157568 parse_ms=40 rss=514343944 live=2445040
	csg_mem tag=forest_parsed src=122 arena=1157568 rss=514343944 live=2445040
	csg_mem tag=forest src=123 bytes=41012 rss=513180680 live=2445028
	csg_mem tag=forest_parse_begin pass=0 src=123 reserve=0 rss=513311752 live=2445053
	csg_mem tag=forest_parse_end pass=0 src=123 arena=2319616 parse_ms=66 rss=515687432 live=2447862
	csg_mem tag=forest_parsed src=123 arena=2319616 rss=515687432 live=2447862
	csg_mem tag=forest src=124 bytes=602132 rss=513360904 live=2447850
	csg_mem tag=forest_parse_begin pass=0 src=124 reserve=0 rss=513819656 live=2447881
	csg_mem tag=forest_parse_end pass=0 src=124 arena=31473056 parse_ms=849 rss=544293920 live=2498834
	csg_mem tag=forest_parsed src=124 arena=31473056 rss=544293920 live=2498834
	csg_mem tag=forest src=125 bytes=2984 rss=514819080 live=2498870
	csg_mem tag=forest_parse_begin pass=0 src=125 reserve=0 rss=514819080 live=2498887
	csg_mem tag=forest_parse_end pass=0 src=125 arena=103360 parse_ms=3 rss=514819080 live=2499044
	csg_mem tag=forest_parsed src=125 arena=103360 rss=514819080 live=2499044
	csg_mem tag=forest src=126 bytes=6234 rss=514819080 live=2499032
	csg_mem tag=forest_parse_begin pass=0 src=126 reserve=0 rss=514819080 live=2499051
	csg_mem tag=forest_parse_end pass=0 src=126 arena=273504 parse_ms=8 rss=515097608 live=2499414
	csg_mem tag=forest_parsed src=126 arena=273504 rss=515113992 live=2499414
	csg_mem tag=forest src=127 bytes=36702 rss=514851848 live=2499401
	csg_mem tag=forest_parse_begin pass=0 src=127 reserve=0 rss=514884616 live=2499424
	csg_mem tag=forest_parse_end pass=0 src=127 arena=1143488 parse_ms=43 rss=516047880 live=2501184
	csg_mem tag=forest_parsed src=127 arena=1143488 rss=516047880 live=2501184
	csg_mem tag=forest src=128 bytes=49364 rss=514917384 live=2501173
	csg_mem tag=forest_parse_begin pass=0 src=128 reserve=0 rss=514917384 live=2501198
	csg_mem tag=forest_parse_end pass=0 src=128 arena=2322624 parse_ms=79 rss=517260296 live=2504481
	csg_mem tag=forest_parsed src=128 arena=2322624 rss=517260296 live=2504481
	csg_mem tag=forest src=129 bytes=42894 rss=514933768 live=2504489
	csg_mem tag=forest_parse_begin pass=0 src=129 reserve=0 rss=514933768 live=2504512
	csg_mem tag=forest_parse_end pass=0 src=129 arena=2289440 parse_ms=67 rss=517276680 live=2506608
	csg_mem tag=forest_parsed src=129 arena=2289440 rss=517276680 live=2506608
	csg_mem tag=forest src=130 bytes=32186 rss=514982920 live=2506604
	csg_mem tag=forest_parse_begin pass=0 src=130 reserve=0 rss=514982920 live=2506627
	csg_mem tag=forest_parse_end pass=0 src=130 arena=1998304 parse_ms=48 rss=517063688 live=2508677
	csg_mem tag=forest_parsed src=130 arena=1998304 rss=517096456 live=2508677
	csg_mem tag=forest src=131 bytes=34873 rss=515113992 live=2508665
	csg_mem tag=forest_parse_begin pass=0 src=131 reserve=0 rss=515130376 live=2508688
	csg_mem tag=forest_parse_end pass=0 src=131 arena=1627616 parse_ms=49 rss=516834312 live=2510781
	csg_mem tag=forest_parsed src=131 arena=1627616 rss=516834312 live=2510781
	csg_mem tag=forest src=132 bytes=1850073 rss=515195912 live=2510774
	csg_mem tag=forest_parse_begin pass=0 src=132 reserve=0 rss=517751816 live=2510809
	csg_mem tag=forest_parse_end pass=0 src=132 arena=72458048 parse_ms=2905 rss=594052200 live=2611934
	csg_mem tag=forest_parsed src=132 arena=72458048 rss=594052200 live=2611934
	csg_mem tag=forest src=133 bytes=41896 rss=520569864 live=2611982
	csg_mem tag=forest_parse_begin pass=0 src=133 reserve=0 rss=520635400 live=2612005
	csg_mem tag=forest_parse_end pass=0 src=133 arena=1945568 parse_ms=515 rss=556319776 live=2614615
	csg_mem tag=forest_parsed src=133 arena=1945568 rss=556319776 live=2614615
	csg_mem tag=forest src=134 bytes=3550298 rss=554370080 live=2614603
	csg_mem tag=forest_parse_begin pass=0 src=134 reserve=0 rss=531301408 live=2614640
	csg_mem tag=forest_parse_end pass=0 src=134 arena=140603200 parse_ms=6801 rss=678331520 live=2802341
	csg_mem tag=forest_parsed src=134 arena=140603200 rss=678331520 live=2802341
	csg_mem tag=forest src=135 bytes=134144 rss=533742624 live=2802419
	csg_mem tag=forest_parse_begin pass=0 src=135 reserve=0 rss=533791776 live=2802446
	csg_mem tag=forest_parse_end pass=0 src=135 arena=7742336 parse_ms=190 rss=541164576 live=2811512
	csg_mem tag=forest_parsed src=135 arena=7742336 rss=541164576 live=2811512
	csg_mem tag=forest src=136 bytes=592436 rss=533939232 live=2811504
	csg_mem tag=forest_parse_begin pass=0 src=136 reserve=0 rss=534217760 live=2811535
	csg_mem tag=forest_parse_end pass=0 src=136 arena=18504672 parse_ms=1169 rss=553239608 live=2842236
	csg_mem tag=forest_parsed src=136 arena=18504672 rss=553239608 live=2842236
	csg_mem tag=forest src=137 bytes=17351 rss=534217760 live=2842235
	csg_mem tag=forest_parse_begin pass=0 src=137 reserve=0 rss=534217760 live=2842256
	csg_mem tag=forest_parse_end pass=0 src=137 arena=1150240 parse_ms=32 rss=535364640 live=2843425
	csg_mem tag=forest_parsed src=137 arena=1150240 rss=535364640 live=2843425
	csg_mem tag=forest src=138 bytes=2319 rss=534217760 live=2843415
	csg_mem tag=forest_parse_begin pass=0 src=138 reserve=0 rss=534217760 live=2843430
	csg_mem tag=forest_parse_end pass=0 src=138 arena=86880 parse_ms=3 rss=534217760 live=2843539
	csg_mem tag=forest_parsed src=138 arena=86880 rss=534217760 live=2843539
	csg_mem tag=forest src=139 bytes=1697 rss=534217760 live=2843527
	csg_mem tag=forest_parse_begin pass=0 src=139 reserve=0 rss=534217760 live=2843542
	csg_mem tag=forest_parse_end pass=0 src=139 arena=57504 parse_ms=2 rss=534234144 live=2843642
	csg_mem tag=forest_parsed src=139 arena=57504 rss=534234144 live=2843642
	csg_mem tag=forest src=140 bytes=1202 rss=534234144 live=2843631
	csg_mem tag=forest_parse_begin pass=0 src=140 reserve=0 rss=534234144 live=2843646
	csg_mem tag=forest_parse_end pass=0 src=140 arena=52704 parse_ms=1 rss=534234144 live=2843726
	csg_mem tag=forest_parsed src=140 arena=52704 rss=534234144 live=2843726
	csg_mem tag=forest src=141 bytes=5427 rss=534234144 live=2843713
	csg_mem tag=forest_parse_begin pass=0 src=141 reserve=0 rss=534234144 live=2843732
	csg_mem tag=forest_parse_end pass=0 src=141 arena=286656 parse_ms=9 rss=534545440 live=2844146
	csg_mem tag=forest_parsed src=141 arena=286656 rss=534545440 live=2844146
	csg_mem tag=forest src=142 bytes=53259 rss=534250528 live=2844132
	csg_mem tag=forest_parse_begin pass=0 src=142 reserve=0 rss=534266912 live=2844157
	csg_mem tag=forest_parse_end pass=0 src=142 arena=2501696 parse_ms=118 rss=536773664 live=2853748
	csg_mem tag=forest_parsed src=142 arena=2501696 rss=536773664 live=2853748
	csg_mem tag=forest src=143 bytes=4821 rss=534283296 live=2853740
	csg_mem tag=forest_parse_begin pass=0 src=143 reserve=0 rss=534283296 live=2853759
	csg_mem tag=forest_parse_end pass=0 src=143 arena=276512 parse_ms=13 rss=534578208 live=2854038
	csg_mem tag=forest_parsed src=143 arena=276512 rss=534578208 live=2854038
	csg_mem tag=forest src=144 bytes=684 rss=534299680 live=2854026
	csg_mem tag=forest_parse_begin pass=0 src=144 reserve=0 rss=534299680 live=2854039
	csg_mem tag=forest_parse_end pass=0 src=144 arena=23264 parse_ms=1 rss=534316064 live=2854068
	csg_mem tag=forest_parsed src=144 arena=23264 rss=534316064 live=2854068
	csg_mem tag=forest src=145 bytes=706 rss=534316064 live=2854054
	csg_mem tag=forest_parse_begin pass=0 src=145 reserve=0 rss=534316064 live=2854067
	csg_mem tag=forest_parse_end pass=0 src=145 arena=23712 parse_ms=1 rss=534316064 live=2854119
	csg_mem tag=forest_parsed src=145 arena=23712 rss=534316064 live=2854119
	csg_mem tag=forest src=146 bytes=7097 rss=534316064 live=2854105
	csg_mem tag=forest_parse_begin pass=0 src=146 reserve=0 rss=534316064 live=2854124
	csg_mem tag=forest_parse_end pass=0 src=146 arena=392384 parse_ms=19 rss=534725664 live=2854524
	csg_mem tag=forest_parsed src=146 arena=392384 rss=534725664 live=2854524
	csg_mem tag=forest src=147 bytes=8518 rss=534332448 live=2854511
	csg_mem tag=forest_parse_begin pass=0 src=147 reserve=0 rss=534332448 live=2854530
	csg_mem tag=forest_parse_end pass=0 src=147 arena=486368 parse_ms=22 rss=534823968 live=2855069
	csg_mem tag=forest_parsed src=147 arena=486368 rss=534823968 live=2855069
	csg_mem tag=forest src=148 bytes=171411 rss=534332448 live=2855056
	csg_mem tag=forest_parse_begin pass=0 src=148 reserve=0 rss=534496288 live=2855083
	csg_mem tag=forest_parse_end pass=0 src=148 arena=8065696 parse_ms=231 rss=542049312 live=2873787
	csg_mem tag=forest_parsed src=148 arena=8065696 rss=542049312 live=2873787
	csg_mem tag=forest src=149 bytes=49447 rss=534496288 live=2873785
	csg_mem tag=forest_parse_begin pass=0 src=149 reserve=0 rss=534512672 live=2873810
	csg_mem tag=forest_parse_end pass=0 src=149 arena=2203968 parse_ms=560 rss=536773664 live=2876147
	csg_mem tag=forest_parsed src=149 arena=2203968 rss=536773664 live=2876147
	csg_mem tag=forest src=150 bytes=15928 rss=534561824 live=2876137
	csg_mem tag=forest_parse_begin pass=0 src=150 reserve=0 rss=534578208 live=2876158
	csg_mem tag=forest_parse_end pass=0 src=150 arena=759776 parse_ms=22 rss=535381024 live=2877106
	csg_mem tag=forest_parsed src=150 arena=759776 rss=535381024 live=2877106
	csg_mem tag=forest src=151 bytes=1861 rss=534610976 live=2877093
	csg_mem tag=forest_parse_begin pass=0 src=151 reserve=0 rss=534610976 live=2877108
	csg_mem tag=forest_parse_end pass=0 src=151 arena=86688 parse_ms=2 rss=534610976 live=2877237
	csg_mem tag=forest_parsed src=151 arena=86688 rss=534610976 live=2877237
	csg_mem tag=forest src=152 bytes=1128 rss=534610976 live=2877224
	csg_mem tag=forest_parse_begin pass=0 src=152 reserve=0 rss=534610976 live=2877237
	csg_mem tag=forest_parse_end pass=0 src=152 arena=66048 parse_ms=2 rss=534774816 live=2877335
	csg_mem tag=forest_parsed src=152 arena=66048 rss=534774816 live=2877335
	csg_mem tag=forest src=153 bytes=1513 rss=534774816 live=2877321
	csg_mem tag=forest_parse_begin pass=0 src=153 reserve=0 rss=534774816 live=2877336
	csg_mem tag=forest_parse_end pass=0 src=153 arena=54048 parse_ms=2 rss=534774816 live=2877475
	csg_mem tag=forest_parsed src=153 arena=54048 rss=534774816 live=2877475
	csg_mem tag=forest src=154 bytes=463934 rss=534774816 live=2877461
	csg_mem tag=forest_parse_begin pass=0 src=154 reserve=0 rss=535020576 live=2877492
	csg_mem tag=forest_parse_end pass=0 src=154 arena=18512992 parse_ms=1647 rss=554091576 live=2899485
	csg_mem tag=forest_parsed src=154 arena=18512992 rss=554091576 live=2899485
	csg_mem tag=forest src=155 bytes=13667 rss=535233568 live=2899488
	csg_mem tag=forest_parse_begin pass=0 src=155 reserve=0 rss=535249952 live=2899507
	csg_mem tag=forest_parse_end pass=0 src=155 arena=538080 parse_ms=18 rss=535807008 live=2900082
	csg_mem tag=forest_parsed src=155 arena=538080 rss=535807008 live=2900082
	csg_mem tag=forest src=156 bytes=38093 rss=535266336 live=2900068
	csg_mem tag=forest_parse_begin pass=0 src=156 reserve=0 rss=535315488 live=2900093
	csg_mem tag=forest_parse_end pass=0 src=156 arena=2014496 parse_ms=56 rss=537347104 live=2902242
	csg_mem tag=forest_parsed src=156 arena=2014496 rss=537347104 live=2902242
	csg_mem tag=forest src=157 bytes=11977 rss=535331872 live=2902229
	csg_mem tag=forest_parse_begin pass=0 src=157 reserve=0 rss=535331872 live=2902250
	csg_mem tag=forest_parse_end pass=0 src=157 arena=579104 parse_ms=19 rss=535938080 live=2903002
	csg_mem tag=forest_parsed src=157 arena=579104 rss=535938080 live=2903002
	csg_mem tag=forest src=158 bytes=2184453 rss=535348256 live=2902989
	csg_mem tag=forest_parse_begin pass=0 src=158 reserve=0 rss=604243024 live=2903024
	csg_mem tag=forest_parse_end pass=0 src=158 arena=73411680 parse_ms=3133 rss=682181784 live=3028256
	csg_mem tag=forest_parsed src=158 arena=73411680 rss=682181784 live=3028256
	csg_mem tag=forest src=159 bytes=10933 rss=607224912 live=3028336
	csg_mem tag=forest_parse_begin pass=0 src=159 reserve=0 rss=607257680 live=3028355
	csg_mem tag=forest_parse_end pass=0 src=159 arena=501088 parse_ms=13 rss=607798352 live=3028993
	csg_mem tag=forest_parsed src=159 arena=501088 rss=607798352 live=3028993
	csg_mem tag=forest src=160 bytes=1240 rss=607290448 live=3028982
	csg_mem tag=forest_parse_begin pass=0 src=160 reserve=0 rss=607290448 live=3028995
	csg_mem tag=forest_parse_end pass=0 src=160 arena=64000 parse_ms=2 rss=607290448 live=3029070
	csg_mem tag=forest_parsed src=160 arena=64000 rss=607290448 live=3029070
	csg_mem tag=forest src=161 bytes=9410 rss=607290448 live=3029056
	csg_mem tag=forest_parse_begin pass=0 src=161 reserve=0 rss=607323216 live=3029075
	csg_mem tag=forest_parse_end pass=0 src=161 arena=369024 parse_ms=11 rss=607700048 live=3029457
	csg_mem tag=forest_parsed src=161 arena=369024 rss=607700048 live=3029457
	csg_mem tag=forest src=162 bytes=68635 rss=607323216 live=3029444
	csg_mem tag=forest_parse_begin pass=0 src=162 reserve=0 rss=607487056 live=3029469
	csg_mem tag=forest_parse_end pass=0 src=162 arena=2996384 parse_ms=86 rss=610567248 live=3032725
	csg_mem tag=forest_parsed src=162 arena=2996384 rss=610567248 live=3032725
	csg_mem tag=forest src=163 bytes=50465 rss=607568976 live=3032713
	csg_mem tag=forest_parse_begin pass=0 src=163 reserve=0 rss=607601744 live=3032738
	csg_mem tag=forest_parse_end pass=0 src=163 arena=2227648 parse_ms=63 rss=610124880 live=3035815
	csg_mem tag=forest_parsed src=163 arena=2227648 rss=610124880 live=3035815
	csg_mem tag=forest src=164 bytes=17907 rss=607896656 live=3035805
	csg_mem tag=forest_parse_begin pass=0 src=164 reserve=0 rss=607896656 live=3035826
	csg_mem tag=forest_parse_end pass=0 src=164 arena=742784 parse_ms=23 rss=608846928 live=3036898
	csg_mem tag=forest_parsed src=164 arena=742784 rss=608846928 live=3036898
	csg_mem tag=forest src=165 bytes=5027 rss=608093264 live=3036885
	csg_mem tag=forest_parse_begin pass=0 src=165 reserve=0 rss=608093264 live=3036902
	csg_mem tag=forest_parse_end pass=0 src=165 arena=255104 parse_ms=8 rss=608355408 live=3037204
	csg_mem tag=forest_parsed src=165 arena=255104 rss=608355408 live=3037204
	csg_mem tag=forest src=166 bytes=660119 rss=608093264 live=3037190
	csg_mem tag=forest_parse_begin pass=0 src=166 reserve=0 rss=608453712 live=3037221
	csg_mem tag=forest_parse_end pass=0 src=166 arena=31122080 parse_ms=898 rss=638059624 live=3080196
	csg_mem tag=forest_parsed src=166 arena=31122080 rss=638059624 live=3080196
	csg_mem tag=forest src=167 bytes=20497 rss=608863312 live=3080196
	csg_mem tag=forest_parse_begin pass=0 src=167 reserve=0 rss=608879696 live=3080217
	csg_mem tag=forest_parse_end pass=0 src=167 arena=970752 parse_ms=25 rss=609862736 live=3081322
	csg_mem tag=forest_parsed src=167 arena=970752 rss=609862736 live=3081322
	csg_mem tag=forest src=168 bytes=40593 rss=608879696 live=3081313
	csg_mem tag=forest_parse_begin pass=0 src=168 reserve=0 rss=608896080 live=3081338
	csg_mem tag=forest_parse_end pass=0 src=168 arena=2318432 parse_ms=66 rss=611238992 live=3083587
	csg_mem tag=forest_parsed src=168 arena=2318432 rss=611238992 live=3083587
	csg_mem tag=forest src=169 bytes=46446 rss=608912464 live=3083576
	csg_mem tag=forest_parse_begin pass=0 src=169 reserve=0 rss=608912464 live=3083599
	csg_mem tag=forest_parse_end pass=0 src=169 arena=1915136 parse_ms=49 rss=611026000 live=3085705
	csg_mem tag=forest_parsed src=169 arena=1915136 rss=611026000 live=3085705
	csg_mem tag=forest src=170 bytes=1303220 rss=609109072 live=3085693
	csg_mem tag=forest_parse_begin pass=0 src=170 reserve=0 rss=541918240 live=3085726
	csg_mem tag=forest_parse_end pass=0 src=170 arena=62341184 parse_ms=1774 rss=599508072 live=3152182
	csg_mem tag=forest_parsed src=170 arena=62341184 rss=599508072 live=3152182
	csg_mem tag=forest src=171 bytes=251029 rss=542409760 live=3152180
	csg_mem tag=forest_parse_begin pass=0 src=171 reserve=0 rss=542458912 live=3152209
	csg_mem tag=forest_parse_end pass=0 src=171 arena=8745120 parse_ms=338 rss=634848288 live=3165105
	csg_mem tag=forest_parsed src=171 arena=8745120 rss=634848288 live=3165105
	csg_mem tag=forest src=172 bytes=16374 rss=626099232 live=3165103
	csg_mem tag=forest_parse_begin pass=0 src=172 reserve=0 rss=626115616 live=3165124
	csg_mem tag=forest_parse_end pass=0 src=172 arena=601984 parse_ms=21 rss=626770976 live=3166057
	csg_mem tag=forest_parsed src=172 arena=601984 rss=626770976 live=3166057
	csg_mem tag=forest src=173 bytes=25800 rss=626164768 live=3166044
	csg_mem tag=forest_parse_begin pass=0 src=173 reserve=0 rss=626197536 live=3166067
	csg_mem tag=forest_parse_end pass=0 src=173 arena=1098720 parse_ms=33 rss=627442720 live=3167261
	csg_mem tag=forest_parsed src=173 arena=1098720 rss=627442720 live=3167261
	csg_mem tag=forest src=174 bytes=148845 rss=626328608 live=3167249
	csg_mem tag=forest_parse_begin pass=0 src=174 reserve=0 rss=626590752 live=3167276
	csg_mem tag=forest_parse_end pass=0 src=174 arena=8091232 parse_ms=207 rss=637584416 live=3174586
	csg_mem tag=forest_parsed src=174 arena=8091232 rss=637584416 live=3174586
	csg_mem tag=forest src=175 bytes=67128 rss=629998624 live=3174582
	csg_mem tag=forest_parse_begin pass=0 src=175 reserve=0 rss=630178848 live=3174607
	csg_mem tag=forest_parse_end pass=0 src=175 arena=3947680 parse_ms=95 rss=635864096 live=3177957
	csg_mem tag=forest_parsed src=175 arena=3947680 rss=635864096 live=3177957
	csg_mem tag=forest src=176 bytes=78825 rss=631915552 live=3177945
	csg_mem tag=forest_parse_begin pass=0 src=176 reserve=0 rss=632112160 live=3177970
	csg_mem tag=forest_parse_end pass=0 src=176 arena=3980928 parse_ms=108 rss=636552224 live=3181807
	csg_mem tag=forest_parsed src=176 arena=3980928 rss=636552224 live=3181807
	csg_mem tag=forest src=177 bytes=21900 rss=632570912 live=3181798
	csg_mem tag=forest_parse_begin pass=0 src=177 reserve=0 rss=632603680 live=3181821
	csg_mem tag=forest_parse_end pass=0 src=177 arena=1123968 parse_ms=31 rss=633832480 live=3183012
	csg_mem tag=forest_parsed src=177 arena=1123968 rss=633832480 live=3183012
	csg_mem tag=forest src=178 bytes=23417 rss=632701984 live=3183000
	csg_mem tag=forest_parse_begin pass=0 src=178 reserve=0 rss=632751136 live=3183023
	csg_mem tag=forest_parse_end pass=0 src=178 arena=1161856 parse_ms=37 rss=634012704 live=3184629
	csg_mem tag=forest_parsed src=178 arena=1161856 rss=634012704 live=3184629
	csg_mem tag=forest src=179 bytes=22043 rss=632865824 live=3184617
	csg_mem tag=forest_parse_begin pass=0 src=179 reserve=0 rss=632898592 live=3184640
	csg_mem tag=forest_parse_end pass=0 src=179 arena=1141856 parse_ms=33 rss=634078240 live=3185921
	csg_mem tag=forest_parsed src=179 arena=1141856 rss=634078240 live=3185921
	csg_mem tag=forest src=180 bytes=47225 rss=632931360 live=3185908
	csg_mem tag=forest_parse_begin pass=0 src=180 reserve=0 rss=632996896 live=3185933
	csg_mem tag=forest_parse_end pass=0 src=180 arena=2339200 parse_ms=90 rss=635388960 live=3189180
	csg_mem tag=forest_parsed src=180 arena=2339200 rss=635388960 live=3189180
	csg_mem tag=forest src=181 bytes=30262 rss=633046048 live=3189169
	csg_mem tag=forest_parse_begin pass=0 src=181 reserve=0 rss=633078816 live=3189192
	csg_mem tag=forest_parse_end pass=0 src=181 arena=1158624 parse_ms=40 rss=634274848 live=3190983
	csg_mem tag=forest_parsed src=181 arena=1158624 rss=634274848 live=3190983
	csg_mem tag=forest src=182 bytes=48950 rss=633111584 live=3190974
	csg_mem tag=forest_parse_begin pass=0 src=182 reserve=0 rss=633144352 live=3190999
	csg_mem tag=forest_parse_end pass=0 src=182 arena=3265760 parse_ms=94 rss=636552224 live=3194313
	csg_mem tag=forest_parsed src=182 arena=3265760 rss=636552224 live=3194313
	csg_mem tag=forest src=183 bytes=1838 rss=633275424 live=3194303
	csg_mem tag=forest_parse_begin pass=0 src=183 reserve=0 rss=633275424 live=3194318
	csg_mem tag=forest_parse_end pass=0 src=183 arena=134464 parse_ms=4 rss=633472032 live=3194464
	csg_mem tag=forest_parsed src=183 arena=134464 rss=633472032 live=3194464
	csg_mem tag=forest src=184 bytes=77801 rss=633324576 live=3194450
	csg_mem tag=forest_parse_begin pass=0 src=184 reserve=0 rss=633439264 live=3194475
	csg_mem tag=forest_parse_end pass=0 src=184 arena=4007232 parse_ms=100 rss=637568032 live=3199198
	csg_mem tag=forest_parsed src=184 arena=4007232 rss=637568032 live=3199198
	csg_mem tag=forest src=185 bytes=48122 rss=633553952 live=3199192
	csg_mem tag=forest_parse_begin pass=0 src=185 reserve=0 rss=633685024 live=3199217
	csg_mem tag=forest_parse_end pass=0 src=185 arena=2178528 parse_ms=68 rss=635929632 live=3202371
	csg_mem tag=forest_parsed src=185 arena=2178528 rss=635929632 live=3202371
	csg_mem tag=forest src=186 bytes=184731 rss=633750560 live=3202360
	csg_mem tag=forest_parse_begin pass=0 src=186 reserve=0 rss=633848864 live=3202387
	csg_mem tag=forest_parse_end pass=0 src=186 arena=8187936 parse_ms=239 rss=642188320 live=3213103
	csg_mem tag=forest_parsed src=186 arena=8187936 rss=642188320 live=3213103
	csg_mem tag=forest src=187 bytes=149931 rss=633996320 live=3213102
	csg_mem tag=forest_parse_begin pass=0 src=187 reserve=0 rss=634061856 live=3213129
	csg_mem tag=forest_parse_end pass=0 src=187 arena=7709984 parse_ms=207 rss=641795104 live=3220375
	csg_mem tag=forest_parsed src=187 arena=7709984 rss=641795104 live=3220375
	csg_mem tag=forest src=188 bytes=57852 rss=634078240 live=3220368
	csg_mem tag=forest_parse_begin pass=0 src=188 reserve=0 rss=634094624 live=3220393
	csg_mem tag=forest_parse_end pass=0 src=188 arena=3874400 parse_ms=91 rss=637994016 live=3224109
	csg_mem tag=forest_parsed src=188 arena=3874400 rss=637994016 live=3224109
	csg_mem tag=forest src=189 bytes=34561 rss=634127392 live=3224098
	csg_mem tag=forest_parse_begin pass=0 src=189 reserve=0 rss=634127392 live=3224121
	csg_mem tag=forest_parse_end pass=0 src=189 arena=1181056 parse_ms=46 rss=635307040 live=3226018
	csg_mem tag=forest_parsed src=189 arena=1181056 rss=635307040 live=3226018
	csg_mem tag=forest src=190 bytes=10968 rss=634127392 live=3226006
	csg_mem tag=forest_parse_begin pass=0 src=190 reserve=0 rss=634127392 live=3226025
	csg_mem tag=forest_parse_end pass=0 src=190 arena=299616 parse_ms=10 rss=634438688 live=3226405
	csg_mem tag=forest_parsed src=190 arena=299616 rss=634438688 live=3226405
	csg_mem tag=forest src=191 bytes=8297 rss=634127392 live=3226391
	csg_mem tag=forest_parse_begin pass=0 src=191 reserve=0 rss=634127392 live=3226410
	csg_mem tag=forest_parse_end pass=0 src=191 arena=265824 parse_ms=8 rss=634405920 live=3226662
	csg_mem tag=forest_parsed src=191 arena=265824 rss=634405920 live=3226662
	csg_mem tag=forest src=192 bytes=15897 rss=634127392 live=3226648
	csg_mem tag=forest_parse_begin pass=0 src=192 reserve=0 rss=634127392 live=3226669
	csg_mem tag=forest_parse_end pass=0 src=192 arena=778688 parse_ms=26 rss=634913824 live=3227442
	csg_mem tag=forest_parsed src=192 arena=778688 rss=634913824 live=3227442
	csg_mem tag=forest src=193 bytes=4281 rss=634127392 live=3227432
	csg_mem tag=forest_parse_begin pass=0 src=193 reserve=0 rss=634127392 live=3227449
	csg_mem tag=forest_parse_end pass=0 src=193 arena=140192 parse_ms=5 rss=634291232 live=3227624
	csg_mem tag=forest_parsed src=193 arena=140192 rss=634307616 live=3227624
	csg_mem tag=forest src=194 bytes=16679 rss=634160160 live=3227612
	csg_mem tag=forest_parse_begin pass=0 src=194 reserve=0 rss=634160160 live=3227633
	csg_mem tag=forest_parse_end pass=0 src=194 arena=730336 parse_ms=23 rss=634897440 live=3228631
	csg_mem tag=forest_parsed src=194 arena=730336 rss=634897440 live=3228631
	csg_mem tag=forest src=195 bytes=22255 rss=634160160 live=3228617
	csg_mem tag=forest_parse_begin pass=0 src=195 reserve=0 rss=634160160 live=3228640
	csg_mem tag=forest_parse_end pass=0 src=195 arena=1077184 parse_ms=35 rss=635307040 live=3229863
	csg_mem tag=forest_parsed src=195 arena=1077184 rss=635307040 live=3229863
	csg_mem tag=forest src=196 bytes=11418 rss=634225696 live=3229851
	csg_mem tag=forest_parse_begin pass=0 src=196 reserve=0 rss=634225696 live=3229872
	csg_mem tag=forest_parse_end pass=0 src=196 arena=562144 parse_ms=18 rss=634799136 live=3230547
	csg_mem tag=forest_parsed src=196 arena=562144 rss=634799136 live=3230547
	csg_mem tag=forest src=197 bytes=55565 rss=634225696 live=3230534
	csg_mem tag=forest_parse_begin pass=0 src=197 reserve=0 rss=634291232 live=3230559
	csg_mem tag=forest_parse_end pass=0 src=197 arena=2286496 parse_ms=81 rss=636601376 live=3233523
	csg_mem tag=forest_parsed src=197 arena=2286496 rss=636601376 live=3233523
	csg_mem tag=forest src=198 bytes=12852 rss=634307616 live=3233512
	csg_mem tag=forest_parse_begin pass=0 src=198 reserve=0 rss=634307616 live=3233533
	csg_mem tag=forest_parse_end pass=0 src=198 arena=551392 parse_ms=18 rss=634881056 live=3234328
	csg_mem tag=forest_parsed src=198 arena=551392 rss=634881056 live=3234328
	csg_mem tag=forest src=199 bytes=16279 rss=634324000 live=3234314
	csg_mem tag=forest_parse_begin pass=0 src=199 reserve=0 rss=634324000 live=3234335
	csg_mem tag=forest_parse_end pass=0 src=199 arena=725472 parse_ms=22 rss=635077664 live=3235228
	csg_mem tag=forest_parsed src=199 arena=725472 rss=635077664 live=3235228
	csg_mem tag=forest src=200 bytes=13988 rss=634340384 live=3235215
	csg_mem tag=forest_parse_begin pass=0 src=200 reserve=0 rss=634373152 live=3235236
	csg_mem tag=forest_parse_end pass=0 src=200 arena=556256 parse_ms=20 rss=635110432 live=3236078
	csg_mem tag=forest_parsed src=200 arena=556256 rss=635110432 live=3236078
	csg_mem tag=forest src=201 bytes=16582 rss=634553376 live=3236064
	csg_mem tag=forest_parse_begin pass=0 src=201 reserve=0 rss=634553376 live=3236085
	csg_mem tag=forest_parse_end pass=0 src=201 arena=980576 parse_ms=22 rss=635733024 live=3236854
	csg_mem tag=forest_parsed src=201 arena=980576 rss=635733024 live=3236854
	csg_mem tag=forest src=202 bytes=13467 rss=634749984 live=3236841
	csg_mem tag=forest_parse_begin pass=0 src=202 reserve=0 rss=634749984 live=3236862
	csg_mem tag=forest_parse_end pass=0 src=202 arena=556256 parse_ms=18 rss=635470880 live=3237612
	csg_mem tag=forest_parsed src=202 arena=556256 rss=635470880 live=3237612
	csg_mem tag=forest src=203 bytes=9353 rss=634913824 live=3237598
	csg_mem tag=forest_parse_begin pass=0 src=203 reserve=0 rss=634930208 live=3237617
	csg_mem tag=forest_parse_end pass=0 src=203 arena=486272 parse_ms=13 rss=635454496 live=3238143
	csg_mem tag=forest_parsed src=203 arena=486272 rss=635454496 live=3238143
	csg_mem tag=forest src=204 bytes=1551 rss=634962976 live=3238129
	csg_mem tag=forest_parse_begin pass=0 src=204 reserve=0 rss=634962976 live=3238146
	csg_mem tag=forest_parse_end pass=0 src=204 arena=116288 parse_ms=3 rss=634979360 live=3238240
	csg_mem tag=forest_parsed src=204 arena=116288 rss=634979360 live=3238240
	csg_mem tag=forest src=205 bytes=5930 rss=634979360 live=3238227
	csg_mem tag=forest_parse_begin pass=0 src=205 reserve=0 rss=634979360 live=3238246
	csg_mem tag=forest_parse_end pass=0 src=205 arena=244416 parse_ms=9 rss=635225120 live=3238591
	csg_mem tag=forest_parsed src=205 arena=244416 rss=635225120 live=3238591
	csg_mem tag=forest src=206 bytes=7319 rss=634979360 live=3238578
	csg_mem tag=forest_parse_begin pass=0 src=206 reserve=0 rss=635028512 live=3238599
	csg_mem tag=forest_parse_end pass=0 src=206 arena=621280 parse_ms=19 rss=635683872 live=3239266
	csg_mem tag=forest_parsed src=206 arena=621280 rss=635683872 live=3239266
	csg_mem tag=forest src=207 bytes=14020 rss=635061280 live=3239254
	csg_mem tag=forest_parse_begin pass=0 src=207 reserve=0 rss=635061280 live=3239275
	csg_mem tag=forest_parse_end pass=0 src=207 arena=1135904 parse_ms=32 rss=636224544 live=3240407
	csg_mem tag=forest_parsed src=207 arena=1135904 rss=636224544 live=3240407
	csg_mem tag=forest src=208 bytes=13488 rss=635077664 live=3240398
	csg_mem tag=forest_parse_begin pass=0 src=208 reserve=0 rss=635094048 live=3240419
	csg_mem tag=forest_parse_end pass=0 src=208 arena=904928 parse_ms=30 rss=636027936 live=3241351
	csg_mem tag=forest_parsed src=208 arena=904928 rss=636027936 live=3241351
	csg_mem tag=forest src=209 bytes=20084 rss=635110432 live=3241337
	csg_mem tag=forest_parse_begin pass=0 src=209 reserve=0 rss=635143200 live=3241360
	csg_mem tag=forest_parse_end pass=0 src=209 arena=2075136 parse_ms=55 rss=637469728 live=3244133
	csg_mem tag=forest_parsed src=209 arena=2075136 rss=637469728 live=3244133
	csg_mem tag=forest src=210 bytes=1023 rss=635388960 live=3244123
	csg_mem tag=forest_parse_begin pass=0 src=210 reserve=0 rss=635388960 live=3244136
	csg_mem tag=forest_parse_end pass=0 src=210 arena=52704 parse_ms=2 rss=635388960 live=3244232
	csg_mem tag=forest_parsed src=210 arena=52704 rss=635388960 live=3244232
	csg_mem tag=forest src=211 bytes=5533 rss=635388960 live=3244218
	csg_mem tag=forest_parse_begin pass=0 src=211 reserve=0 rss=635388960 live=3244237
	csg_mem tag=forest_parse_end pass=0 src=211 arena=431616 parse_ms=12 rss=635864096 live=3244637
	csg_mem tag=forest_parsed src=211 arena=431616 rss=635864096 live=3244637
	csg_mem tag=forest src=212 bytes=33495 rss=635421728 live=3244624
	csg_mem tag=forest_parse_begin pass=0 src=212 reserve=0 rss=635438112 live=3244647
	csg_mem tag=forest_parse_end pass=0 src=212 arena=2308384 parse_ms=77 rss=637846560 live=3247459
	csg_mem tag=forest_parsed src=212 arena=2308384 rss=637846560 live=3247459
	csg_mem tag=forest src=213 bytes=13512 rss=635536416 live=3247447
	csg_mem tag=forest_parse_begin pass=0 src=213 reserve=0 rss=635569184 live=3247468
	csg_mem tag=forest_parse_end pass=0 src=213 arena=1011200 parse_ms=30 rss=636666912 live=3248624
	csg_mem tag=forest_parsed src=213 arena=1011200 rss=636666912 live=3248624
	csg_mem tag=forest src=214 bytes=6401 rss=635651104 live=3248610
	csg_mem tag=forest_parse_begin pass=0 src=214 reserve=0 rss=635667488 live=3248631
	csg_mem tag=forest_parse_end pass=0 src=214 arena=482464 parse_ms=14 rss=636191776 live=3249057
	csg_mem tag=forest_parsed src=214 arena=482464 rss=636191776 live=3249057
	csg_mem tag=forest src=215 bytes=50615 rss=635700256 live=3249044
	csg_mem tag=forest_parse_begin pass=0 src=215 reserve=0 rss=635765792 live=3249069
	csg_mem tag=forest_parse_end pass=0 src=215 arena=3387296 parse_ms=103 rss=639468576 live=3252842
	csg_mem tag=forest_parsed src=215 arena=3387296 rss=639468576 live=3252842
	csg_mem tag=forest src=216 bytes=1052 rss=636077088 live=3252838
	csg_mem tag=forest_parse_begin pass=0 src=216 reserve=0 rss=636077088 live=3252853
	csg_mem tag=forest_parse_end pass=0 src=216 arena=57632 parse_ms=2 rss=636109856 live=3252917
	csg_mem tag=forest_parsed src=216 arena=57632 rss=636109856 live=3252917
	csg_mem tag=forest src=217 bytes=42707 rss=636142624 live=3252904
	csg_mem tag=forest_parse_begin pass=0 src=217 reserve=0 rss=636191776 live=3252929
	csg_mem tag=forest_parse_end pass=0 src=217 arena=3378816 parse_ms=94 rss=639763488 live=3256029
	csg_mem tag=forest_parsed src=217 arena=3378816 rss=639763488 live=3256029
	csg_mem tag=forest src=218 bytes=961 rss=636372000 live=3256022
	csg_mem tag=forest_parse_begin pass=0 src=218 reserve=0 rss=636372000 live=3256037
	csg_mem tag=forest_parse_end pass=0 src=218 arena=48704 parse_ms=1 rss=636388384 live=3256084
	csg_mem tag=forest_parsed src=218 arena=48704 rss=636388384 live=3256084
	csg_mem tag=forest src=219 bytes=142651 rss=636388384 live=3256072
	csg_mem tag=forest_parse_begin pass=0 src=219 reserve=0 rss=636519456 live=3256101
	csg_mem tag=forest_parse_end pass=0 src=219 arena=7740960 parse_ms=254 rss=644400160 live=3266547
	csg_mem tag=forest_parsed src=219 arena=7740960 rss=644400160 live=3266547
	csg_mem tag=forest src=220 bytes=37592 rss=636699680 live=3266562
	csg_mem tag=forest_parse_begin pass=0 src=220 reserve=0 rss=636699680 live=3266585
	csg_mem tag=forest_parse_end pass=0 src=220 arena=1904480 parse_ms=60 rss=638682144 live=3268610
	csg_mem tag=forest_parsed src=220 arena=1904480 rss=638682144 live=3268610
	csg_mem tag=forest src=221 bytes=4151 rss=636765216 live=3268596
	csg_mem tag=forest_parse_begin pass=0 src=221 reserve=0 rss=636765216 live=3268615
	csg_mem tag=forest_parse_end pass=0 src=221 arena=322112 parse_ms=12 rss=637109280 live=3269025
	csg_mem tag=forest_parsed src=221 arena=322112 rss=637109280 live=3269025
	csg_mem tag=forest src=222 bytes=7309 rss=636781600 live=3269012
	csg_mem tag=forest_parse_begin pass=0 src=222 reserve=0 rss=636781600 live=3269033
	csg_mem tag=forest_parse_end pass=0 src=222 arena=582336 parse_ms=17 rss=637387808 live=3269635
	csg_mem tag=forest_parsed src=222 arena=582336 rss=637387808 live=3269635
	csg_mem tag=forest src=223 bytes=10874 rss=636797984 live=3269621
	csg_mem tag=forest_parse_begin pass=0 src=223 reserve=0 rss=636814368 live=3269642
	csg_mem tag=forest_parse_end pass=0 src=223 arena=844128 parse_ms=23 rss=637715488 live=3270543
	csg_mem tag=forest_parsed src=223 arena=844128 rss=637715488 live=3270543
	csg_mem tag=forest src=224 bytes=2184 rss=636863520 live=3270532
	csg_mem tag=forest_parse_begin pass=0 src=224 reserve=0 rss=636863520 live=3270549
	csg_mem tag=forest_parse_end pass=0 src=224 arena=199136 parse_ms=5 rss=637158432 live=3270677
	csg_mem tag=forest_parsed src=224 arena=199136 rss=637158432 live=3270677
	csg_mem tag=forest src=225 bytes=2730 rss=636945440 live=3270663
	csg_mem tag=forest_parse_begin pass=0 src=225 reserve=0 rss=636945440 live=3270680
	csg_mem tag=forest_parse_end pass=0 src=225 arena=220992 parse_ms=6 rss=637322272 live=3270845
	csg_mem tag=forest_parsed src=225 arena=220992 rss=637322272 live=3270845
	csg_mem tag=forest src=226 bytes=13214 rss=637109280 live=3270833
	csg_mem tag=forest_parse_begin pass=0 src=226 reserve=0 rss=637109280 live=3270854
	csg_mem tag=forest_parse_end pass=0 src=226 arena=956544 parse_ms=29 rss=638125088 live=3271864
	csg_mem tag=forest_parsed src=226 arena=956544 rss=638125088 live=3271864
	csg_mem tag=forest src=227 bytes=170 rss=637158432 live=3271852
	csg_mem tag=forest_parse_begin pass=0 src=227 reserve=0 rss=637158432 live=3271863
	csg_mem tag=forest_parse_end pass=0 src=227 arena=10176 parse_ms=0 rss=637158432 live=3271884
	csg_mem tag=forest_parsed src=227 arena=10176 rss=637158432 live=3271884
	csg_mem tag=forest src=228 bytes=13660 rss=637174816 live=3271870
	csg_mem tag=forest_parse_begin pass=0 src=228 reserve=0 rss=637207584 live=3271893
	csg_mem tag=forest_parse_end pass=0 src=228 arena=1243744 parse_ms=37 rss=638649376 live=3272958
	csg_mem tag=forest_parsed src=228 arena=1243744 rss=638649376 live=3272958
	csg_mem tag=forest src=229 bytes=13065 rss=637404192 live=3272944
	csg_mem tag=forest_parse_begin pass=0 src=229 reserve=0 rss=637404192 live=3272965
	csg_mem tag=forest_parse_end pass=0 src=229 arena=1160288 parse_ms=34 rss=638780448 live=3274061
	csg_mem tag=forest_parsed src=229 arena=1160288 rss=638780448 live=3274061
	csg_mem tag=forest src=230 bytes=103363 rss=637617184 live=3274048
	csg_mem tag=forest_parse_begin pass=0 src=230 reserve=0 rss=637649952 live=3274075
	csg_mem tag=forest_parse_end pass=0 src=230 arena=5081696 parse_ms=173 rss=642909216 live=3282301
	csg_mem tag=forest_parsed src=230 arena=5081696 rss=642909216 live=3282301
	csg_mem tag=forest src=231 bytes=5655 rss=637846560 live=3282312
	csg_mem tag=forest_parse_begin pass=0 src=231 reserve=0 rss=637846560 live=3282331
	csg_mem tag=forest_parse_end pass=0 src=231 arena=473504 parse_ms=16 rss=638338080 live=3282946
	csg_mem tag=forest_parsed src=231 arena=473504 rss=638338080 live=3282946
	csg_mem tag=forest src=232 bytes=8447 rss=637862944 live=3282934
	csg_mem tag=forest_parse_begin pass=0 src=232 reserve=0 rss=637879328 live=3282955
	csg_mem tag=forest_parse_end pass=0 src=232 arena=448320 parse_ms=14 rss=638338080 live=3283422
	csg_mem tag=forest_parsed src=232 arena=448320 rss=638338080 live=3283422
	csg_mem tag=forest src=233 bytes=2526 rss=637879328 live=3283413
	csg_mem tag=forest_parse_begin pass=0 src=233 reserve=0 rss=637879328 live=3283430
	csg_mem tag=forest_parse_end pass=0 src=233 arena=117280 parse_ms=3 rss=637879328 live=3283501
	csg_mem tag=forest_parsed src=233 arena=117280 rss=637879328 live=3283501
	csg_mem tag=ta_limits tokens=3631950 type_syntax=158351 type_syntax_children=58789 enum_variants=975 declaration_symbols=1315 functions=17460 bracket_args=1277 generic_symbols=111 generic_symbol_children=0 column_rows=17859527 column_bytes=71438108 rss=637912096 live=3283486
	csg_mem tag=forest_build_done rss=637912096 live=3283486
	csg_mem tag=decl_index entries=1315 sources=234 type_syntax=158351 declarations=156076 verified=0 rss=637912096 live=3283486
	csg_mem tag=ta_limits tokens=3631950 type_syntax=158351 type_syntax_children=58789 enum_variants=975 declaration_symbols=1315 functions=17460 bracket_args=1277 generic_symbols=111 generic_symbol_children=0 column_rows=17859527 column_bytes=71438108 rss=637912096 live=3283537
	csg_mem tag=p1_arena_reserved rss=678085712 live=3283829
	csg_mem tag=p1_ctx_index_built rss=714949760 live=3597347
	csg_mem tag=forest src=0 bytes=7371 rss=714949760 live=3597349
	csg_mem tag=forest_parse_begin pass=1 src=0 reserve=332992 rss=714949760 live=3597375
	csg_mem tag=forest_appended src=0 forest_arena=86204808 rss=721421464 live=3598890
	csg_mem tag=ta_stream src=0 arena=86204808 rss=721421464 live=3598890
	csg_mem tag=forest src=1 bytes=9952 rss=721421464 live=3598884
	csg_mem tag=forest_parse_begin pass=1 src=1 reserve=590400 rss=721421464 live=3598912
	csg_mem tag=forest_appended src=1 forest_arena=86209928 rss=739247256 live=3601351
	csg_mem tag=ta_stream src=1 arena=86209928 rss=739247256 live=3601351
	csg_mem tag=forest src=2 bytes=817253 rss=739247256 live=3601345
	csg_mem tag=forest_parse_begin pass=1 src=2 reserve=33687488 rss=743064728 live=3601385
	csg_mem tag=forest_appended src=2 forest_arena=86347240 rss=812188896 live=3663598
	csg_mem tag=ta_stream src=2 arena=86347240 rss=812188896 live=3663598
	csg_mem tag=forest src=3 bytes=94454 rss=812188896 live=3663592
	csg_mem tag=forest_parse_begin pass=1 src=3 reserve=2989344 rss=812418272 live=3663624
	csg_mem tag=forest_appended src=3 forest_arena=86347240 rss=815711456 live=3670750
	csg_mem tag=ta_stream src=3 arena=86347240 rss=815711456 live=3670750
	csg_mem tag=forest src=4 bytes=59923 rss=815711456 live=3670744
	csg_mem tag=forest_parse_begin pass=1 src=4 reserve=2154880 rss=815940832 live=3670776
	csg_mem tag=forest_appended src=4 forest_arena=86347240 rss=816710880 live=3674043
	csg_mem tag=ta_stream src=4 arena=86347240 rss=816710880 live=3674043
	csg_mem tag=forest src=5 bytes=136411 rss=816710880 live=3674037
	csg_mem tag=forest_parse_begin pass=1 src=5 reserve=4724416 rss=817104096 live=3674071
	csg_mem tag=forest_appended src=5 forest_arena=86347240 rss=821413088 live=3686051
	csg_mem tag=ta_stream src=5 arena=86347240 rss=821413088 live=3686051
	csg_mem tag=forest src=6 bytes=164754 rss=821413088 live=3686045
	csg_mem tag=forest_parse_begin pass=1 src=6 reserve=7853632 rss=821855456 live=3686079
	csg_mem tag=forest_appended src=6 forest_arena=86363624 rss=823772384 live=3697646
	csg_mem tag=ta_stream src=6 arena=86363624 rss=823772384 live=3697646
	csg_mem tag=forest src=7 bytes=126542 rss=823772384 live=3697640
	csg_mem tag=forest_parse_begin pass=1 src=7 reserve=4609888 rss=823952608 live=3697674
	csg_mem tag=forest_appended src=7 forest_arena=86363624 rss=828409056 live=3708614
	csg_mem tag=ta_stream src=7 arena=86363624 rss=828409056 live=3708614
	csg_mem tag=forest src=8 bytes=108814 rss=828409056 live=3708608
	csg_mem tag=forest_parse_begin pass=1 src=8 reserve=4430240 rss=828507360 live=3708642
	csg_mem tag=forest_appended src=8 forest_arena=86363624 rss=833570016 live=3718626
	csg_mem tag=ta_stream src=8 arena=86363624 rss=833570016 live=3718626
	csg_mem tag=forest src=9 bytes=97046 rss=833570016 live=3718620
	csg_mem tag=forest_parse_begin pass=1 src=9 reserve=4022880 rss=833570016 live=3718652
	csg_mem tag=forest_appended src=9 forest_arena=86363624 rss=834110688 live=3724754
	csg_mem tag=ta_stream src=9 arena=86363624 rss=834110688 live=3724754
	csg_mem tag=forest src=10 bytes=263042 rss=834110688 live=3724748
	csg_mem tag=forest_parse_begin pass=1 src=10 reserve=9374496 rss=834421984 live=3724784
	csg_mem tag=forest_appended src=10 forest_arena=86495656 rss=899564840 live=3748834
	csg_mem tag=ta_stream src=10 arena=86495656 rss=899564840 live=3748834
	csg_mem tag=forest src=11 bytes=30477 rss=899564840 live=3748828
	csg_mem tag=forest_parse_begin pass=1 src=11 reserve=2329120 rss=899646760 live=3748858
	csg_mem tag=forest_appended src=11 forest_arena=86495656 rss=900351272 live=3755821
	csg_mem tag=ta_stream src=11 arena=86495656 rss=900351272 live=3755821
	csg_mem tag=forest src=12 bytes=17051 rss=900351272 live=3755815
	csg_mem tag=forest_parse_begin pass=1 src=12 reserve=844704 rss=900384040 live=3755843
	csg_mem tag=forest_appended src=12 forest_arena=86495656 rss=900433192 live=3757123
	csg_mem tag=ta_stream src=12 arena=86495656 rss=900433192 live=3757123
	csg_mem tag=forest src=13 bytes=11252 rss=900433192 live=3757117
	csg_mem tag=forest_parse_begin pass=1 src=13 reserve=640256 rss=900433192 live=3757143
	csg_mem tag=forest_appended src=13 forest_arena=86495656 rss=901154088 live=3760014
	csg_mem tag=ta_stream src=13 arena=86495656 rss=901154088 live=3760014
	csg_mem tag=forest src=14 bytes=520230 rss=901154088 live=3760008
	csg_mem tag=forest_parse_begin pass=1 src=14 reserve=42706688 rss=901907752 live=3760046
	csg_mem tag=forest_appended src=14 forest_arena=86495656 rss=904791336 live=3800834
	csg_mem tag=ta_stream src=14 arena=86495656 rss=904791336 live=3800834
	csg_mem tag=forest src=15 bytes=1170 rss=904807720 live=3800828
	csg_mem tag=forest_parse_begin pass=1 src=15 reserve=86080 rss=904807720 live=3800848
	csg_mem tag=forest_appended src=15 forest_arena=86495656 rss=904824104 live=3800953
	csg_mem tag=ta_stream src=15 arena=86495656 rss=904824104 live=3800953
	csg_mem tag=forest src=16 bytes=99478 rss=904824104 live=3800947
	csg_mem tag=forest_parse_begin pass=1 src=16 reserve=3501280 rss=904856872 live=3800979
	csg_mem tag=forest_appended src=16 forest_arena=86495656 rss=949290280 live=3815909
	csg_mem tag=ta_stream src=16 arena=86495656 rss=949290280 live=3815909
	csg_mem tag=forest src=17 bytes=1232 rss=949290280 live=3815903
	csg_mem tag=forest_parse_begin pass=1 src=17 reserve=74944 rss=949290280 live=3815923
	csg_mem tag=forest_appended src=17 forest_arena=86495656 rss=949339432 live=3815985
	csg_mem tag=ta_stream src=17 arena=86495656 rss=949339432 live=3815985
	csg_mem tag=forest src=18 bytes=1854 rss=949339432 live=3815979
	csg_mem tag=forest_parse_begin pass=1 src=18 reserve=77312 rss=949339432 live=3815999
	csg_mem tag=forest_appended src=18 forest_arena=86495656 rss=949355816 live=3816103
	csg_mem tag=ta_stream src=18 arena=86495656 rss=949355816 live=3816103
	csg_mem tag=forest src=19 bytes=3277 rss=949355816 live=3816097
	csg_mem tag=forest_parse_begin pass=1 src=19 reserve=148384 rss=949355816 live=3816119
	csg_mem tag=forest_appended src=19 forest_arena=86495656 rss=949634344 live=3816429
	csg_mem tag=ta_stream src=19 arena=86495656 rss=949634344 live=3816429
	csg_mem tag=forest src=20 bytes=7479 rss=949634344 live=3816423
	csg_mem tag=forest_parse_begin pass=1 src=20 reserve=347776 rss=949650728 live=3816449
	csg_mem tag=forest_appended src=20 forest_arena=86495656 rss=950027560 live=3817237
	csg_mem tag=ta_stream src=20 arena=86495656 rss=950027560 live=3817237
	csg_mem tag=forest src=21 bytes=3268 rss=950027560 live=3817231
	csg_mem tag=forest_parse_begin pass=1 src=21 reserve=149952 rss=950027560 live=3817255
	csg_mem tag=forest_appended src=21 forest_arena=86495656 rss=950224168 live=3817702
	csg_mem tag=ta_stream src=21 arena=86495656 rss=950224168 live=3817702
	csg_mem tag=forest src=22 bytes=89269 rss=950224168 live=3817696
	csg_mem tag=forest_parse_begin pass=1 src=22 reserve=4730080 rss=950388008 live=3817730
	csg_mem tag=forest_appended src=22 forest_arena=86528424 rss=980649280 live=3829718
	csg_mem tag=ta_stream src=22 arena=86528424 rss=980649280 live=3829718
	csg_mem tag=forest src=23 bytes=25398 rss=980649280 live=3829712
	csg_mem tag=forest_parse_begin pass=1 src=23 reserve=2084096 rss=980649280 live=3829742
	csg_mem tag=forest_appended src=23 forest_arena=86528424 rss=981452096 live=3834041
	csg_mem tag=ta_stream src=23 arena=86528424 rss=981452096 live=3834041
	csg_mem tag=forest src=24 bytes=36083 rss=981452096 live=3834035
	csg_mem tag=forest_parse_begin pass=1 src=24 reserve=1605088 rss=981484864 live=3834065
	csg_mem tag=forest_appended src=24 forest_arena=86528424 rss=986744128 live=3838547
	csg_mem tag=ta_stream src=24 arena=86528424 rss=986744128 live=3838547
	csg_mem tag=forest src=25 bytes=29310 rss=986744128 live=3838541
	csg_mem tag=forest_parse_begin pass=1 src=25 reserve=1202464 rss=986809664 live=3838571
	csg_mem tag=forest_appended src=25 forest_arena=86528424 rss=987170112 live=3840630
	csg_mem tag=ta_stream src=25 arena=86528424 rss=987170112 live=3840630
	csg_mem tag=forest src=26 bytes=21459 rss=987170112 live=3840624
	csg_mem tag=forest_parse_begin pass=1 src=26 reserve=1165504 rss=987186496 live=3840652
	csg_mem tag=forest_appended src=26 forest_arena=86528424 rss=987792704 live=3842644
	csg_mem tag=ta_stream src=26 arena=86528424 rss=987792704 live=3842644
	csg_mem tag=forest src=27 bytes=1082 rss=987792704 live=3842638
	csg_mem tag=forest_parse_begin pass=1 src=27 reserve=130112 rss=987792704 live=3842658
	csg_mem tag=forest_appended src=27 forest_arena=86528424 rss=988333376 live=3842796
	csg_mem tag=ta_stream src=27 arena=86528424 rss=988349760 live=3842796
	csg_mem tag=forest src=28 bytes=5750 rss=988349760 live=3842790
	csg_mem tag=forest_parse_begin pass=1 src=28 reserve=325856 rss=988382528 live=3842816
	csg_mem tag=forest_appended src=28 forest_arena=86528424 rss=988792128 live=3843497
	csg_mem tag=ta_stream src=28 arena=86528424 rss=988792128 live=3843497
	csg_mem tag=forest src=29 bytes=59609 rss=988792128 live=3843491
	csg_mem tag=forest_parse_begin pass=1 src=29 reserve=3300512 rss=988972352 live=3843523
	csg_mem tag=forest_appended src=29 forest_arena=86528424 rss=998868312 live=3849153
	csg_mem tag=ta_stream src=29 arena=86528424 rss=998868312 live=3849153
	csg_mem tag=forest src=30 bytes=50794 rss=998868312 live=3849147
	csg_mem tag=forest_parse_begin pass=1 src=30 reserve=2303808 rss=998999384 live=3849179
	csg_mem tag=forest_appended src=30 forest_arena=86528424 rss=1010287960 live=3854712
	csg_mem tag=ta_stream src=30 arena=86528424 rss=1010287960 live=3854712
	csg_mem tag=forest src=31 bytes=52710 rss=1010287960 live=3854706
	csg_mem tag=forest_parse_begin pass=1 src=31 reserve=2312960 rss=1010435416 live=3854738
	csg_mem tag=forest_appended src=31 forest_arena=86528424 rss=1015678296 live=3859229
	csg_mem tag=ta_stream src=31 arena=86528424 rss=1015678296 live=3859229
	csg_mem tag=forest src=32 bytes=2252 rss=1015678296 live=3859223
	csg_mem tag=forest_parse_begin pass=1 src=32 reserve=161120 rss=1015678296 live=3859245
	csg_mem tag=forest_appended src=32 forest_arena=86528424 rss=1018004824 live=3859594
	csg_mem tag=ta_stream src=32 arena=86528424 rss=1018004824 live=3859594
	csg_mem tag=forest src=33 bytes=48367 rss=1018004824 live=3859588
	csg_mem tag=forest_parse_begin pass=1 src=33 reserve=2049152 rss=1018037592 live=3859618
	csg_mem tag=forest_appended src=33 forest_arena=86528424 rss=1024640344 live=3864102
	csg_mem tag=ta_stream src=33 arena=86528424 rss=1024656728 live=3864102
	csg_mem tag=forest src=34 bytes=16779 rss=1024656728 live=3864096
	csg_mem tag=forest_parse_begin pass=1 src=34 reserve=1136064 rss=1024673112 live=3864124
	csg_mem tag=forest_appended src=34 forest_arena=86528424 rss=1029244248 live=3866186
	csg_mem tag=ta_stream src=34 arena=86528424 rss=1029244248 live=3866186
	csg_mem tag=forest src=35 bytes=241090 rss=1029244248 live=3866180
	csg_mem tag=forest_parse_begin pass=1 src=35 reserve=9308256 rss=1029670232 live=3866216
	csg_mem tag=forest_appended src=35 forest_arena=86790568 rss=1033962864 live=3886447
	csg_mem tag=ta_stream src=35 arena=86790568 rss=1033962864 live=3886447
	csg_mem tag=forest src=36 bytes=21751 rss=1033962864 live=3886441
	csg_mem tag=forest_parse_begin pass=1 src=36 reserve=1196704 rss=1033979248 live=3886471
	csg_mem tag=forest_appended src=36 forest_arena=86790568 rss=1039779184 live=3888664
	csg_mem tag=ta_stream src=36 arena=86790568 rss=1039779184 live=3888664
	csg_mem tag=forest src=37 bytes=91449 rss=1039779184 live=3888658
	csg_mem tag=forest_parse_begin pass=1 src=37 reserve=8008672 rss=1039943024 live=3888692
	csg_mem tag=forest_appended src=37 forest_arena=86790568 rss=1052394888 live=3901473
	csg_mem tag=ta_stream src=37 arena=86790568 rss=1052394888 live=3901473
	csg_mem tag=forest src=38 bytes=22555 rss=1052394888 live=3901467
	csg_mem tag=forest_parse_begin pass=1 src=38 reserve=1245440 rss=1052394888 live=3901497
	csg_mem tag=forest_appended src=38 forest_arena=86790568 rss=1052755336 live=3905647
	csg_mem tag=ta_stream src=38 arena=86790568 rss=1052755336 live=3905647
	csg_mem tag=forest src=39 bytes=16869 rss=1052755336 live=3905641
	csg_mem tag=forest_parse_begin pass=1 src=39 reserve=1177632 rss=1052771720 live=3905669
	csg_mem tag=forest_appended src=39 forest_arena=86790568 rss=1053214088 live=3908847
	csg_mem tag=ta_stream src=39 arena=86790568 rss=1053214088 live=3908847
	csg_mem tag=forest src=40 bytes=42339 rss=1053214088 live=3908841
	csg_mem tag=forest_parse_begin pass=1 src=40 reserve=3180768 rss=1053230472 live=3908871
	csg_mem tag=forest_appended src=40 forest_arena=86790568 rss=1064912264 live=3916535
	csg_mem tag=ta_stream src=40 arena=86790568 rss=1064912264 live=3916535
	csg_mem tag=forest src=41 bytes=16263 rss=1064912264 live=3916529
	csg_mem tag=forest_parse_begin pass=1 src=41 reserve=1110304 rss=1064912264 live=3916557
	csg_mem tag=forest_appended src=41 forest_arena=86790568 rss=1065158024 live=3919563
	csg_mem tag=ta_stream src=41 arena=86790568 rss=1065158024 live=3919563
	csg_mem tag=forest src=42 bytes=14980 rss=1065158024 live=3919557
	csg_mem tag=forest_parse_begin pass=1 src=42 reserve=1110176 rss=1065174408 live=3919585
	csg_mem tag=forest_appended src=42 forest_arena=86790568 rss=1065272712 live=3922496
	csg_mem tag=ta_stream src=42 arena=86790568 rss=1065272712 live=3922496
	csg_mem tag=forest src=43 bytes=1470 rss=1065272712 live=3922490
	csg_mem tag=forest_parse_begin pass=1 src=43 reserve=133856 rss=1065272712 live=3922512
	csg_mem tag=forest_appended src=43 forest_arena=86790568 rss=1069761928 live=3922873
	csg_mem tag=ta_stream src=43 arena=86790568 rss=1069761928 live=3922873
	csg_mem tag=forest src=44 bytes=45177 rss=1069761928 live=3922867
	csg_mem tag=forest_parse_begin pass=1 src=44 reserve=2249056 rss=1069794696 live=3922899
	csg_mem tag=forest_appended src=44 forest_arena=86790568 rss=1072448904 live=3927335
	csg_mem tag=ta_stream src=44 arena=86790568 rss=1072448904 live=3927335
	csg_mem tag=forest src=45 bytes=3258 rss=1072448904 live=3927329
	csg_mem tag=forest_parse_begin pass=1 src=45 reserve=270816 rss=1072448904 live=3927353
	csg_mem tag=forest_appended src=45 forest_arena=86790568 rss=1072547208 live=3927799
	csg_mem tag=ta_stream src=45 arena=86790568 rss=1072547208 live=3927799
	csg_mem tag=forest src=46 bytes=1452 rss=1072547208 live=3927793
	csg_mem tag=forest_parse_begin pass=1 src=46 reserve=107872 rss=1072563592 live=3927815
	csg_mem tag=forest_appended src=46 forest_arena=86790568 rss=1073038728 live=3927990
	csg_mem tag=ta_stream src=46 arena=86790568 rss=1073038728 live=3927990
	csg_mem tag=forest src=47 bytes=1498710 rss=1073038728 live=3927984
	csg_mem tag=forest_parse_begin pass=1 src=47 reserve=63084928 rss=1076217248 live=3928024
	csg_mem tag=forest_appended src=47 forest_arena=86856104 rss=1159546320 live=4034757
	csg_mem tag=ta_stream src=47 arena=86856104 rss=1159546320 live=4034757
	csg_mem tag=forest src=48 bytes=15407 rss=1159546320 live=4034751
	csg_mem tag=forest_parse_begin pass=1 src=48 reserve=1044512 rss=1159546320 live=4034779
	csg_mem tag=forest_appended src=48 forest_arena=86856104 rss=1164608976 live=4036329
	csg_mem tag=ta_stream src=48 arena=86856104 rss=1164608976 live=4036329
	csg_mem tag=forest src=49 bytes=36412 rss=1164608976 live=4036323
	csg_mem tag=forest_parse_begin pass=1 src=49 reserve=2292480 rss=1164690896 live=4036353
	csg_mem tag=forest_appended src=49 forest_arena=86856104 rss=1165067728 live=4041539
	csg_mem tag=ta_stream src=49 arena=86856104 rss=1165067728 live=4041539
	csg_mem tag=forest src=50 bytes=212055 rss=1165067728 live=4041533
	csg_mem tag=forest_parse_begin pass=1 src=50 reserve=9256128 rss=1165280720 live=4041567
	csg_mem tag=forest_appended src=50 forest_arena=86856104 rss=1186039272 live=4062676
	csg_mem tag=ta_stream src=50 arena=86856104 rss=1186039272 live=4062676
	csg_mem tag=forest src=51 bytes=714 rss=1186039272 live=4062670
	csg_mem tag=forest_parse_begin pass=1 src=51 reserve=103104 rss=1186039272 live=4062690
	csg_mem tag=forest_appended src=51 forest_arena=86856104 rss=1186547176 live=4062792
	csg_mem tag=ta_stream src=51 arena=86856104 rss=1186547176 live=4062792
	csg_mem tag=forest src=52 bytes=15736 rss=1186547176 live=4062786
	csg_mem tag=forest_parse_begin pass=1 src=52 reserve=631392 rss=1186563560 live=4062814
	csg_mem tag=forest_appended src=52 forest_arena=86856104 rss=1187055080 live=4064045
	csg_mem tag=ta_stream src=52 arena=86856104 rss=1187055080 live=4064045
	csg_mem tag=forest src=53 bytes=15907 rss=1187055080 live=4064039
	csg_mem tag=forest_parse_begin pass=1 src=53 reserve=813696 rss=1187071464 live=4064067
	csg_mem tag=forest_appended src=53 forest_arena=86856104 rss=1191347688 live=4065882
	csg_mem tag=ta_stream src=53 arena=86856104 rss=1191347688 live=4065882
	csg_mem tag=forest src=54 bytes=18039 rss=1191347688 live=4065876
	csg_mem tag=forest_parse_begin pass=1 src=54 reserve=1037600 rss=1191347688 live=4065904
	csg_mem tag=forest_appended src=54 forest_arena=86856104 rss=1196295656 live=4067430
	csg_mem tag=ta_stream src=54 arena=86856104 rss=1196295656 live=4067430
	csg_mem tag=forest src=55 bytes=7239 rss=1196295656 live=4067424
	csg_mem tag=forest_parse_begin pass=1 src=55 reserve=628384 rss=1196295656 live=4067450
	csg_mem tag=forest_appended src=55 forest_arena=86856104 rss=1198982632 live=4068662
	csg_mem tag=ta_stream src=55 arena=86856104 rss=1198982632 live=4068662
	csg_mem tag=forest src=56 bytes=11717 rss=1198982632 live=4068656
	csg_mem tag=forest_parse_begin pass=1 src=56 reserve=606176 rss=1198999016 live=4068684
	csg_mem tag=forest_appended src=56 forest_arena=86856104 rss=1203914216 live=4070087
	csg_mem tag=ta_stream src=56 arena=86856104 rss=1203914216 live=4070087
	csg_mem tag=forest src=57 bytes=2498 rss=1203914216 live=4070081
	csg_mem tag=forest_parse_begin pass=1 src=57 reserve=173568 rss=1203914216 live=4070105
	csg_mem tag=forest_appended src=57 forest_arena=86856104 rss=1208911336 live=4070556
	csg_mem tag=ta_stream src=57 arena=86856104 rss=1208911336 live=4070556
	csg_mem tag=forest src=58 bytes=9947 rss=1208911336 live=4070550
	csg_mem tag=forest_parse_begin pass=1 src=58 reserve=628064 rss=1208927720 live=4070578
	csg_mem tag=forest_appended src=58 forest_arena=86856104 rss=1213859304 live=4071816
	csg_mem tag=ta_stream src=58 arena=86856104 rss=1213875688 live=4071816
	csg_mem tag=forest src=59 bytes=59910 rss=1213875688 live=4071810
	csg_mem tag=forest_parse_begin pass=1 src=59 reserve=2395456 rss=1214006760 live=4071842
	csg_mem tag=forest_appended src=59 forest_arena=86856104 rss=1228080616 live=4077683
	csg_mem tag=ta_stream src=59 arena=86856104 rss=1228080616 live=4077683
	csg_mem tag=forest src=60 bytes=4463 rss=1228080616 live=4077677
	csg_mem tag=forest_parse_begin pass=1 src=60 reserve=311968 rss=1228097000 live=4077701
	csg_mem tag=forest_appended src=60 forest_arena=86856104 rss=1228539368 live=4078275
	csg_mem tag=ta_stream src=60 arena=86856104 rss=1228539368 live=4078275
	csg_mem tag=forest src=61 bytes=4513921 rss=1228539368 live=4078269
	csg_mem tag=forest_parse_begin pass=1 src=61 reserve=140326336 rss=1239795176 live=4078313
	csg_mem tag=forest_appended src=61 forest_arena=87380392 rss=1289700912 live=4354164
	csg_mem tag=ta_stream src=61 arena=87380392 rss=1289700912 live=4354164
	csg_mem tag=forest src=62 bytes=214132 rss=1287407152 live=4354158
	csg_mem tag=forest_parse_begin pass=1 src=62 reserve=9212704 rss=1287423536 live=4354194
	csg_mem tag=forest_appended src=62 forest_arena=87380392 rss=1296451144 live=4373577
	csg_mem tag=ta_stream src=62 arena=87380392 rss=1296467528 live=4373577
	csg_mem tag=forest src=63 bytes=146632 rss=1296467528 live=4373571
	csg_mem tag=forest_parse_begin pass=1 src=63 reserve=7960864 rss=1296631368 live=4373605
	csg_mem tag=forest_appended src=63 forest_arena=87380392 rss=1317733960 live=4387242
	csg_mem tag=ta_stream src=63 arena=87380392 rss=1317733960 live=4387242
	csg_mem tag=forest src=64 bytes=60278 rss=1317733960 live=4387236
	csg_mem tag=forest_parse_begin pass=1 src=64 reserve=2303296 rss=1317799496 live=4387268
	csg_mem tag=forest_appended src=64 forest_arena=87380392 rss=1325237832 live=4392291
	csg_mem tag=ta_stream src=64 arena=87380392 rss=1325237832 live=4392291
	csg_mem tag=forest src=65 bytes=26513 rss=1325237832 live=4392285
	csg_mem tag=forest_parse_begin pass=1 src=65 reserve=1995360 rss=1325270600 live=4392315
	csg_mem tag=forest_appended src=65 forest_arena=87380392 rss=1330251336 live=4395659
	csg_mem tag=ta_stream src=65 arena=87380392 rss=1330251336 live=4395659
	csg_mem tag=forest src=66 bytes=115864 rss=1330251336 live=4395653
	csg_mem tag=forest_parse_begin pass=1 src=66 reserve=7930400 rss=1330529864 live=4395687
	csg_mem tag=forest_appended src=66 forest_arena=87511464 rss=1341245024 live=4408925
	csg_mem tag=ta_stream src=66 arena=87511464 rss=1341245024 live=4408925
	csg_mem tag=forest src=67 bytes=342860 rss=1341245024 live=4408919
	csg_mem tag=forest_parse_begin pass=1 src=67 reserve=15800960 rss=1341998688 live=4408955
	csg_mem tag=forest_appended src=67 forest_arena=87511464 rss=1385432696 live=4443732
	csg_mem tag=ta_stream src=67 arena=87511464 rss=1385432696 live=4443732
	csg_mem tag=forest src=68 bytes=93793 rss=1385432696 live=4443726
	csg_mem tag=forest_parse_begin pass=1 src=68 reserve=4565024 rss=1385629304 live=4443760
	csg_mem tag=forest_appended src=68 forest_arena=87511464 rss=1390200440 live=4453083
	csg_mem tag=ta_stream src=68 arena=87511464 rss=1390200440 live=4453083
	csg_mem tag=forest src=69 bytes=18553 rss=1390200440 live=4453077
	csg_mem tag=forest_parse_begin pass=1 src=69 reserve=1625664 rss=1390200440 live=4453105
	csg_mem tag=forest_appended src=69 forest_arena=87511464 rss=1390528120 live=4459589
	csg_mem tag=ta_stream src=69 arena=87511464 rss=1390528120 live=4459589
	csg_mem tag=forest src=70 bytes=23302 rss=1390528120 live=4459583
	csg_mem tag=forest_parse_begin pass=1 src=70 reserve=1144480 rss=1390544504 live=4459613
	csg_mem tag=forest_appended src=70 forest_arena=87512488 rss=1395066488 live=4462791
	csg_mem tag=ta_stream src=70 arena=87512488 rss=1395066488 live=4462791
	csg_mem tag=forest src=71 bytes=12094 rss=1395066488 live=4462785
	csg_mem tag=forest_parse_begin pass=1 src=71 reserve=550048 rss=1395082872 live=4462811
	csg_mem tag=forest_appended src=71 forest_arena=87512488 rss=1395345016 live=4463958
	csg_mem tag=ta_stream src=71 arena=87512488 rss=1395345016 live=4463958
	csg_mem tag=forest src=72 bytes=373101 rss=1395345016 live=4463952
	csg_mem tag=forest_parse_begin pass=1 src=72 reserve=15859040 rss=1395754616 live=4463988
	csg_mem tag=forest_appended src=72 forest_arena=87512488 rss=1424213624 live=4492416
	csg_mem tag=ta_stream src=72 arena=87512488 rss=1424213624 live=4492416
	csg_mem tag=forest src=73 bytes=5619 rss=1424213624 live=4492410
	csg_mem tag=forest_parse_begin pass=1 src=73 reserve=271584 rss=1424213624 live=4492436
	csg_mem tag=forest_appended src=73 forest_arena=87512488 rss=1424279160 live=4493008
	csg_mem tag=ta_stream src=73 arena=87512488 rss=1424279160 live=4493008
	csg_mem tag=forest src=74 bytes=256078 rss=1424279160 live=4493002
	csg_mem tag=forest_parse_begin pass=1 src=74 reserve=9185664 rss=1424377464 live=4493038
	csg_mem tag=forest_appended src=74 forest_arena=87512488 rss=1435846264 live=4511709
	csg_mem tag=ta_stream src=74 arena=87512488 rss=1435846264 live=4511709
	csg_mem tag=forest src=75 bytes=228229 rss=1435846264 live=4511703
	csg_mem tag=forest_parse_begin pass=1 src=75 reserve=9063872 rss=1435993720 live=4511739
	csg_mem tag=forest_appended src=75 forest_arena=87512488 rss=1460258424 live=4532268
	csg_mem tag=ta_stream src=75 arena=87512488 rss=1460258424 live=4532268
	csg_mem tag=forest src=76 bytes=9159 rss=1460258424 live=4532262
	csg_mem tag=forest_parse_begin pass=1 src=76 reserve=546720 rss=1460274808 live=4532290
	csg_mem tag=forest_appended src=76 forest_arena=87512488 rss=1460422264 live=4533069
	csg_mem tag=ta_stream src=76 arena=87512488 rss=1460422264 live=4533069
	csg_mem tag=forest src=77 bytes=207027 rss=1460422264 live=4533063
	csg_mem tag=forest_parse_begin pass=1 src=77 reserve=9371904 rss=1460569720 live=4533099
	csg_mem tag=forest_appended src=77 forest_arena=87512488 rss=1462732408 live=4556296
	csg_mem tag=ta_stream src=77 arena=87512488 rss=1462732408 live=4556296
	csg_mem tag=forest src=78 bytes=21659 rss=1462732408 live=4556290
	csg_mem tag=forest_parse_begin pass=1 src=78 reserve=962688 rss=1462732408 live=4556318
	csg_mem tag=forest_appended src=78 forest_arena=87512488 rss=1462896248 live=4558832
	csg_mem tag=ta_stream src=78 arena=87512488 rss=1462896248 live=4558832
	csg_mem tag=forest src=79 bytes=138950 rss=1462896248 live=4558826
	csg_mem tag=forest_parse_begin pass=1 src=79 reserve=7739264 rss=1462945400 live=4558860
	csg_mem tag=forest_appended src=79 forest_arena=87512488 rss=1463961208 live=4572260
	csg_mem tag=ta_stream src=79 arena=87512488 rss=1463961208 live=4572260
	csg_mem tag=forest src=80 bytes=16818 rss=1463961208 live=4572254
	csg_mem tag=forest_parse_begin pass=1 src=80 reserve=645632 rss=1463977592 live=4572282
	csg_mem tag=forest_appended src=80 forest_arena=87512488 rss=1466680952 live=4573843
	csg_mem tag=ta_stream src=80 arena=87512488 rss=1466680952 live=4573843
	csg_mem tag=forest src=81 bytes=7011 rss=1466680952 live=4573837
	csg_mem tag=forest_parse_begin pass=1 src=81 reserve=91904 rss=1466697336 live=4573861
	csg_mem tag=forest_appended src=81 forest_arena=87512488 rss=1467139704 live=4574048
	csg_mem tag=ta_stream src=81 arena=87512488 rss=1467139704 live=4574048
	csg_mem tag=forest src=82 bytes=3088 rss=1467139704 live=4574042
	csg_mem tag=forest_parse_begin pass=1 src=82 reserve=200640 rss=1467156088 live=4574066
	csg_mem tag=forest_appended src=82 forest_arena=87512488 rss=1467827832 live=4574488
	csg_mem tag=ta_stream src=82 arena=87512488 rss=1467827832 live=4574488
	csg_mem tag=forest src=83 bytes=209875 rss=1467827832 live=4574482
	csg_mem tag=forest_parse_begin pass=1 src=83 reserve=8738208 rss=1468122744 live=4574518
	csg_mem tag=forest_appended src=83 forest_arena=87512488 rss=1488225960 live=4592679
	csg_mem tag=ta_stream src=83 arena=87512488 rss=1488225960 live=4592679
	csg_mem tag=forest src=84 bytes=113595 rss=1488225960 live=4592673
	csg_mem tag=forest_parse_begin pass=1 src=84 reserve=4164256 rss=1488553640 live=4592707
	csg_mem tag=forest_appended src=84 forest_arena=87512488 rss=1498646184 live=4602588
	csg_mem tag=ta_stream src=84 arena=87512488 rss=1498646184 live=4602588
	csg_mem tag=forest src=85 bytes=694424 rss=1498646184 live=4602582
	csg_mem tag=forest_parse_begin pass=1 src=85 reserve=31589856 rss=1499399848 live=4602620
	csg_mem tag=forest_appended src=85 forest_arena=87512488 rss=1508558528 live=4661909
	csg_mem tag=ta_stream src=85 arena=87512488 rss=1508558528 live=4661909
	csg_mem tag=forest src=86 bytes=84731 rss=1508558528 live=4661903
	csg_mem tag=forest_parse_begin pass=1 src=86 reserve=4720672 rss=1508656832 live=4661937
	csg_mem tag=forest_appended src=86 forest_arena=87512488 rss=1520780992 live=4671743
	csg_mem tag=ta_stream src=86 arena=87512488 rss=1520780992 live=4671743
	csg_mem tag=forest src=87 bytes=95381 rss=1520780992 live=4671737
	csg_mem tag=forest_parse_begin pass=1 src=87 reserve=4723168 rss=1520830144 live=4671771
	csg_mem tag=forest_appended src=87 forest_arena=87512488 rss=1528153792 live=4682533
	csg_mem tag=ta_stream src=87 arena=87512488 rss=1528153792 live=4682533
	csg_mem tag=forest src=88 bytes=100872 rss=1528153792 live=4682527
	csg_mem tag=forest_parse_begin pass=1 src=88 reserve=4625696 rss=1528448704 live=4682561
	csg_mem tag=forest_appended src=88 forest_arena=87512488 rss=1543653056 live=4694167
	csg_mem tag=ta_stream src=88 arena=87512488 rss=1543653056 live=4694167
	csg_mem tag=forest src=89 bytes=8802 rss=1543653056 live=4694161
	csg_mem tag=forest_parse_begin pass=1 src=89 reserve=616064 rss=1543685824 live=4694189
	csg_mem tag=forest_appended src=89 forest_arena=87512488 rss=1544242880 live=4695420
	csg_mem tag=ta_stream src=89 arena=87512488 rss=1544242880 live=4695420
	csg_mem tag=forest src=90 bytes=36472 rss=1544259264 live=4695414
	csg_mem tag=forest_parse_begin pass=1 src=90 reserve=2347904 rss=1544406720 live=4695446
	csg_mem tag=forest_appended src=90 forest_arena=88561064 rss=1559594712 live=4700114
	csg_mem tag=ta_stream src=90 arena=88561064 rss=1559594712 live=4700114
	csg_mem tag=forest src=91 bytes=9587 rss=1559594712 live=4700108
	csg_mem tag=forest_parse_begin pass=1 src=91 reserve=643104 rss=1559611096 live=4700136
	csg_mem tag=forest_appended src=91 forest_arena=88561064 rss=1560250072 live=4701523
	csg_mem tag=ta_stream src=91 arena=88561064 rss=1560250072 live=4701523
	csg_mem tag=forest src=92 bytes=146673 rss=1560250072 live=4701517
	csg_mem tag=forest_parse_begin pass=1 src=92 reserve=6091680 rss=1561003736 live=4701551
	csg_mem tag=forest_appended src=92 forest_arena=88561064 rss=1570146008 live=4716866
	csg_mem tag=ta_stream src=92 arena=88561064 rss=1570146008 live=4716866
	csg_mem tag=forest src=93 bytes=85404 rss=1570146008 live=4716860
	csg_mem tag=forest_parse_begin pass=1 src=93 reserve=4470880 rss=1570326232 live=4716894
	csg_mem tag=forest_appended src=93 forest_arena=88561064 rss=1601472240 live=4725325
	csg_mem tag=ta_stream src=93 arena=88561064 rss=1601472240 live=4725325
	csg_mem tag=forest src=94 bytes=60609 rss=1601472240 live=4725319
	csg_mem tag=forest_parse_begin pass=1 src=94 reserve=3070912 rss=1601570544 live=4725351
	csg_mem tag=forest_appended src=94 forest_arena=88561064 rss=1633175304 live=4731804
	csg_mem tag=ta_stream src=94 arena=88561064 rss=1633175304 live=4731804
	csg_mem tag=forest src=95 bytes=21133 rss=1633191688 live=4731798
	csg_mem tag=forest_parse_begin pass=1 src=95 reserve=1193184 rss=1633273608 live=4731828
	csg_mem tag=forest_appended src=95 forest_arena=88561064 rss=1633502984 live=4733951
	csg_mem tag=ta_stream src=95 arena=88561064 rss=1633502984 live=4733951
	csg_mem tag=forest src=96 bytes=3751 rss=1633502984 live=4733945
	csg_mem tag=forest_parse_begin pass=1 src=96 reserve=262016 rss=1633502984 live=4733969
	csg_mem tag=forest_appended src=96 forest_arena=88561064 rss=1633863432 live=4734325
	csg_mem tag=ta_stream src=96 arena=88561064 rss=1633863432 live=4734325
	csg_mem tag=forest src=97 bytes=97141 rss=1633863432 live=4734319
	csg_mem tag=forest_parse_begin pass=1 src=97 reserve=4720672 rss=1634158344 live=4734353
	csg_mem tag=forest_appended src=97 forest_arena=88561064 rss=1641203464 live=4745550
	csg_mem tag=ta_stream src=97 arena=88561064 rss=1641203464 live=4745550
	csg_mem tag=forest src=98 bytes=25148 rss=1641203464 live=4745544
	csg_mem tag=forest_parse_begin pass=1 src=98 reserve=1225728 rss=1641252616 live=4745574
	csg_mem tag=forest_appended src=98 forest_arena=88561064 rss=1643448072 live=4747863
	csg_mem tag=ta_stream src=98 arena=88561064 rss=1643448072 live=4747863
	csg_mem tag=forest src=99 bytes=67075 rss=1643448072 live=4747857
	csg_mem tag=forest_parse_begin pass=1 src=99 reserve=4002112 rss=1643529992 live=4747889
	csg_mem tag=forest_appended src=99 forest_arena=88561064 rss=1654687496 live=4753858
	csg_mem tag=ta_stream src=99 arena=88561064 rss=1654703880 live=4753858
	csg_mem tag=forest src=100 bytes=122136 rss=1654703880 live=4753852
	csg_mem tag=forest_parse_begin pass=1 src=100 reserve=4648800 rss=1655015176 live=4753886
	csg_mem tag=forest_appended src=100 forest_arena=88561064 rss=1662060296 live=4764574
	csg_mem tag=ta_stream src=100 arena=88561064 rss=1662060296 live=4764574
	csg_mem tag=forest src=101 bytes=477806 rss=1662060296 live=4764568
	csg_mem tag=forest_parse_begin pass=1 src=101 reserve=18413024 rss=1662420744 live=4764606
	csg_mem tag=forest_appended src=101 forest_arena=88561064 rss=1680459552 live=4816109
	csg_mem tag=ta_stream src=101 arena=88561064 rss=1680459552 live=4816109
	csg_mem tag=forest src=102 bytes=9251 rss=1680459552 live=4816103
	csg_mem tag=forest_parse_begin pass=1 src=102 reserve=476512 rss=1680459552 live=4816129
	csg_mem tag=forest_appended src=102 forest_arena=88561064 rss=1680508704 live=4817153
	csg_mem tag=ta_stream src=102 arena=88561064 rss=1680508704 live=4817153
	csg_mem tag=forest src=103 bytes=35254 rss=1680508704 live=4817147
	csg_mem tag=forest_parse_begin pass=1 src=103 reserve=1762176 rss=1680557856 live=4817179
	csg_mem tag=forest_appended src=103 forest_arena=88561064 rss=1685014304 live=4821037
	csg_mem tag=ta_stream src=103 arena=88561064 rss=1685014304 live=4821037
	csg_mem tag=forest src=104 bytes=207662 rss=1685014304 live=4821031
	csg_mem tag=forest_parse_begin pass=1 src=104 reserve=8878976 rss=1685522208 live=4821067
	csg_mem tag=forest_appended src=104 forest_arena=88561064 rss=1713669944 live=4839646
	csg_mem tag=ta_stream src=104 arena=88561064 rss=1713669944 live=4839646
	csg_mem tag=forest src=105 bytes=53041 rss=1713669944 live=4839640
	csg_mem tag=forest_parse_begin pass=1 src=105 reserve=2324608 rss=1713882936 live=4839672
	csg_mem tag=forest_appended src=105 forest_arena=88561064 rss=1719453520 live=4844053
	csg_mem tag=ta_stream src=105 arena=88561064 rss=1719453520 live=4844053
	csg_mem tag=forest src=106 bytes=19779 rss=1719453520 live=4844047
	csg_mem tag=forest_parse_begin pass=1 src=106 reserve=817280 rss=1719469904 live=4844075
	csg_mem tag=forest_appended src=106 forest_arena=88561064 rss=1722402640 live=4845836
	csg_mem tag=ta_stream src=106 arena=88561064 rss=1722402640 live=4845836
	csg_mem tag=forest src=107 bytes=274 rss=1722402640 live=4845830
	csg_mem tag=forest_parse_begin pass=1 src=107 reserve=74912 rss=1722419024 live=4845848
	csg_mem tag=forest_appended src=107 forest_arena=88561064 rss=1722910544 live=4845927
	csg_mem tag=ta_stream src=107 arena=88561064 rss=1722910544 live=4845927
	csg_mem tag=forest src=108 bytes=131447 rss=1722910544 live=4845921
	csg_mem tag=forest_parse_begin pass=1 src=108 reserve=4902496 rss=1723467600 live=4845955
	csg_mem tag=forest_appended src=108 forest_arena=88561064 rss=1757661032 live=4857962
	csg_mem tag=ta_stream src=108 arena=88561064 rss=1757661032 live=4857962
	csg_mem tag=forest src=109 bytes=204964 rss=1757661032 live=4857956
	csg_mem tag=forest_parse_begin pass=1 src=109 reserve=8876160 rss=1758021480 live=4857992
	csg_mem tag=forest_appended src=109 forest_arena=88561064 rss=1783465832 live=4873937
	csg_mem tag=ta_stream src=109 arena=88561064 rss=1783465832 live=4873937
	csg_mem tag=forest src=110 bytes=26073 rss=1783465832 live=4873931
	csg_mem tag=forest_parse_begin pass=1 src=110 reserve=1174464 rss=1783531368 live=4873961
	csg_mem tag=forest_appended src=110 forest_arena=88561064 rss=1786513256 live=4876260
	csg_mem tag=ta_stream src=110 arena=88561064 rss=1786513256 live=4876260
	csg_mem tag=forest src=111 bytes=52561 rss=1786513256 live=4876254
	csg_mem tag=forest_parse_begin pass=1 src=111 reserve=2368576 rss=1786627944 live=4876286
	csg_mem tag=forest_appended src=111 forest_arena=88561064 rss=1791592296 live=4881160
	csg_mem tag=ta_stream src=111 arena=88561064 rss=1791592296 live=4881160
	csg_mem tag=forest src=112 bytes=54759 rss=1791608680 live=4881154
	csg_mem tag=forest_parse_begin pass=1 src=112 reserve=2391104 rss=1791625064 live=4881186
	csg_mem tag=forest_appended src=112 forest_arena=88561064 rss=1811433344 live=4886541
	csg_mem tag=ta_stream src=112 arena=88561064 rss=1811433344 live=4886541
	csg_mem tag=forest src=113 bytes=22222 rss=1811433344 live=4886535
	csg_mem tag=forest_parse_begin pass=1 src=113 reserve=1071680 rss=1811466112 live=4886563
	csg_mem tag=forest_appended src=113 forest_arena=88561064 rss=1814120320 live=4888799
	csg_mem tag=ta_stream src=113 arena=88561064 rss=1814120320 live=4888799
	csg_mem tag=forest src=114 bytes=396704 rss=1814120320 live=4888793
	csg_mem tag=forest_parse_begin pass=1 src=114 reserve=15747456 rss=1814628224 live=4888831
	csg_mem tag=forest_appended src=114 forest_arena=88561064 rss=1820264320 live=4927770
	csg_mem tag=ta_stream src=114 arena=88561064 rss=1820264320 live=4927770
	csg_mem tag=forest src=115 bytes=5769 rss=1820264320 live=4927764
	csg_mem tag=forest_parse_begin pass=1 src=115 reserve=275744 rss=1820264320 live=4927790
	csg_mem tag=forest_appended src=115 forest_arena=88561064 rss=1822164864 live=4928366
	csg_mem tag=ta_stream src=115 arena=88561064 rss=1822164864 live=4928366
	csg_mem tag=forest src=116 bytes=3136 rss=1822164864 live=4928360
	csg_mem tag=forest_parse_begin pass=1 src=116 reserve=173312 rss=1822164864 live=4928384
	csg_mem tag=forest_appended src=116 forest_arena=88561064 rss=1824802688 live=4928718
	csg_mem tag=ta_stream src=116 arena=88561064 rss=1824802688 live=4928718
	csg_mem tag=forest src=117 bytes=281236 rss=1824802688 live=4928712
	csg_mem tag=forest_parse_begin pass=1 src=117 reserve=8688640 rss=1824982912 live=4928748
	csg_mem tag=forest_appended src=117 forest_arena=88561064 rss=1835763608 live=4950634
	csg_mem tag=ta_stream src=117 arena=88561064 rss=1835763608 live=4950634
	csg_mem tag=forest src=118 bytes=36339 rss=1835763608 live=4950628
	csg_mem tag=forest_parse_begin pass=1 src=118 reserve=2269312 rss=1835779992 live=4950658
	csg_mem tag=forest_appended src=118 forest_arena=88561064 rss=1841416064 live=4954789
	csg_mem tag=ta_stream src=118 arena=88561064 rss=1841416064 live=4954789
	csg_mem tag=forest src=119 bytes=66727 rss=1841416064 live=4954783
	csg_mem tag=forest_parse_begin pass=1 src=119 reserve=4620192 rss=1841547136 live=4954815
	csg_mem tag=forest_appended src=119 forest_arena=88561064 rss=1862797208 live=4962695
	csg_mem tag=ta_stream src=119 arena=88561064 rss=1862797208 live=4962695
	csg_mem tag=forest src=120 bytes=19895 rss=1862797208 live=4962689
	csg_mem tag=forest_parse_begin pass=1 src=120 reserve=782208 rss=1862862744 live=4962717
	csg_mem tag=forest_appended src=120 forest_arena=88561064 rss=1863534488 live=4964475
	csg_mem tag=ta_stream src=120 arena=88561064 rss=1863534488 live=4964475
	csg_mem tag=forest src=121 bytes=104630 rss=1863534488 live=4964469
	csg_mem tag=forest_parse_begin pass=1 src=121 reserve=4295776 rss=1863796632 live=4964503
	csg_mem tag=forest_appended src=121 forest_arena=88561064 rss=1876117400 live=4974309
	csg_mem tag=ta_stream src=121 arena=88561064 rss=1876117400 live=4974309
	csg_mem tag=forest src=122 bytes=21670 rss=1876117400 live=4974303
	csg_mem tag=forest_parse_begin pass=1 src=122 reserve=1223104 rss=1876166552 live=4974333
	csg_mem tag=forest_appended src=122 forest_arena=88561064 rss=1880573848 live=4976923
	csg_mem tag=ta_stream src=122 arena=88561064 rss=1880573848 live=4976923
	csg_mem tag=forest src=123 bytes=41012 rss=1880573848 live=4976917
	csg_mem tag=forest_parse_begin pass=1 src=123 reserve=2385152 rss=1880688536 live=4976949
	csg_mem tag=forest_appended src=123 forest_arena=88561064 rss=1883277232 live=4982232
	csg_mem tag=ta_stream src=123 arena=88561064 rss=1883277232 live=4982232
	csg_mem tag=forest src=124 bytes=602132 rss=1883277232 live=4982226
	csg_mem tag=forest_parse_begin pass=1 src=124 reserve=31538592 rss=1884145584 live=4982264
	csg_mem tag=forest_appended src=124 forest_arena=88561064 rss=1958758392 live=5049179
	csg_mem tag=ta_stream src=124 arena=88561064 rss=1958758392 live=5049179
	csg_mem tag=forest src=125 bytes=2984 rss=1958758392 live=5049173
	csg_mem tag=forest_parse_begin pass=1 src=125 reserve=168896 rss=1958758392 live=5049197
	csg_mem tag=forest_appended src=125 forest_arena=88561064 rss=1960773624 live=5049507
	csg_mem tag=ta_stream src=125 arena=88561064 rss=1960773624 live=5049507
	csg_mem tag=forest src=126 bytes=6234 rss=1960773624 live=5049501
	csg_mem tag=forest_parse_begin pass=1 src=126 reserve=339040 rss=1960790008 live=5049527
	csg_mem tag=forest_appended src=126 forest_arena=88561064 rss=1961297912 live=5050025
	csg_mem tag=ta_stream src=126 arena=88561064 rss=1961297912 live=5050025
	csg_mem tag=forest src=127 bytes=36702 rss=1961297912 live=5050019
	csg_mem tag=forest_parse_begin pass=1 src=127 reserve=1209024 rss=1961314296 live=5050049
	csg_mem tag=forest_appended src=127 forest_arena=88561064 rss=1964312568 live=5052867
	csg_mem tag=ta_stream src=127 arena=88561064 rss=1964312568 live=5052867
	csg_mem tag=forest src=128 bytes=49364 rss=1964312568 live=5052861
	csg_mem tag=forest_parse_begin pass=1 src=128 reserve=2388160 rss=1964410872 live=5052893
	csg_mem tag=forest_appended src=128 forest_arena=88561064 rss=1983612920 live=5058886
	csg_mem tag=ta_stream src=128 arena=88561064 rss=1983629304 live=5058886
	csg_mem tag=forest src=129 bytes=42894 rss=1983629304 live=5058880
	csg_mem tag=forest_parse_begin pass=1 src=129 reserve=2354976 rss=1983645688 live=5058910
	csg_mem tag=forest_appended src=129 forest_arena=88563112 rss=1991673848 live=5063660
	csg_mem tag=ta_stream src=129 arena=88563112 rss=1991673848 live=5063660
	csg_mem tag=forest src=130 bytes=32186 rss=1991673848 live=5063654
	csg_mem tag=forest_parse_begin pass=1 src=130 reserve=2063840 rss=1991788536 live=5063684
	csg_mem tag=forest_appended src=130 forest_arena=88563112 rss=1996802040 live=5067245
	csg_mem tag=ta_stream src=130 arena=88563112 rss=1996802040 live=5067245
	csg_mem tag=forest src=131 bytes=34873 rss=1996802040 live=5067239
	csg_mem tag=forest_parse_begin pass=1 src=131 reserve=1693152 rss=1996834808 live=5067269
	csg_mem tag=forest_appended src=131 forest_arena=88563112 rss=2009237520 live=5071103
	csg_mem tag=ta_stream src=131 arena=88563112 rss=2009237520 live=5071103
	csg_mem tag=forest src=132 bytes=1850073 rss=2009237520 live=5071097
	csg_mem tag=forest_parse_begin pass=1 src=132 reserve=72523584 rss=2012121104 live=5071139
	csg_mem tag=forest_appended src=132 forest_arena=88829352 rss=2119764056 live=5223227
	csg_mem tag=ta_stream src=132 arena=88829352 rss=2119764056 live=5223227
	csg_mem tag=forest src=133 bytes=41896 rss=2119403608 live=5223221
	csg_mem tag=forest_parse_begin pass=1 src=133 reserve=2011104 rss=2119436376 live=5223251
	csg_mem tag=forest_appended src=133 forest_arena=88829352 rss=2124826712 live=5227225
	csg_mem tag=ta_stream src=133 arena=88829352 rss=2124826712 live=5227225
	csg_mem tag=forest src=134 bytes=3550298 rss=2124826712 live=5227219
	csg_mem tag=forest_parse_begin pass=1 src=134 reserve=140668736 rss=2130626672 live=5227263
	csg_mem tag=forest_appended src=134 forest_arena=88829352 rss=2385299760 live=5506189
	csg_mem tag=ta_stream src=134 arena=88829352 rss=2385299760 live=5506189
	csg_mem tag=forest src=135 bytes=134144 rss=2383366448 live=5506183
	csg_mem tag=forest_parse_begin pass=1 src=135 reserve=7807872 rss=2383546672 live=5506217
	csg_mem tag=forest_appended src=135 forest_arena=88829352 rss=2394310984 live=5518331
	csg_mem tag=ta_stream src=135 arena=88829352 rss=2394310984 live=5518331
	csg_mem tag=forest src=136 bytes=592436 rss=2394310984 live=5518325
	csg_mem tag=forest_parse_begin pass=1 src=136 reserve=18570208 rss=2395326792 live=5518363
	csg_mem tag=forest_appended src=136 forest_arena=88829352 rss=2409433416 live=5562283
	csg_mem tag=ta_stream src=136 arena=88829352 rss=2409433416 live=5562283
	csg_mem tag=forest src=137 bytes=17351 rss=2409433416 live=5562277
	csg_mem tag=forest_parse_begin pass=1 src=137 reserve=1215776 rss=2409433416 live=5562305
	csg_mem tag=forest_appended src=137 forest_arena=88829352 rss=2416544072 live=5565249
	csg_mem tag=ta_stream src=137 arena=88829352 rss=2416544072 live=5565249
	csg_mem tag=forest src=138 bytes=2319 rss=2416544072 live=5565243
	csg_mem tag=forest_parse_begin pass=1 src=138 reserve=152416 rss=2416544072 live=5565265
	csg_mem tag=forest_appended src=138 forest_arena=88829352 rss=2417019208 live=5565583
	csg_mem tag=ta_stream src=138 arena=88829352 rss=2417019208 live=5565583
	csg_mem tag=forest src=139 bytes=1697 rss=2417019208 live=5565577
	csg_mem tag=forest_parse_begin pass=1 src=139 reserve=123040 rss=2417019208 live=5565599
	csg_mem tag=forest_appended src=139 forest_arena=88829352 rss=2417314120 live=5565892
	csg_mem tag=ta_stream src=139 arena=88829352 rss=2417314120 live=5565892
	csg_mem tag=forest src=140 bytes=1202 rss=2417314120 live=5565886
	csg_mem tag=forest_parse_begin pass=1 src=140 reserve=118240 rss=2417330504 live=5565908
	csg_mem tag=forest_appended src=140 forest_arena=88829352 rss=2417969480 live=5566109
	csg_mem tag=ta_stream src=140 arena=88829352 rss=2417969480 live=5566109
	csg_mem tag=forest src=141 bytes=5427 rss=2417969480 live=5566103
	csg_mem tag=forest_parse_begin pass=1 src=141 reserve=352192 rss=2417985864 live=5566129
	csg_mem tag=forest_appended src=141 forest_arena=88829352 rss=2418510152 live=5566851
	csg_mem tag=ta_stream src=141 arena=88829352 rss=2418510152 live=5566851
	csg_mem tag=forest src=142 bytes=53259 rss=2418510152 live=5566845
	csg_mem tag=forest_parse_begin pass=1 src=142 reserve=2567232 rss=2418526536 live=5566877
	csg_mem tag=forest_appended src=142 forest_arena=88829352 rss=2468055416 live=5580046
	csg_mem tag=ta_stream src=142 arena=88829352 rss=2468055416 live=5580046
	csg_mem tag=forest src=143 bytes=4821 rss=2468055416 live=5580040
	csg_mem tag=forest_parse_begin pass=1 src=143 reserve=342048 rss=2468055416 live=5580066
	csg_mem tag=forest_appended src=143 forest_arena=88829352 rss=2468645240 live=5580764
	csg_mem tag=ta_stream src=143 arena=88829352 rss=2468645240 live=5580764
	csg_mem tag=forest src=144 bytes=684 rss=2468645240 live=5580758
	csg_mem tag=forest_parse_begin pass=1 src=144 reserve=88800 rss=2468661624 live=5580778
	csg_mem tag=forest_appended src=144 forest_arena=88829352 rss=2469267832 live=5580868
	csg_mem tag=ta_stream src=144 arena=88829352 rss=2469267832 live=5580868
	csg_mem tag=forest src=145 bytes=706 rss=2469267832 live=5580862
	csg_mem tag=forest_parse_begin pass=1 src=145 reserve=89248 rss=2469267832 live=5580882
	csg_mem tag=forest_appended src=145 forest_arena=88829352 rss=2469890424 live=5580980
	csg_mem tag=ta_stream src=145 arena=88829352 rss=2469890424 live=5580980
	csg_mem tag=forest src=146 bytes=7097 rss=2469890424 live=5580974
	csg_mem tag=forest_parse_begin pass=1 src=146 reserve=457920 rss=2469890424 live=5581000
	csg_mem tag=forest_appended src=146 forest_arena=88829352 rss=2472675704 live=5582135
	csg_mem tag=ta_stream src=146 arena=88829352 rss=2472675704 live=5582135
	csg_mem tag=forest src=147 bytes=8518 rss=2472675704 live=5582129
	csg_mem tag=forest_parse_begin pass=1 src=147 reserve=551904 rss=2472692088 live=5582155
	csg_mem tag=forest_appended src=147 forest_arena=88829352 rss=2475460984 live=5583017
	csg_mem tag=ta_stream src=147 arena=88829352 rss=2475460984 live=5583017
	csg_mem tag=forest src=148 bytes=171411 rss=2475460984 live=5583011
	csg_mem tag=forest_parse_begin pass=1 src=148 reserve=8131232 rss=2475788664 live=5583045
	csg_mem tag=forest_appended src=148 forest_arena=88829352 rss=2493450640 live=5607365
	csg_mem tag=ta_stream src=148 arena=88829352 rss=2493450640 live=5607365
	csg_mem tag=forest src=149 bytes=49447 rss=2493450640 live=5607359
	csg_mem tag=forest_parse_begin pass=1 src=149 reserve=2269504 rss=2493565328 live=5607391
	csg_mem tag=forest_appended src=149 forest_arena=88829352 rss=2505804176 live=5611789
	csg_mem tag=ta_stream src=149 arena=88829352 rss=2505804176 live=5611789
	csg_mem tag=forest src=150 bytes=15928 rss=2505804176 live=5611783
	csg_mem tag=forest_parse_begin pass=1 src=150 reserve=825312 rss=2505836944 live=5611811
	csg_mem tag=forest_appended src=150 forest_arena=88829352 rss=2508900752 live=5613723
	csg_mem tag=ta_stream src=150 arena=88829352 rss=2508900752 live=5613723
	csg_mem tag=forest src=151 bytes=1861 rss=2508900752 live=5613717
	csg_mem tag=forest_parse_begin pass=1 src=151 reserve=152224 rss=2508900752 live=5613739
	csg_mem tag=forest_appended src=151 forest_arena=88829352 rss=2509654416 live=5614087
	csg_mem tag=ta_stream src=151 arena=88829352 rss=2509654416 live=5614087
	csg_mem tag=forest src=152 bytes=1128 rss=2509654416 live=5614081
	csg_mem tag=forest_parse_begin pass=1 src=152 reserve=131584 rss=2509654416 live=5614101
	csg_mem tag=forest_appended src=152 forest_arena=88829352 rss=2510358928 live=5614250
	csg_mem tag=ta_stream src=152 arena=88829352 rss=2510358928 live=5614250
	csg_mem tag=forest src=153 bytes=1513 rss=2510358928 live=5614244
	csg_mem tag=forest_parse_begin pass=1 src=153 reserve=119584 rss=2510375312 live=5614266
	csg_mem tag=forest_appended src=153 forest_arena=88829352 rss=2511014288 live=5614548
	csg_mem tag=ta_stream src=153 arena=88829352 rss=2511014288 live=5614548
	csg_mem tag=forest src=154 bytes=463934 rss=2511030672 live=5614542
	csg_mem tag=forest_parse_begin pass=1 src=154 reserve=18578528 rss=2511751568 live=5614580
	csg_mem tag=forest_appended src=154 forest_arena=88829352 rss=2545715600 live=5651061
	csg_mem tag=ta_stream src=154 arena=88829352 rss=2545715600 live=5651061
	csg_mem tag=forest src=155 bytes=13667 rss=2545715600 live=5651055
	csg_mem tag=forest_parse_begin pass=1 src=155 reserve=603616 rss=2545731984 live=5651081
	csg_mem tag=forest_appended src=155 forest_arena=88829352 rss=2545994128 live=5651919
	csg_mem tag=ta_stream src=155 arena=88829352 rss=2545994128 live=5651919
	csg_mem tag=forest src=156 bytes=38093 rss=2545994128 live=5651913
	csg_mem tag=forest_parse_begin pass=1 src=156 reserve=2080032 rss=2546026896 live=5651945
	csg_mem tag=forest_appended src=156 forest_arena=88829352 rss=2548484496 live=5655655
	csg_mem tag=ta_stream src=156 arena=88829352 rss=2548484496 live=5655655
	csg_mem tag=forest src=157 bytes=11977 rss=2548484496 live=5655649
	csg_mem tag=forest_parse_begin pass=1 src=157 reserve=644640 rss=2548484496 live=5655677
	csg_mem tag=forest_appended src=157 forest_arena=88829352 rss=2550991248 live=5657030
	csg_mem tag=ta_stream src=157 arena=88829352 rss=2550991248 live=5657030
	csg_mem tag=forest src=158 bytes=2184453 rss=2550991248 live=5657024
	csg_mem tag=forest_parse_begin pass=1 src=158 reserve=73477216 rss=2553776528 live=5657066
