	csg_mem tag=import_edges_resolved rss=406864688 live=886759
	csg_mem tag=metadata_contexts_built rss=598754240 live=1498579
	csg_mem tag=forest_build_start mode=reparse rss=604619712 live=1507611
	csg_mem tag=forest src=0 bytes=7371 rss=604619712 live=1507613
	csg_mem tag=forest_parse_begin pass=0 src=0 reserve=0 rss=604652480 live=1507632
	csg_mem tag=forest_parse_end pass=0 src=0 arena=267456 parse_ms=10 rss=605094848 live=1508135
	csg_mem tag=forest_parsed src=0 arena=267456 rss=605094848 live=1508135
	csg_mem tag=forest src=1 bytes=9952 rss=604816320 live=1508168
	csg_mem tag=forest_parse_begin pass=0 src=1 reserve=0 rss=604832704 live=1508189
	csg_mem tag=forest_parse_end pass=0 src=1 arena=524864 parse_ms=17 rss=605520832 live=1509263
	csg_mem tag=forest_parsed src=1 arena=524864 rss=605520832 live=1509263
	csg_mem tag=forest src=2 bytes=817253 rss=605012928 live=1509268
	csg_mem tag=forest_parse_begin pass=0 src=2 reserve=0 rss=608273344 live=1509301
	csg_mem tag=forest_parse_end pass=0 src=2 arena=33621952 parse_ms=1031 rss=644662256 live=1553141
	csg_mem tag=forest_parsed src=2 arena=33621952 rss=644662256 live=1553141
	csg_mem tag=forest src=3 bytes=94454 rss=610206656 live=1553151
	csg_mem tag=forest_parse_begin pass=0 src=3 reserve=0 rss=610255808 live=1553176
	csg_mem tag=forest_parse_end pass=0 src=3 arena=2923808 parse_ms=91 rss=613712832 live=1557030
	csg_mem tag=forest_parsed src=3 arena=2923808 rss=613712832 live=1557030
	csg_mem tag=forest src=4 bytes=59923 rss=610780096 live=1557017
	csg_mem tag=forest_parse_begin pass=0 src=4 reserve=0 rss=610829248 live=1557042
	csg_mem tag=forest_parse_end pass=0 src=4 arena=2089344 parse_ms=59 rss=613352384 live=1559641
	csg_mem tag=forest_parsed src=4 arena=2089344 rss=613352384 live=1559641
	csg_mem tag=forest src=5 bytes=136411 rss=611255232 live=1559637
	csg_mem tag=forest_parse_begin pass=0 src=5 reserve=0 rss=611550144 live=1559664
	csg_mem tag=forest_parse_end pass=0 src=5 arena=4658880 parse_ms=164 rss=617137088 live=1566202
	csg_mem tag=forest_parsed src=5 arena=4658880 rss=617137088 live=1566202
	csg_mem tag=forest src=6 bytes=164754 rss=612484032 live=1566192
	csg_mem tag=forest_parse_begin pass=0 src=6 reserve=0 rss=612697024 live=1566219
	csg_mem tag=forest_parse_end pass=0 src=6 arena=7788096 parse_ms=185 rss=620577728 live=1573472
	csg_mem tag=forest_parsed src=6 arena=7788096 rss=620577728 live=1573472
	csg_mem tag=forest src=7 bytes=126542 rss=613729216 live=1573458
	csg_mem tag=forest_parse_begin pass=0 src=7 reserve=0 rss=614138816 live=1573485
	csg_mem tag=forest_parse_end pass=0 src=7 arena=4544352 parse_ms=149 rss=619316160 live=1580243
	csg_mem tag=forest_parsed src=7 arena=4544352 rss=619316160 live=1580243
	csg_mem tag=forest src=8 bytes=108814 rss=614761408 live=1580233
	csg_mem tag=forest_parse_begin pass=0 src=8 reserve=0 rss=615072704 live=1580260
	csg_mem tag=forest_parse_end pass=0 src=8 arena=4364704 parse_ms=146 rss=619971520 live=1586387
	csg_mem tag=forest_parsed src=8 arena=4364704 rss=619971520 live=1586387
	csg_mem tag=forest src=9 bytes=97046 rss=615596992 live=1586387
	csg_mem tag=forest_parse_begin pass=0 src=9 reserve=0 rss=615646144 live=1586412
	csg_mem tag=forest_parse_end pass=0 src=9 arena=3957344 parse_ms=107 rss=619692992 live=1591152
	csg_mem tag=forest_parsed src=9 arena=3957344 rss=619692992 live=1591152
	csg_mem tag=forest src=10 bytes=263042 rss=615728064 live=1591139
	csg_mem tag=forest_parse_begin pass=0 src=10 reserve=0 rss=615859136 live=1591168
	csg_mem tag=forest_parse_end pass=0 src=10 arena=9308960 parse_ms=334 rss=625525696 live=1605884
	csg_mem tag=forest_parsed src=10 arena=9308960 rss=625525696 live=1605884
	csg_mem tag=forest src=11 bytes=30477 rss=615990208 live=1605907
	csg_mem tag=forest_parse_begin pass=0 src=11 reserve=0 rss=616006592 live=1605930
	csg_mem tag=forest_parse_end pass=0 src=11 arena=2263584 parse_ms=64 rss=618562496 live=1609799
	csg_mem tag=forest_parsed src=11 arena=2263584 rss=618562496 live=1609799
	csg_mem tag=forest src=12 bytes=17051 rss=616285120 live=1609785
	csg_mem tag=forest_parse_begin pass=0 src=12 reserve=0 rss=616301504 live=1609806
	csg_mem tag=forest_parse_end pass=0 src=12 arena=779168 parse_ms=20 rss=617251776 live=1610772
	csg_mem tag=forest_parsed src=12 arena=779168 rss=617251776 live=1610772
	csg_mem tag=forest src=13 bytes=11252 rss=616465344 live=1610758
	csg_mem tag=forest_parse_begin pass=0 src=13 reserve=0 rss=616481728 live=1610777
	csg_mem tag=forest_parse_end pass=0 src=13 arena=574720 parse_ms=23 rss=617284544 live=1611635
	csg_mem tag=forest_parsed src=13 arena=574720 rss=617284544 live=1611635
	csg_mem tag=forest src=14 bytes=520230 rss=616694720 live=1611621
	csg_mem tag=forest_parse_begin pass=0 src=14 reserve=0 rss=617038784 live=1611652
	csg_mem tag=forest_parse_end pass=0 src=14 arena=42641152 parse_ms=1039 rss=660571144 live=1651193
	csg_mem tag=forest_parsed src=14 arena=42641152 rss=660571144 live=1651193
	csg_mem tag=forest src=15 bytes=1170 rss=617841600 live=1651179
	csg_mem tag=forest_parse_begin pass=0 src=15 reserve=0 rss=617857984 live=1651192
	csg_mem tag=forest_parse_end pass=0 src=15 arena=20544 parse_ms=1 rss=617907136 live=1651228
	csg_mem tag=forest_parsed src=15 arena=20544 rss=617907136 live=1651228
	csg_mem tag=forest src=16 bytes=99478 rss=617907136 live=1651214
	csg_mem tag=forest_parse_begin pass=0 src=16 reserve=0 rss=618021824 live=1651239
	csg_mem tag=forest_parse_end pass=0 src=16 arena=3435744 parse_ms=100 rss=621511616 live=1657225
	csg_mem tag=forest_parsed src=16 arena=3435744 rss=621511616 live=1657225
	csg_mem tag=forest src=17 bytes=1232 rss=618070976 live=1657231
	csg_mem tag=forest_parse_begin pass=0 src=17 reserve=0 rss=618070976 live=1657244
	csg_mem tag=forest_parse_end pass=0 src=17 arena=9408 parse_ms=0 rss=618070976 live=1657275
	csg_mem tag=forest_parsed src=17 arena=9408 rss=618070976 live=1657275
	csg_mem tag=forest src=18 bytes=1854 rss=618070976 live=1657261
	csg_mem tag=forest_parse_begin pass=0 src=18 reserve=0 rss=618070976 live=1657274
	csg_mem tag=forest_parse_end pass=0 src=18 arena=11776 parse_ms=0 rss=618087360 live=1657315
	csg_mem tag=forest_parsed src=18 arena=11776 rss=618087360 live=1657315
	csg_mem tag=forest src=19 bytes=3277 rss=618087360 live=1657301
	csg_mem tag=forest_parse_begin pass=0 src=19 reserve=0 rss=618087360 live=1657316
	csg_mem tag=forest_parse_end pass=0 src=19 arena=82848 parse_ms=2 rss=618103744 live=1657499
	csg_mem tag=forest_parsed src=19 arena=82848 rss=618103744 live=1657499
	csg_mem tag=forest src=20 bytes=7479 rss=618103744 live=1657485
	csg_mem tag=forest_parse_begin pass=0 src=20 reserve=0 rss=618120128 live=1657504
	csg_mem tag=forest_parse_end pass=0 src=20 arena=282240 parse_ms=10 rss=618431424 live=1657937
	csg_mem tag=forest_parsed src=20 arena=282240 rss=618431424 live=1657937
	csg_mem tag=forest src=21 bytes=3268 rss=618136512 live=1657923
	csg_mem tag=forest_parse_begin pass=0 src=21 reserve=0 rss=618152896 live=1657940
	csg_mem tag=forest_parse_end pass=0 src=21 arena=84416 parse_ms=2 rss=618152896 live=1658029
	csg_mem tag=forest_parsed src=21 arena=84416 rss=618152896 live=1658029
	csg_mem tag=forest src=22 bytes=89269 rss=618152896 live=1658015
	csg_mem tag=forest_parse_begin pass=0 src=22 reserve=0 rss=618169280 live=1658042
	csg_mem tag=forest_parse_end pass=0 src=22 arena=4664544 parse_ms=177 rss=622871488 live=1665917
	csg_mem tag=forest_parsed src=22 arena=4664544 rss=622871488 live=1665917
	csg_mem tag=forest src=23 bytes=25398 rss=618234816 live=1665909
	csg_mem tag=forest_parse_begin pass=0 src=23 reserve=0 rss=618234816 live=1665932
	csg_mem tag=forest_parse_end pass=0 src=23 arena=2018560 parse_ms=52 rss=620282816 live=1668807
	csg_mem tag=forest_parsed src=23 arena=2018560 rss=620282816 live=1668807
	csg_mem tag=forest src=24 bytes=36083 rss=618251200 live=1668794
	csg_mem tag=forest_parse_begin pass=0 src=24 reserve=0 rss=618267584 live=1668817
	csg_mem tag=forest_parse_end pass=0 src=24 arena=1539552 parse_ms=47 rss=619905984 live=1671530
	csg_mem tag=forest_parsed src=24 arena=1539552 rss=619905984 live=1671530
	csg_mem tag=forest src=25 bytes=29310 rss=618365888 live=1671531
	csg_mem tag=forest_parse_begin pass=0 src=25 reserve=0 rss=618382272 live=1671554
	csg_mem tag=forest_parse_end pass=0 src=25 arena=1136928 parse_ms=34 rss=619611072 live=1672836
	csg_mem tag=forest_parsed src=25 arena=1136928 rss=619611072 live=1672836
	csg_mem tag=forest src=26 bytes=21459 rss=618464192 live=1672822
	csg_mem tag=forest_parse_begin pass=0 src=26 reserve=0 rss=618464192 live=1672843
	csg_mem tag=forest_parse_end pass=0 src=26 arena=1099968 parse_ms=36 rss=619611072 live=1673940
	csg_mem tag=forest_parsed src=26 arena=1099968 rss=619611072 live=1673940
	csg_mem tag=forest src=27 bytes=1082 rss=618496960 live=1673926
	csg_mem tag=forest_parse_begin pass=0 src=27 reserve=0 rss=618513344 live=1673939
	csg_mem tag=forest_parse_end pass=0 src=27 arena=64576 parse_ms=2 rss=618513344 live=1674005
	csg_mem tag=forest_parsed src=27 arena=64576 rss=618513344 live=1674005
	csg_mem tag=forest src=28 bytes=5750 rss=618513344 live=1673991
	csg_mem tag=forest_parse_begin pass=0 src=28 reserve=0 rss=618513344 live=1674010
	csg_mem tag=forest_parse_end pass=0 src=28 arena=260320 parse_ms=8 rss=618824640 live=1674517
	csg_mem tag=forest_parsed src=28 arena=260320 rss=618824640 live=1674517
	csg_mem tag=forest src=29 bytes=59609 rss=618562496 live=1674504
	csg_mem tag=forest_parse_begin pass=0 src=29 reserve=0 rss=618562496 live=1674529
	csg_mem tag=forest_parse_end pass=0 src=29 arena=3234976 parse_ms=79 rss=621970368 live=1678345
	csg_mem tag=forest_parsed src=29 arena=3234976 rss=621970368 live=1678345
	csg_mem tag=forest src=30 bytes=50794 rss=618726336 live=1678335
	csg_mem tag=forest_parse_begin pass=0 src=30 reserve=0 rss=618726336 live=1678360
	csg_mem tag=forest_parse_end pass=0 src=30 arena=2238272 parse_ms=76 rss=621183936 live=1682099
	csg_mem tag=forest_parsed src=30 arena=2238272 rss=621183936 live=1682099
	csg_mem tag=forest src=31 bytes=52710 rss=618939328 live=1682093
	csg_mem tag=forest_parse_begin pass=0 src=31 reserve=0 rss=618972096 live=1682118
	csg_mem tag=forest_parse_end pass=0 src=31 arena=2247424 parse_ms=74 rss=621560768 live=1685226
	csg_mem tag=forest_parsed src=31 arena=2247424 rss=621577152 live=1685226
	csg_mem tag=forest src=32 bytes=2252 rss=619316160 live=1685214
	csg_mem tag=forest_parse_begin pass=0 src=32 reserve=0 rss=619316160 live=1685229
	csg_mem tag=forest_parse_end pass=0 src=32 arena=95584 parse_ms=2 rss=619348928 live=1685377
	csg_mem tag=forest_parsed src=32 arena=95584 rss=619348928 live=1685377
	csg_mem tag=forest src=33 bytes=48367 rss=619348928 live=1685374
	csg_mem tag=forest_parse_begin pass=0 src=33 reserve=0 rss=619430848 live=1685397
	csg_mem tag=forest_parse_end pass=0 src=33 arena=1983616 parse_ms=62 rss=621593536 live=1688590
	csg_mem tag=forest_parsed src=33 arena=1983616 rss=621593536 live=1688590
	csg_mem tag=forest src=34 bytes=16779 rss=619627456 live=1688579
	csg_mem tag=forest_parse_begin pass=0 src=34 reserve=0 rss=619692992 live=1688600
	csg_mem tag=forest_parse_end pass=0 src=34 arena=1070528 parse_ms=29 rss=620823488 live=1689807
	csg_mem tag=forest_parsed src=34 arena=1070528 rss=620823488 live=1689807
	csg_mem tag=forest src=35 bytes=241090 rss=619758528 live=1689804
	csg_mem tag=forest_parse_begin pass=0 src=35 reserve=0 rss=619873216 live=1689833
	csg_mem tag=forest_parse_end pass=0 src=35 arena=9242720 parse_ms=391 rss=629228480 live=1701969
	csg_mem tag=forest_parsed src=35 arena=9242720 rss=629228480 live=1701969
	csg_mem tag=forest src=36 bytes=21751 rss=620037056 live=1701956
	csg_mem tag=forest_parse_begin pass=0 src=36 reserve=0 rss=620053440 live=1701979
	csg_mem tag=forest_parse_end pass=0 src=36 arena=1131168 parse_ms=33 rss=621200320 live=1703220
	csg_mem tag=forest_parsed src=36 arena=1131168 rss=621200320 live=1703220
	csg_mem tag=forest src=37 bytes=91449 rss=620086208 live=1703209
	csg_mem tag=forest_parse_begin pass=0 src=37 reserve=0 rss=620102592 live=1703236
	csg_mem tag=forest_parse_end pass=0 src=37 arena=7943136 parse_ms=206 rss=627606464 live=1713024
	csg_mem tag=forest_parsed src=37 arena=7943136 rss=627606464 live=1713024
	csg_mem tag=forest src=38 bytes=22555 rss=620168128 live=1713016
	csg_mem tag=forest_parse_begin pass=0 src=38 reserve=0 rss=620184512 live=1713039
	csg_mem tag=forest_parse_end pass=0 src=38 arena=1179904 parse_ms=45 rss=621495232 live=1715752
	csg_mem tag=forest_parsed src=38 arena=1179904 rss=621495232 live=1715752
	csg_mem tag=forest src=39 bytes=16869 rss=620299200 live=1715739
	csg_mem tag=forest_parse_begin pass=0 src=39 reserve=0 rss=620299200 live=1715760
	csg_mem tag=forest_parse_end pass=0 src=39 arena=1112096 parse_ms=36 rss=621495232 live=1717857
	csg_mem tag=forest_parsed src=39 arena=1112096 rss=621495232 live=1717857
	csg_mem tag=forest src=40 bytes=42339 rss=620381120 live=1717844
	csg_mem tag=forest_parse_begin pass=0 src=40 reserve=0 rss=620446656 live=1717867
	csg_mem tag=forest_parse_end pass=0 src=40 arena=3115232 parse_ms=103 rss=623707072 live=1723104
	csg_mem tag=forest_parsed src=40 arena=3115232 rss=623707072 live=1723104
	csg_mem tag=forest src=41 bytes=16263 rss=620594112 live=1723095
	csg_mem tag=forest_parse_begin pass=0 src=41 reserve=0 rss=620610496 live=1723116
	csg_mem tag=forest_parse_end pass=0 src=41 arena=1044768 parse_ms=34 rss=621773760 live=1725317
	csg_mem tag=forest_parsed src=41 arena=1044768 rss=621790144 live=1725317
	csg_mem tag=forest src=42 bytes=14980 rss=620741568 live=1725304
	csg_mem tag=forest_parse_begin pass=0 src=42 reserve=0 rss=620790720 live=1725325
	csg_mem tag=forest_parse_end pass=0 src=42 arena=1044640 parse_ms=33 rss=621872064 live=1727380
	csg_mem tag=forest_parsed src=42 arena=1044640 rss=621872064 live=1727380
	csg_mem tag=forest src=43 bytes=1470 rss=620823488 live=1727367
	csg_mem tag=forest_parse_begin pass=0 src=43 reserve=0 rss=620823488 live=1727382
	csg_mem tag=forest_parse_end pass=0 src=43 arena=68320 parse_ms=2 rss=620839872 live=1727473
	csg_mem tag=forest_parsed src=43 arena=68320 rss=620839872 live=1727473
	csg_mem tag=forest src=44 bytes=45177 rss=620839872 live=1727459
	csg_mem tag=forest_parse_begin pass=0 src=44 reserve=0 rss=620905408 live=1727484
	csg_mem tag=forest_parse_end pass=0 src=44 arena=2183520 parse_ms=64 rss=623166400 live=1730082
	csg_mem tag=forest_parsed src=44 arena=2183520 rss=623166400 live=1730082
	csg_mem tag=forest src=45 bytes=3258 rss=620970944 live=1730070
	csg_mem tag=forest_parse_begin pass=0 src=45 reserve=0 rss=620970944 live=1730087
	csg_mem tag=forest_parse_end pass=0 src=45 arena=205280 parse_ms=7 rss=621200320 live=1730299
	csg_mem tag=forest_parsed src=45 arena=205280 rss=621200320 live=1730299
	csg_mem tag=forest src=46 bytes=1452 rss=620987328 live=1730285
	csg_mem tag=forest_parse_begin pass=0 src=46 reserve=0 rss=620987328 live=1730300
	csg_mem tag=forest_parse_end pass=0 src=46 arena=42336 parse_ms=1 rss=620987328 live=1730404
	csg_mem tag=forest_parsed src=46 arena=42336 rss=620987328 live=1730404
	csg_mem tag=forest src=47 bytes=1498710 rss=620987328 live=1730390
	csg_mem tag=forest_parse_begin pass=0 src=47 reserve=0 rss=624067544 live=1730423
	csg_mem tag=forest_parse_end pass=0 src=47 arena=63019392 parse_ms=1857 rss=683623456 live=1798590
	csg_mem tag=forest_parsed src=47 arena=63019392 rss=683623456 live=1798590
	csg_mem tag=forest src=48 bytes=15407 rss=625394648 live=1798636
	csg_mem tag=forest_parse_begin pass=0 src=48 reserve=0 rss=625394648 live=1798657
	csg_mem tag=forest_parse_end pass=0 src=48 arena=978976 parse_ms=23 rss=626426840 live=1799567
	csg_mem tag=forest_parsed src=48 arena=978976 rss=626426840 live=1799567
	csg_mem tag=forest src=49 bytes=36412 rss=625443800 live=1799554
	csg_mem tag=forest_parse_begin pass=0 src=49 reserve=0 rss=625443800 live=1799577
	csg_mem tag=forest_parse_end pass=0 src=49 arena=2226944 parse_ms=76 rss=627819480 live=1803438
	csg_mem tag=forest_parsed src=49 arena=2226944 rss=627819480 live=1803438
	csg_mem tag=forest src=50 bytes=212055 rss=625591256 live=1803425
	csg_mem tag=forest_parse_begin pass=0 src=50 reserve=0 rss=625787864 live=1803452
	csg_mem tag=forest_parse_end pass=0 src=50 arena=9190592 parse_ms=358 rss=635913176 live=1817931
	csg_mem tag=forest_parsed src=50 arena=9190592 rss=635913176 live=1817931
	csg_mem tag=forest src=51 bytes=714 rss=626770904 live=1817929
	csg_mem tag=forest_parse_begin pass=0 src=51 reserve=0 rss=626770904 live=1817942
	csg_mem tag=forest_parse_end pass=0 src=51 arena=37568 parse_ms=1 rss=626770904 live=1818002
	csg_mem tag=forest_parsed src=51 arena=37568 rss=626770904 live=1818002
	csg_mem tag=forest src=52 bytes=15736 rss=626770904 live=1817988
	csg_mem tag=forest_parse_begin pass=0 src=52 reserve=0 rss=626803672 live=1818009
	csg_mem tag=forest_parse_end pass=0 src=52 arena=565856 parse_ms=19 rss=627377112 live=1818880
	csg_mem tag=forest_parsed src=52 arena=565856 rss=627377112 live=1818880
	csg_mem tag=forest src=53 bytes=15907 rss=626803672 live=1818866
	csg_mem tag=forest_parse_begin pass=0 src=53 reserve=0 rss=626820056 live=1818887
	csg_mem tag=forest_parse_end pass=0 src=53 arena=748160 parse_ms=22 rss=627590104 live=1819948
	csg_mem tag=forest_parsed src=53 arena=748160 rss=627590104 live=1819948
	csg_mem tag=forest src=54 bytes=18039 rss=626836440 live=1819937
	csg_mem tag=forest_parse_begin pass=0 src=54 reserve=0 rss=626836440 live=1819958
	csg_mem tag=forest_parse_end pass=0 src=54 arena=972064 parse_ms=25 rss=627835864 live=1820898
	csg_mem tag=forest_parsed src=54 arena=972064 rss=627835864 live=1820898
	csg_mem tag=forest src=55 bytes=7239 rss=626852824 live=1820886
	csg_mem tag=forest_parse_begin pass=0 src=55 reserve=0 rss=626852824 live=1820905
	csg_mem tag=forest_parse_end pass=0 src=55 arena=562848 parse_ms=16 rss=627442648 live=1821533
	csg_mem tag=forest_parsed src=55 arena=562848 rss=627442648 live=1821533
	csg_mem tag=forest src=56 bytes=11717 rss=626869208 live=1821520
	csg_mem tag=forest_parse_begin pass=0 src=56 reserve=0 rss=626901976 live=1821541
	csg_mem tag=forest_parse_end pass=0 src=56 arena=540640 parse_ms=17 rss=627442648 live=1822348
	csg_mem tag=forest_parsed src=56 arena=540640 rss=627442648 live=1822348
	csg_mem tag=forest src=57 bytes=2498 rss=626901976 live=1822336
	csg_mem tag=forest_parse_begin pass=0 src=57 reserve=0 rss=626918360 live=1822353
	csg_mem tag=forest_parse_end pass=0 src=57 arena=108032 parse_ms=3 rss=626918360 live=1822501
	csg_mem tag=forest_parsed src=57 arena=108032 rss=626918360 live=1822501
	csg_mem tag=forest src=58 bytes=9947 rss=626918360 live=1822490
	csg_mem tag=forest_parse_begin pass=0 src=58 reserve=0 rss=626951128 live=1822511
	csg_mem tag=forest_parse_end pass=0 src=58 arena=562528 parse_ms=17 rss=627540952 live=1823181
	csg_mem tag=forest_parsed src=58 arena=562528 rss=627540952 live=1823181
	csg_mem tag=forest src=59 bytes=59910 rss=626967512 live=1823169
	csg_mem tag=forest_parse_begin pass=0 src=59 reserve=0 rss=627016664 live=1823194
	csg_mem tag=forest_parse_end pass=0 src=59 arena=2329920 parse_ms=81 rss=629392344 live=1826407
	csg_mem tag=forest_parsed src=59 arena=2329920 rss=629392344 live=1826407
	csg_mem tag=forest src=60 bytes=4463 rss=627065816 live=1826396
	csg_mem tag=forest_parse_begin pass=0 src=60 reserve=0 rss=627065816 live=1826413
	csg_mem tag=forest_parse_end pass=0 src=60 arena=246432 parse_ms=6 rss=627327960 live=1826726
	csg_mem tag=forest_parsed src=60 arena=246432 rss=627327960 live=1826726
	csg_mem tag=forest src=61 bytes=4513921 rss=627065816 live=1826712
	csg_mem tag=forest_parse_begin pass=0 src=61 reserve=0 rss=635421656 live=1826749
	csg_mem tag=forest_parse_end pass=0 src=61 arena=140260800 parse_ms=7571 rss=703333480 live=2024753
	csg_mem tag=forest_parsed src=61 arena=140260800 rss=703333480 live=2024753
	csg_mem tag=forest src=62 bytes=214132 rss=557777904 live=2024766
	csg_mem tag=forest_parse_begin pass=0 src=62 reserve=0 rss=558220272 live=2024795
	csg_mem tag=forest_parse_end pass=0 src=62 arena=9147168 parse_ms=325 rss=568296432 live=2037699
	csg_mem tag=forest_parsed src=62 arena=9147168 rss=568296432 live=2037699
	csg_mem tag=forest src=63 bytes=146632 rss=559186928 live=2037685
	csg_mem tag=forest_parse_begin pass=0 src=63 reserve=0 rss=559350768 live=2037712
	csg_mem tag=forest_parse_end pass=0 src=63 arena=7895328 parse_ms=216 rss=567624688 live=2046397
	csg_mem tag=forest_parsed src=63 arena=7895328 rss=567624688 live=2046397
	csg_mem tag=forest src=64 bytes=60278 rss=559727600 live=2046391
	csg_mem tag=forest_parse_begin pass=0 src=64 reserve=0 rss=559760368 live=2046416
	csg_mem tag=forest_parse_end pass=0 src=64 arena=2237760 parse_ms=76 rss=562086896 live=2049779
	csg_mem tag=forest_parsed src=64 arena=2237760 rss=562086896 live=2049779
	csg_mem tag=forest src=65 bytes=26513 rss=559842288 live=2049778
	csg_mem tag=forest_parse_begin pass=0 src=65 reserve=0 rss=559842288 live=2049801
	csg_mem tag=forest_parse_end pass=0 src=65 arena=1929824 parse_ms=44 rss=561775600 live=2052133
	csg_mem tag=forest_parsed src=65 arena=1929824 rss=561775600 live=2052133
	csg_mem tag=forest src=66 bytes=115864 rss=559842288 live=2052119
	csg_mem tag=forest_parse_begin pass=0 src=66 reserve=0 rss=559842288 live=2052146
	csg_mem tag=forest_parse_end pass=0 src=66 arena=7864864 parse_ms=190 rss=567329776 live=2061352
	csg_mem tag=forest_parsed src=66 arena=7864864 rss=567329776 live=2061352
	csg_mem tag=forest src=67 bytes=342860 rss=559973360 live=2061340
	csg_mem tag=forest_parse_begin pass=0 src=67 reserve=0 rss=560202736 live=2061369
	csg_mem tag=forest_parse_end pass=0 src=67 arena=15735424 parse_ms=472 rss=575521776 live=2087192
	csg_mem tag=forest_parsed src=67 arena=15735424 rss=575521776 live=2087192
	csg_mem tag=forest src=68 bytes=93793 rss=560464880 live=2087191
	csg_mem tag=forest_parse_begin pass=0 src=68 reserve=0 rss=560497648 live=2087218
	csg_mem tag=forest_parse_end pass=0 src=68 arena=4499488 parse_ms=157 rss=565085168 live=2093336
	csg_mem tag=forest_parsed src=68 arena=4499488 rss=565085168 live=2093336
	csg_mem tag=forest src=69 bytes=18553 rss=560579568 live=2093323
	csg_mem tag=forest_parse_begin pass=0 src=69 reserve=0 rss=560595952 live=2093344
	csg_mem tag=forest_parse_end pass=0 src=69 arena=1560128 parse_ms=57 rss=562234352 live=2096601
	csg_mem tag=forest_parsed src=69 arena=1560128 rss=562234352 live=2096601
	csg_mem tag=forest src=70 bytes=23302 rss=560661488 live=2096587
	csg_mem tag=forest_parse_begin pass=0 src=70 reserve=0 rss=560661488 live=2096610
	csg_mem tag=forest_parse_end pass=0 src=70 arena=1078944 parse_ms=34 rss=561742832 live=2098677
	csg_mem tag=forest_parsed src=70 arena=1078944 rss=561742832 live=2098677
	csg_mem tag=forest src=71 bytes=12094 rss=560661488 live=2098672
	csg_mem tag=forest_parse_begin pass=0 src=71 reserve=0 rss=560661488 live=2098691
	csg_mem tag=forest_parse_end pass=0 src=71 arena=484512 parse_ms=15 rss=561169392 live=2099319
	csg_mem tag=forest_parsed src=71 arena=484512 rss=561169392 live=2099319
	csg_mem tag=forest src=72 bytes=373101 rss=560677872 live=2099307
	csg_mem tag=forest_parse_begin pass=0 src=72 reserve=0 rss=561021936 live=2099336
	csg_mem tag=forest_parse_end pass=0 src=72 arena=15793504 parse_ms=433 rss=576259056 live=2117378
	csg_mem tag=forest_parsed src=72 arena=15793504 rss=576259056 live=2117378
	csg_mem tag=forest src=73 bytes=5619 rss=561120240 live=2117381
	csg_mem tag=forest_parse_begin pass=0 src=73 reserve=0 rss=561120240 live=2117400
	csg_mem tag=forest_parse_end pass=0 src=73 arena=206048 parse_ms=7 rss=561333232 live=2117819
	csg_mem tag=forest_parsed src=73 arena=206048 rss=561333232 live=2117819
	csg_mem tag=forest src=74 bytes=256078 rss=561120240 live=2117805
	csg_mem tag=forest_parse_begin pass=0 src=74 reserve=0 rss=561185776 live=2117834
	csg_mem tag=forest_parse_end pass=0 src=74 arena=9120128 parse_ms=323 rss=570557424 live=2129191
	csg_mem tag=forest_parsed src=74 arena=9120128 rss=570557424 live=2129191
	csg_mem tag=forest src=75 bytes=228229 rss=561480688 live=2129183
	csg_mem tag=forest_parse_begin pass=0 src=75 reserve=0 rss=561644528 live=2129212
	csg_mem tag=forest_parse_end pass=0 src=75 arena=8998336 parse_ms=296 rss=570672112 live=2140673
	csg_mem tag=forest_parsed src=75 arena=8998336 rss=570672112 live=2140673
	csg_mem tag=forest src=76 bytes=9159 rss=561660912 live=2140669
	csg_mem tag=forest_parse_begin pass=0 src=76 reserve=0 rss=561660912 live=2140690
	csg_mem tag=forest_parse_end pass=0 src=76 arena=481184 parse_ms=12 rss=562152432 live=2140955
	csg_mem tag=forest_parsed src=76 arena=481184 rss=562152432 live=2140955
	csg_mem tag=forest src=77 bytes=207027 rss=561660912 live=2140941
	csg_mem tag=forest_parse_begin pass=0 src=77 reserve=0 rss=561726448 live=2140970
	csg_mem tag=forest_parse_end pass=0 src=77 arena=9306368 parse_ms=335 rss=571343856 live=2155178
	csg_mem tag=forest_parsed src=77 arena=9306368 rss=571343856 live=2155178
	csg_mem tag=forest src=78 bytes=21659 rss=562070512 live=2155164
	csg_mem tag=forest_parse_begin pass=0 src=78 reserve=0 rss=562070512 live=2155185
	csg_mem tag=forest_parse_end pass=0 src=78 arena=897152 parse_ms=26 rss=563004400 live=2156246
	csg_mem tag=forest_parsed src=78 arena=897152 rss=563004400 live=2156246
	csg_mem tag=forest src=79 bytes=138950 rss=562103280 live=2156232
	csg_mem tag=forest_parse_begin pass=0 src=79 reserve=0 rss=562136048 live=2156259
	csg_mem tag=forest_parse_end pass=0 src=79 arena=7673728 parse_ms=194 rss=569426928 live=2165951
	csg_mem tag=forest_parsed src=79 arena=7673728 rss=569426928 live=2165951
	csg_mem tag=forest src=80 bytes=16818 rss=562267120 live=2165937
	csg_mem tag=forest_parse_begin pass=0 src=80 reserve=0 rss=562283504 live=2165958
	csg_mem tag=forest_parse_end pass=0 src=80 arena=580096 parse_ms=24 rss=562922480 live=2166863
	csg_mem tag=forest_parsed src=80 arena=580096 rss=562922480 live=2166863
	csg_mem tag=forest src=81 bytes=7011 rss=562332656 live=2166850
	csg_mem tag=forest_parse_begin pass=0 src=81 reserve=0 rss=562332656 live=2166867
	csg_mem tag=forest_parse_end pass=0 src=81 arena=26368 parse_ms=1 rss=562332656 live=2166940
	csg_mem tag=forest_parsed src=81 arena=26368 rss=562332656 live=2166940
	csg_mem tag=forest src=82 bytes=3088 rss=562332656 live=2166928
	csg_mem tag=forest_parse_begin pass=0 src=82 reserve=0 rss=562349040 live=2166945
	csg_mem tag=forest_parse_end pass=0 src=82 arena=135104 parse_ms=5 rss=562512880 live=2167187
	csg_mem tag=forest_parsed src=82 arena=135104 rss=562512880 live=2167187
	csg_mem tag=forest src=83 bytes=209875 rss=562365424 live=2167173
	csg_mem tag=forest_parse_begin pass=0 src=83 reserve=0 rss=562496496 live=2167202
	csg_mem tag=forest_parse_end pass=0 src=83 arena=8672672 parse_ms=298 rss=571245552 live=2180419
	csg_mem tag=forest_parsed src=83 arena=8672672 rss=571245552 live=2180419
	csg_mem tag=forest src=84 bytes=113595 rss=562611184 live=2180419
	csg_mem tag=forest_parse_begin pass=0 src=84 reserve=0 rss=562709488 live=2180446
	csg_mem tag=forest_parse_end pass=0 src=84 arena=4098720 parse_ms=124 rss=566838256 live=2185652
	csg_mem tag=forest_parsed src=84 arena=4098720 rss=566838256 live=2185652
	csg_mem tag=forest src=85 bytes=694424 rss=562742256 live=2185645
	csg_mem tag=forest_parse_begin pass=0 src=85 reserve=0 rss=563217392 live=2185676
	csg_mem tag=forest_parse_end pass=0 src=85 arena=31524320 parse_ms=924 rss=593282056 live=2234122
	csg_mem tag=forest_parsed src=85 arena=31524320 rss=593282056 live=2234122
	csg_mem tag=forest src=86 bytes=84731 rss=563676144 live=2234136
	csg_mem tag=forest_parse_begin pass=0 src=86 reserve=0 rss=563708912 live=2234163
	csg_mem tag=forest_parse_end pass=0 src=86 arena=4655136 parse_ms=149 rss=568493040 live=2239943
	csg_mem tag=forest_parsed src=86 arena=4655136 rss=568493040 live=2239943
	csg_mem tag=forest src=87 bytes=95381 rss=563839984 live=2239949
	csg_mem tag=forest_parse_begin pass=0 src=87 reserve=0 rss=563872752 live=2239976
	csg_mem tag=forest_parse_end pass=0 src=87 arena=4657632 parse_ms=144 rss=568706032 live=2246709
	csg_mem tag=forest_parsed src=87 arena=4657632 rss=568706032 live=2246709
	csg_mem tag=forest src=88 bytes=100872 rss=564052976 live=2246711
	csg_mem tag=forest_parse_begin pass=0 src=88 reserve=0 rss=564102128 live=2246738
	csg_mem tag=forest_parse_end pass=0 src=88 arena=4560160 parse_ms=151 rss=568837104 live=2253687
	csg_mem tag=forest_parsed src=88 arena=4560160 rss=568837104 live=2253687
	csg_mem tag=forest src=89 bytes=8802 rss=564265968 live=2253685
	csg_mem tag=forest_parse_begin pass=0 src=89 reserve=0 rss=564282352 live=2253706
	csg_mem tag=forest_parse_end pass=0 src=89 arena=550528 parse_ms=16 rss=564904944 live=2254313
	csg_mem tag=forest_parsed src=89 arena=550528 rss=564904944 live=2254313
	csg_mem tag=forest src=90 bytes=36472 rss=564347888 live=2254300
	csg_mem tag=forest_parse_begin pass=0 src=90 reserve=0 rss=564397040 live=2254325
	csg_mem tag=forest_parse_end pass=0 src=90 arena=2282368 parse_ms=74 rss=566772720 live=2257268
	csg_mem tag=forest_parsed src=90 arena=2282368 rss=566772720 live=2257268
	csg_mem tag=forest src=91 bytes=9587 rss=564495344 live=2257258
	csg_mem tag=forest_parse_begin pass=0 src=91 reserve=0 rss=564511728 live=2257279
	csg_mem tag=forest_parse_end pass=0 src=91 arena=577568 parse_ms=19 rss=565150704 live=2258071
	csg_mem tag=forest_parsed src=91 arena=577568 rss=565150704 live=2258071
	csg_mem tag=forest src=92 bytes=146673 rss=564560880 live=2258058
	csg_mem tag=forest_parse_begin pass=0 src=92 reserve=0 rss=564921328 live=2258085
	csg_mem tag=forest_parse_end pass=0 src=92 arena=6026144 parse_ms=195 rss=571114480 live=2267066
	csg_mem tag=forest_parsed src=92 arena=6026144 rss=571114480 live=2267066
	csg_mem tag=forest src=93 bytes=85404 rss=565085168 live=2267076
	csg_mem tag=forest_parse_begin pass=0 src=93 reserve=0 rss=565232624 live=2267103
	csg_mem tag=forest_parse_end pass=0 src=93 arena=4405344 parse_ms=135 rss=570049520 live=2271780
	csg_mem tag=forest_parsed src=93 arena=4405344 rss=570049520 live=2271780
	csg_mem tag=forest src=94 bytes=60609 rss=565642224 live=2271783
	csg_mem tag=forest_parse_begin pass=0 src=94 reserve=0 rss=565756912 live=2271808
	csg_mem tag=forest_parse_end pass=0 src=94 arena=3005376 parse_ms=89 rss=568869872 live=2275227
	csg_mem tag=forest_parsed src=94 arena=3005376 rss=568869872 live=2275227
	csg_mem tag=forest src=95 bytes=21133 rss=565855216 live=2275220
	csg_mem tag=forest_parse_begin pass=0 src=95 reserve=0 rss=565887984 live=2275243
	csg_mem tag=forest_parse_end pass=0 src=95 arena=1127648 parse_ms=35 rss=567051248 live=2276467
	csg_mem tag=forest_parsed src=95 arena=1127648 rss=567051248 live=2276467
	csg_mem tag=forest src=96 bytes=3751 rss=565920752 live=2276454
	csg_mem tag=forest_parse_begin pass=0 src=96 reserve=0 rss=565937136 live=2276471
	csg_mem tag=forest_parse_end pass=0 src=96 arena=196480 parse_ms=6 rss=566150128 live=2276706
	csg_mem tag=forest_parsed src=96 arena=196480 rss=566150128 live=2276706
	csg_mem tag=forest src=97 bytes=97141 rss=565953520 live=2276692
	csg_mem tag=forest_parse_begin pass=0 src=97 reserve=0 rss=566150128 live=2276719
	csg_mem tag=forest_parse_end pass=0 src=97 arena=4655136 parse_ms=159 rss=570852336 live=2282794
	csg_mem tag=forest_parsed src=97 arena=4655136 rss=570852336 live=2282794
	csg_mem tag=forest src=98 bytes=25148 rss=566199280 live=2282791
	csg_mem tag=forest_parse_begin pass=0 src=98 reserve=0 rss=566264816 live=2282814
	csg_mem tag=forest_parse_end pass=0 src=98 arena=1160192 parse_ms=42 rss=567444464 live=2284208
	csg_mem tag=forest_parsed src=98 arena=1160192 rss=567444464 live=2284208
	csg_mem tag=forest src=99 bytes=67075 rss=566281200 live=2284196
	csg_mem tag=forest_parse_begin pass=0 src=99 reserve=0 rss=566297584 live=2284221
	csg_mem tag=forest_parse_end pass=0 src=99 arena=3936576 parse_ms=100 rss=570278896 live=2287725
	csg_mem tag=forest_parsed src=99 arena=3936576 rss=570278896 live=2287725
	csg_mem tag=forest src=100 bytes=122136 rss=566346736 live=2287718
	csg_mem tag=forest_parse_begin pass=0 src=100 reserve=0 rss=566445040 live=2287745
	csg_mem tag=forest_parse_end pass=0 src=100 arena=4583264 parse_ms=164 rss=571065328 live=2294684
	csg_mem tag=forest_parsed src=100 arena=4583264 rss=571065328 live=2294684
	csg_mem tag=forest src=101 bytes=477806 rss=566543344 live=2294689
	csg_mem tag=forest_parse_begin pass=0 src=101 reserve=0 rss=566936560 live=2294720
	csg_mem tag=forest_parse_end pass=0 src=101 arena=18347488 parse_ms=685 rss=585974792 live=2333610
	csg_mem tag=forest_parsed src=101 arena=18347488 rss=585974792 live=2333610
	csg_mem tag=forest src=102 bytes=9251 rss=567264240 live=2333614
	csg_mem tag=forest_parse_begin pass=0 src=102 reserve=0 rss=567264240 live=2333633
	csg_mem tag=forest_parse_end pass=0 src=102 arena=410976 parse_ms=13 rss=567690224 live=2334355
	csg_mem tag=forest_parsed src=102 arena=410976 rss=567690224 live=2334355
	csg_mem tag=forest src=103 bytes=35254 rss=567264240 live=2334341
	csg_mem tag=forest_parse_begin pass=0 src=103 reserve=0 rss=567280624 live=2334366
	csg_mem tag=forest_parse_end pass=0 src=103 arena=1696640 parse_ms=50 rss=568984560 live=2336277
	csg_mem tag=forest_parsed src=103 arena=1696640 rss=568984560 live=2336277
	csg_mem tag=forest src=104 bytes=207662 rss=567280624 live=2336269
	csg_mem tag=forest_parse_begin pass=0 src=104 reserve=0 rss=567444464 live=2336298
	csg_mem tag=forest_parse_end pass=0 src=104 arena=8813440 parse_ms=276 rss=576373744 live=2347564
	csg_mem tag=forest_parsed src=104 arena=8813440 rss=576373744 live=2347564
	csg_mem tag=forest src=105 bytes=53041 rss=567559152 live=2347582
	csg_mem tag=forest_parse_begin pass=0 src=105 reserve=0 rss=567591920 live=2347607
	csg_mem tag=forest_parse_end pass=0 src=105 arena=2259072 parse_ms=74 rss=569869296 live=2350378
	csg_mem tag=forest_parsed src=105 arena=2259072 rss=569869296 live=2350378
	csg_mem tag=forest src=106 bytes=19779 rss=567608304 live=2350370
	csg_mem tag=forest_parse_begin pass=0 src=106 reserve=0 rss=567608304 live=2350391
	csg_mem tag=forest_parse_end pass=0 src=106 arena=751744 parse_ms=24 rss=568361968 live=2351354
	csg_mem tag=forest_parsed src=106 arena=751744 rss=568361968 live=2351354
	csg_mem tag=forest src=107 bytes=274 rss=567608304 live=2351343
	csg_mem tag=forest_parse_begin pass=0 src=107 reserve=0 rss=567608304 live=2351354
	csg_mem tag=forest_parse_end pass=0 src=107 arena=9376 parse_ms=0 rss=567608304 live=2351391
	csg_mem tag=forest_parsed src=107 arena=9376 rss=567608304 live=2351391
	csg_mem tag=forest src=108 bytes=131447 rss=567608304 live=2351378
	csg_mem tag=forest_parse_begin pass=0 src=108 reserve=0 rss=567722992 live=2351405
	csg_mem tag=forest_parse_end pass=0 src=108 arena=4836960 parse_ms=176 rss=572834800 live=2357879
	csg_mem tag=forest_parsed src=108 arena=4836960 rss=572834800 live=2357879
	csg_mem tag=forest src=109 bytes=204964 rss=568001520 live=2357873
	csg_mem tag=forest_parse_begin pass=0 src=109 reserve=0 rss=568378352 live=2357902
	csg_mem tag=forest_parse_end pass=0 src=109 arena=8810624 parse_ms=271 rss=577324016 live=2367961
	csg_mem tag=forest_parsed src=109 arena=8810624 rss=577340400 live=2367961
	csg_mem tag=forest src=110 bytes=26073 rss=568525808 live=2367969
	csg_mem tag=forest_parse_begin pass=0 src=110 reserve=0 rss=568591344 live=2367992
	csg_mem tag=forest_parse_end pass=0 src=110 arena=1108928 parse_ms=35 rss=569721840 live=2369377
	csg_mem tag=forest_parsed src=110 arena=1108928 rss=569721840 live=2369377
	csg_mem tag=forest src=111 bytes=52561 rss=568607728 live=2369365
	csg_mem tag=forest_parse_begin pass=0 src=111 reserve=0 rss=568656880 live=2369390
	csg_mem tag=forest_parse_end pass=0 src=111 arena=2303040 parse_ms=74 rss=571032560 live=2372390
	csg_mem tag=forest_parsed src=111 arena=2303040 rss=571032560 live=2372390
	csg_mem tag=forest src=112 bytes=54759 rss=568738800 live=2372380
	csg_mem tag=forest_parse_begin pass=0 src=112 reserve=0 rss=568771568 live=2372405
	csg_mem tag=forest_parse_end pass=0 src=112 arena=2325568 parse_ms=79 rss=571212784 live=2375468
	csg_mem tag=forest_parsed src=112 arena=2325568 rss=571212784 live=2375468
	csg_mem tag=forest src=113 bytes=22222 rss=568886256 live=2375464
	csg_mem tag=forest_parse_begin pass=0 src=113 reserve=0 rss=568902640 live=2375485
	csg_mem tag=forest_parse_end pass=0 src=113 arena=1006144 parse_ms=28 rss=569951216 live=2377030
	csg_mem tag=forest_parsed src=113 arena=1006144 rss=569951216 live=2377030
	csg_mem tag=forest src=114 bytes=396704 rss=568935408 live=2377017
	csg_mem tag=forest_parse_begin pass=0 src=114 reserve=0 rss=569230320 live=2377048
	csg_mem tag=forest_parse_end pass=0 src=114 arena=15681920 parse_ms=549 rss=585647088 live=2409840
	csg_mem tag=forest_parsed src=114 arena=15681920 rss=585647088 live=2409840
	csg_mem tag=forest src=115 bytes=5769 rss=569590768 live=2409829
	csg_mem tag=forest_parse_begin pass=0 src=115 reserve=0 rss=569607152 live=2409848
	csg_mem tag=forest_parse_end pass=0 src=115 arena=210208 parse_ms=7 rss=569820144 live=2410204
	csg_mem tag=forest_parsed src=115 arena=210208 rss=569820144 live=2410204
	csg_mem tag=forest src=116 bytes=3136 rss=569607152 live=2410192
	csg_mem tag=forest_parse_begin pass=0 src=116 reserve=0 rss=569607152 live=2410209
	csg_mem tag=forest_parse_end pass=0 src=116 arena=107776 parse_ms=3 rss=569607152 live=2410399
	csg_mem tag=forest_parsed src=116 arena=107776 rss=569607152 live=2410399
	csg_mem tag=forest src=117 bytes=281236 rss=569607152 live=2410387
	csg_mem tag=forest_parse_begin pass=0 src=117 reserve=0 rss=569770992 live=2410416
	csg_mem tag=forest_parse_end pass=0 src=117 arena=8623104 parse_ms=324 rss=578733040 live=2427334
	csg_mem tag=forest_parsed src=117 arena=8623104 rss=578733040 live=2427334
	csg_mem tag=forest src=118 bytes=36339 rss=569820144 live=2427325
	csg_mem tag=forest_parse_begin pass=0 src=118 reserve=0 rss=569820144 live=2427348
	csg_mem tag=forest_parse_end pass=0 src=118 arena=2203776 parse_ms=62 rss=572113904 live=2430096
	csg_mem tag=forest_parsed src=118 arena=2203776 rss=572113904 live=2430096
	csg_mem tag=forest src=119 bytes=66727 rss=569902064 live=2430083
	csg_mem tag=forest_parse_begin pass=0 src=119 reserve=0 rss=569951216 live=2430108
	csg_mem tag=forest_parse_end pass=0 src=119 arena=4554656 parse_ms=129 rss=574653424 live=2434954
	csg_mem tag=forest_parsed src=119 arena=4554656 rss=574653424 live=2434954
	csg_mem tag=forest src=120 bytes=19895 rss=570098672 live=2434946
	csg_mem tag=forest_parse_begin pass=0 src=120 reserve=0 rss=570115056 live=2434967
	csg_mem tag=forest_parse_end pass=0 src=120 arena=716672 parse_ms=22 rss=570885104 live=2436123
	csg_mem tag=forest_parsed src=120 arena=716672 rss=570885104 live=2436123
	csg_mem tag=forest src=121 bytes=104630 rss=570164208 live=2436111
	csg_mem tag=forest_parse_begin pass=0 src=121 reserve=0 rss=570180592 live=2436138
	csg_mem tag=forest_parse_end pass=0 src=121 arena=4230240 parse_ms=148 rss=574604272 live=2443557
	csg_mem tag=forest_parsed src=121 arena=4230240 rss=574604272 live=2443557
	csg_mem tag=forest src=122 bytes=21670 rss=570360816 live=2443549
	csg_mem tag=forest_parse_begin pass=0 src=122 reserve=0 rss=570442736 live=2443572
	csg_mem tag=forest_parse_end pass=0 src=122 arena=1157568 parse_ms=40 rss=571737072 live=2445036
	csg_mem tag=forest_parsed src=122 arena=1157568 rss=571737072 live=2445036
	csg_mem tag=forest src=123 bytes=41012 rss=570573808 live=2445024
	csg_mem tag=forest_parse_begin pass=0 src=123 reserve=0 rss=570704880 live=2445049
	csg_mem tag=forest_parse_end pass=0 src=123 arena=2319616 parse_ms=67 rss=573096944 live=2447858
	csg_mem tag=forest_parsed src=123 arena=2319616 rss=573096944 live=2447858
	csg_mem tag=forest src=124 bytes=602132 rss=570770416 live=2447846
	csg_mem tag=forest_parse_begin pass=0 src=124 reserve=0 rss=571245552 live=2447877
	csg_mem tag=forest_parse_end pass=0 src=124 arena=31473056 parse_ms=856 rss=601736200 live=2498830
	csg_mem tag=forest_parsed src=124 arena=31473056 rss=601736200 live=2498830
	csg_mem tag=forest src=125 bytes=2984 rss=572261360 live=2498866
	csg_mem tag=forest_parse_begin pass=0 src=125 reserve=0 rss=572261360 live=2498883
	csg_mem tag=forest_parse_end pass=0 src=125 arena=103360 parse_ms=3 rss=572261360 live=2499040
	csg_mem tag=forest_parsed src=125 arena=103360 rss=572261360 live=2499040
	csg_mem tag=forest src=126 bytes=6234 rss=572261360 live=2499028
	csg_mem tag=forest_parse_begin pass=0 src=126 reserve=0 rss=572261360 live=2499047
	csg_mem tag=forest_parse_end pass=0 src=126 arena=273504 parse_ms=8 rss=572539888 live=2499410
	csg_mem tag=forest_parsed src=126 arena=273504 rss=572539888 live=2499410
	csg_mem tag=forest src=127 bytes=36702 rss=572261360 live=2499397
	csg_mem tag=forest_parse_begin pass=0 src=127 reserve=0 rss=572294128 live=2499420
	csg_mem tag=forest_parse_end pass=0 src=127 arena=1143488 parse_ms=43 rss=573457392 live=2501180
	csg_mem tag=forest_parsed src=127 arena=1143488 rss=573457392 live=2501180
	csg_mem tag=forest src=128 bytes=49364 rss=572310512 live=2501169
	csg_mem tag=forest_parse_begin pass=0 src=128 reserve=0 rss=572310512 live=2501194
	csg_mem tag=forest_parse_end pass=0 src=128 arena=2322624 parse_ms=81 rss=574653424 live=2504477
	csg_mem tag=forest_parsed src=128 arena=2322624 rss=574653424 live=2504477
	csg_mem tag=forest src=129 bytes=42894 rss=572326896 live=2504485
	csg_mem tag=forest_parse_begin pass=0 src=129 reserve=0 rss=572326896 live=2504508
	csg_mem tag=forest_parse_end pass=0 src=129 arena=2289440 parse_ms=67 rss=574669808 live=2506604
	csg_mem tag=forest_parsed src=129 arena=2289440 rss=574669808 live=2506604
	csg_mem tag=forest src=130 bytes=32186 rss=572376048 live=2506600
	csg_mem tag=forest_parse_begin pass=0 src=130 reserve=0 rss=572376048 live=2506623
	csg_mem tag=forest_parse_end pass=0 src=130 arena=1998304 parse_ms=48 rss=574456816 live=2508673
	csg_mem tag=forest_parsed src=130 arena=1998304 rss=574456816 live=2508673
	csg_mem tag=forest src=131 bytes=34873 rss=572474352 live=2508661
	csg_mem tag=forest_parse_begin pass=0 src=131 reserve=0 rss=572490736 live=2508684
	csg_mem tag=forest_parse_end pass=0 src=131 arena=1627616 parse_ms=49 rss=574194672 live=2510777
	csg_mem tag=forest_parsed src=131 arena=1627616 rss=574194672 live=2510777
	csg_mem tag=forest src=132 bytes=1850073 rss=572556272 live=2510770
	csg_mem tag=forest_parse_begin pass=0 src=132 reserve=0 rss=575112176 live=2510805
	csg_mem tag=forest_parse_end pass=0 src=132 arena=72458048 parse_ms=2912 rss=651412560 live=2611930
	csg_mem tag=forest_parsed src=132 arena=72458048 rss=651412560 live=2611930
	csg_mem tag=forest src=133 bytes=41896 rss=577930224 live=2611978
	csg_mem tag=forest_parse_begin pass=0 src=133 reserve=0 rss=578012144 live=2612001
	csg_mem tag=forest_parse_end pass=0 src=133 arena=1945568 parse_ms=525 rss=613680112 live=2614611
	csg_mem tag=forest_parsed src=133 arena=1945568 rss=613680112 live=2614611
	csg_mem tag=forest src=134 bytes=3550279 rss=611730416 live=2614599
	csg_mem tag=forest_parse_begin pass=0 src=134 reserve=0 rss=615957488 live=2614636
	csg_mem tag=forest_parse_end pass=0 src=134 arena=140603200 parse_ms=6827 rss=763020392 live=2802333
	csg_mem tag=forest_parsed src=134 arena=140603200 rss=763020392 live=2802333
	csg_mem tag=forest src=135 bytes=134144 rss=618415088 live=2802411
	csg_mem tag=forest_parse_begin pass=0 src=135 reserve=0 rss=618480624 live=2802438
	csg_mem tag=forest_parse_end pass=0 src=135 arena=7742336 parse_ms=190 rss=625820656 live=2811504
	csg_mem tag=forest_parsed src=135 arena=7742336 rss=625820656 live=2811504
	csg_mem tag=forest src=136 bytes=592436 rss=618595312 live=2811496
	csg_mem tag=forest_parse_begin pass=0 src=136 reserve=0 rss=618873840 live=2811527
	csg_mem tag=forest_parse_end pass=0 src=136 arena=18504672 parse_ms=1175 rss=637895688 live=2842228
	csg_mem tag=forest_parsed src=136 arena=18504672 rss=637895688 live=2842228
	csg_mem tag=forest src=137 bytes=17351 rss=618873840 live=2842227
	csg_mem tag=forest_parse_begin pass=0 src=137 reserve=0 rss=618873840 live=2842248
	csg_mem tag=forest_parse_end pass=0 src=137 arena=1150240 parse_ms=31 rss=620020720 live=2843417
	csg_mem tag=forest_parsed src=137 arena=1150240 rss=620020720 live=2843417
	csg_mem tag=forest src=138 bytes=2319 rss=618873840 live=2843407
	csg_mem tag=forest_parse_begin pass=0 src=138 reserve=0 rss=618873840 live=2843422
	csg_mem tag=forest_parse_end pass=0 src=138 arena=86880 parse_ms=2 rss=618873840 live=2843531
	csg_mem tag=forest_parsed src=138 arena=86880 rss=618873840 live=2843531
	csg_mem tag=forest src=139 bytes=1697 rss=618873840 live=2843519
	csg_mem tag=forest_parse_begin pass=0 src=139 reserve=0 rss=618873840 live=2843534
	csg_mem tag=forest_parse_end pass=0 src=139 arena=57504 parse_ms=2 rss=618873840 live=2843634
	csg_mem tag=forest_parsed src=139 arena=57504 rss=618873840 live=2843634
	csg_mem tag=forest src=140 bytes=1202 rss=618873840 live=2843623
	csg_mem tag=forest_parse_begin pass=0 src=140 reserve=0 rss=618873840 live=2843638
	csg_mem tag=forest_parse_end pass=0 src=140 arena=52704 parse_ms=1 rss=618873840 live=2843718
	csg_mem tag=forest_parsed src=140 arena=52704 rss=618873840 live=2843718
	csg_mem tag=forest src=141 bytes=5427 rss=618873840 live=2843705
	csg_mem tag=forest_parse_begin pass=0 src=141 reserve=0 rss=618873840 live=2843724
	csg_mem tag=forest_parse_end pass=0 src=141 arena=286656 parse_ms=9 rss=619185136 live=2844138
	csg_mem tag=forest_parsed src=141 arena=286656 rss=619185136 live=2844138
	csg_mem tag=forest src=142 bytes=53259 rss=618890224 live=2844124
	csg_mem tag=forest_parse_begin pass=0 src=142 reserve=0 rss=618906608 live=2844149
	csg_mem tag=forest_parse_end pass=0 src=142 arena=2501696 parse_ms=93 rss=621413360 live=2853740
	csg_mem tag=forest_parsed src=142 arena=2501696 rss=621413360 live=2853740
	csg_mem tag=forest src=143 bytes=4821 rss=618922992 live=2853732
	csg_mem tag=forest_parse_begin pass=0 src=143 reserve=0 rss=618922992 live=2853751
	csg_mem tag=forest_parse_end pass=0 src=143 arena=276512 parse_ms=8 rss=619217904 live=2854030
	csg_mem tag=forest_parsed src=143 arena=276512 rss=619217904 live=2854030
	csg_mem tag=forest src=144 bytes=684 rss=618939376 live=2854018
	csg_mem tag=forest_parse_begin pass=0 src=144 reserve=0 rss=618939376 live=2854031
	csg_mem tag=forest_parse_end pass=0 src=144 arena=23264 parse_ms=0 rss=618955760 live=2854060
	csg_mem tag=forest_parsed src=144 arena=23264 rss=618955760 live=2854060
	csg_mem tag=forest src=145 bytes=706 rss=618955760 live=2854046
	csg_mem tag=forest_parse_begin pass=0 src=145 reserve=0 rss=618955760 live=2854059
	csg_mem tag=forest_parse_end pass=0 src=145 arena=23712 parse_ms=0 rss=618955760 live=2854111
	csg_mem tag=forest_parsed src=145 arena=23712 rss=618955760 live=2854111
	csg_mem tag=forest src=146 bytes=7097 rss=618955760 live=2854097
	csg_mem tag=forest_parse_begin pass=0 src=146 reserve=0 rss=618955760 live=2854116
	csg_mem tag=forest_parse_end pass=0 src=146 arena=392384 parse_ms=12 rss=619365360 live=2854516
	csg_mem tag=forest_parsed src=146 arena=392384 rss=619365360 live=2854516
	csg_mem tag=forest src=147 bytes=8518 rss=618972144 live=2854503
	csg_mem tag=forest_parse_begin pass=0 src=147 reserve=0 rss=618972144 live=2854522
	csg_mem tag=forest_parse_end pass=0 src=147 arena=486368 parse_ms=13 rss=619463664 live=2855061
	csg_mem tag=forest_parsed src=147 arena=486368 rss=619463664 live=2855061
	csg_mem tag=forest src=148 bytes=171411 rss=618972144 live=2855048
	csg_mem tag=forest_parse_begin pass=0 src=148 reserve=0 rss=619021296 live=2855075
	csg_mem tag=forest_parse_end pass=0 src=148 arena=8065696 parse_ms=230 rss=626574320 live=2873779
	csg_mem tag=forest_parsed src=148 arena=8065696 rss=626574320 live=2873779
	csg_mem tag=forest src=149 bytes=49447 rss=619021296 live=2873777
	csg_mem tag=forest_parse_begin pass=0 src=149 reserve=0 rss=619037680 live=2873802
	csg_mem tag=forest_parse_end pass=0 src=149 arena=2203968 parse_ms=571 rss=621462512 live=2876139
	csg_mem tag=forest_parsed src=149 arena=2203968 rss=621462512 live=2876139
	csg_mem tag=forest src=150 bytes=15928 rss=619250672 live=2876129
	csg_mem tag=forest_parse_begin pass=0 src=150 reserve=0 rss=619267056 live=2876150
	csg_mem tag=forest_parse_end pass=0 src=150 arena=759776 parse_ms=23 rss=620217328 live=2877098
	csg_mem tag=forest_parsed src=150 arena=759776 rss=620217328 live=2877098
	csg_mem tag=forest src=151 bytes=1861 rss=619447280 live=2877085
	csg_mem tag=forest_parse_begin pass=0 src=151 reserve=0 rss=619447280 live=2877100
	csg_mem tag=forest_parse_end pass=0 src=151 arena=86688 parse_ms=3 rss=619594736 live=2877229
	csg_mem tag=forest_parsed src=151 arena=86688 rss=619594736 live=2877229
	csg_mem tag=forest src=152 bytes=1128 rss=619594736 live=2877216
	csg_mem tag=forest_parse_begin pass=0 src=152 reserve=0 rss=619594736 live=2877229
	csg_mem tag=forest_parse_end pass=0 src=152 arena=66048 parse_ms=2 rss=619627504 live=2877327
	csg_mem tag=forest_parsed src=152 arena=66048 rss=619627504 live=2877327
	csg_mem tag=forest src=153 bytes=1513 rss=619627504 live=2877313
	csg_mem tag=forest_parse_begin pass=0 src=153 reserve=0 rss=619643888 live=2877328
	csg_mem tag=forest_parse_end pass=0 src=153 arena=54048 parse_ms=2 rss=619643888 live=2877467
	csg_mem tag=forest_parsed src=153 arena=54048 rss=619643888 live=2877467
	csg_mem tag=forest src=154 bytes=463934 rss=619643888 live=2877453
	csg_mem tag=forest_parse_begin pass=0 src=154 reserve=0 rss=620594160 live=2877484
	csg_mem tag=forest_parse_end pass=0 src=154 arena=18512992 parse_ms=1665 rss=639665160 live=2899477
	csg_mem tag=forest_parsed src=154 arena=18512992 rss=639665160 live=2899477
	csg_mem tag=forest src=155 bytes=13667 rss=620807152 live=2899480
	csg_mem tag=forest_parse_begin pass=0 src=155 reserve=0 rss=620807152 live=2899499
	csg_mem tag=forest_parse_end pass=0 src=155 arena=538080 parse_ms=18 rss=621364208 live=2900074
	csg_mem tag=forest_parsed src=155 arena=538080 rss=621380592 live=2900074
	csg_mem tag=forest src=156 bytes=38093 rss=620839920 live=2900060
	csg_mem tag=forest_parse_begin pass=0 src=156 reserve=0 rss=620889072 live=2900085
	csg_mem tag=forest_parse_end pass=0 src=156 arena=2014496 parse_ms=56 rss=622920688 live=2902234
	csg_mem tag=forest_parsed src=156 arena=2014496 rss=622920688 live=2902234
	csg_mem tag=forest src=157 bytes=11977 rss=620905456 live=2902221
	csg_mem tag=forest_parse_begin pass=0 src=157 reserve=0 rss=620921840 live=2902242
	csg_mem tag=forest_parse_end pass=0 src=157 arena=579104 parse_ms=19 rss=621528048 live=2902994
	csg_mem tag=forest_parsed src=157 arena=579104 rss=621528048 live=2902994
	csg_mem tag=forest src=158 bytes=2184453 rss=620938224 live=2902981
	csg_mem tag=forest_parse_begin pass=0 src=158 reserve=0 rss=689832992 live=2903016
	csg_mem tag=forest_parse_end pass=0 src=158 arena=73411680 parse_ms=3137 rss=767804544 live=3028248
	csg_mem tag=forest_parsed src=158 arena=73411680 rss=767804544 live=3028248
	csg_mem tag=forest src=159 bytes=10933 rss=692847648 live=3028328
	csg_mem tag=forest_parse_begin pass=0 src=159 reserve=0 rss=692864032 live=3028347
	csg_mem tag=forest_parse_end pass=0 src=159 arena=501088 parse_ms=13 rss=693404704 live=3028985
	csg_mem tag=forest_parsed src=159 arena=501088 rss=693404704 live=3028985
	csg_mem tag=forest src=160 bytes=1240 rss=692896800 live=3028974
	csg_mem tag=forest_parse_begin pass=0 src=160 reserve=0 rss=692896800 live=3028987
	csg_mem tag=forest_parse_end pass=0 src=160 arena=64000 parse_ms=1 rss=692896800 live=3029062
	csg_mem tag=forest_parsed src=160 arena=64000 rss=692896800 live=3029062
	csg_mem tag=forest src=161 bytes=9410 rss=692896800 live=3029048
	csg_mem tag=forest_parse_begin pass=0 src=161 reserve=0 rss=692929568 live=3029067
	csg_mem tag=forest_parse_end pass=0 src=161 arena=369024 parse_ms=11 rss=693322784 live=3029449
	csg_mem tag=forest_parsed src=161 arena=369024 rss=693322784 live=3029449
	csg_mem tag=forest src=162 bytes=68635 rss=692945952 live=3029436
	csg_mem tag=forest_parse_begin pass=0 src=162 reserve=0 rss=693077024 live=3029461
	csg_mem tag=forest_parse_end pass=0 src=162 arena=2996384 parse_ms=85 rss=696189984 live=3032717
	csg_mem tag=forest_parsed src=162 arena=2996384 rss=696189984 live=3032717
	csg_mem tag=forest src=163 bytes=50465 rss=693191712 live=3032705
	csg_mem tag=forest_parse_begin pass=0 src=163 reserve=0 rss=693224480 live=3032730
	csg_mem tag=forest_parse_end pass=0 src=163 arena=2227648 parse_ms=63 rss=695616544 live=3035807
	csg_mem tag=forest_parsed src=163 arena=2227648 rss=695616544 live=3035807
	csg_mem tag=forest src=164 bytes=17907 rss=693388320 live=3035797
	csg_mem tag=forest_parse_begin pass=0 src=164 reserve=0 rss=693404704 live=3035818
	csg_mem tag=forest_parse_end pass=0 src=164 arena=742784 parse_ms=23 rss=694174752 live=3036890
	csg_mem tag=forest_parsed src=164 arena=742784 rss=694174752 live=3036890
	csg_mem tag=forest src=165 bytes=5027 rss=693421088 live=3036877
	csg_mem tag=forest_parse_begin pass=0 src=165 reserve=0 rss=693437472 live=3036894
	csg_mem tag=forest_parse_end pass=0 src=165 arena=255104 parse_ms=7 rss=693781536 live=3037196
	csg_mem tag=forest_parsed src=165 arena=255104 rss=693781536 live=3037196
	csg_mem tag=forest src=166 bytes=660119 rss=693519392 live=3037182
	csg_mem tag=forest_parse_begin pass=0 src=166 reserve=0 rss=694010912 live=3037213
	csg_mem tag=forest_parse_end pass=0 src=166 arena=31122080 parse_ms=899 rss=723387448 live=3080188
	csg_mem tag=forest_parsed src=166 arena=31122080 rss=723387448 live=3080188
	csg_mem tag=forest src=167 bytes=20497 rss=694191136 live=3080188
	csg_mem tag=forest_parse_begin pass=0 src=167 reserve=0 rss=694207520 live=3080209
	csg_mem tag=forest_parse_end pass=0 src=167 arena=970752 parse_ms=25 rss=695190560 live=3081314
	csg_mem tag=forest_parsed src=167 arena=970752 rss=695190560 live=3081314
	csg_mem tag=forest src=168 bytes=40593 rss=694207520 live=3081305
	csg_mem tag=forest_parse_begin pass=0 src=168 reserve=0 rss=694223904 live=3081330
	csg_mem tag=forest_parse_end pass=0 src=168 arena=2318432 parse_ms=65 rss=696566816 live=3083579
	csg_mem tag=forest_parsed src=168 arena=2318432 rss=696566816 live=3083579
	csg_mem tag=forest src=169 bytes=46446 rss=694240288 live=3083568
	csg_mem tag=forest_parse_begin pass=0 src=169 reserve=0 rss=694240288 live=3083591
	csg_mem tag=forest_parse_end pass=0 src=169 arena=1915136 parse_ms=48 rss=696157216 live=3085697
	csg_mem tag=forest_parsed src=169 arena=1915136 rss=696157216 live=3085697
	csg_mem tag=forest src=170 bytes=1303220 rss=694240288 live=3085685
	csg_mem tag=forest_parse_begin pass=0 src=170 reserve=0 rss=695157792 live=3085718
	csg_mem tag=forest_parse_end pass=0 src=170 arena=62341184 parse_ms=1779 rss=752747624 live=3152174
	csg_mem tag=forest_parsed src=170 arena=62341184 rss=752747624 live=3152174
	csg_mem tag=forest src=171 bytes=251029 rss=695649312 live=3152172
	csg_mem tag=forest_parse_begin pass=0 src=171 reserve=0 rss=695698464 live=3152201
	csg_mem tag=forest_parse_end pass=0 src=171 arena=8745120 parse_ms=324 rss=704939040 live=3165097
	csg_mem tag=forest_parsed src=171 arena=8745120 rss=704939040 live=3165097
	csg_mem tag=forest src=172 bytes=16374 rss=696189984 live=3165095
	csg_mem tag=forest_parse_begin pass=0 src=172 reserve=0 rss=696206368 live=3165116
	csg_mem tag=forest_parse_end pass=0 src=172 arena=601984 parse_ms=21 rss=696861728 live=3166049
	csg_mem tag=forest_parsed src=172 arena=601984 rss=696861728 live=3166049
	csg_mem tag=forest src=173 bytes=25800 rss=696255520 live=3166036
	csg_mem tag=forest_parse_begin pass=0 src=173 reserve=0 rss=696288288 live=3166059
	csg_mem tag=forest_parse_end pass=0 src=173 arena=1098720 parse_ms=33 rss=697451552 live=3167253
	csg_mem tag=forest_parsed src=173 arena=1098720 rss=697451552 live=3167253
	csg_mem tag=forest src=174 bytes=148845 rss=696337440 live=3167241
	csg_mem tag=forest_parse_begin pass=0 src=174 reserve=0 rss=696599584 live=3167268
	csg_mem tag=forest_parse_end pass=0 src=174 arena=8091232 parse_ms=207 rss=704365600 live=3174578
	csg_mem tag=forest_parsed src=174 arena=8091232 rss=704365600 live=3174578
	csg_mem tag=forest src=175 bytes=67128 rss=696779808 live=3174574
	csg_mem tag=forest_parse_begin pass=0 src=175 reserve=0 rss=696960032 live=3174599
	csg_mem tag=forest_parse_end pass=0 src=175 arena=3947680 parse_ms=93 rss=701416480 live=3177949
	csg_mem tag=forest_parsed src=175 arena=3947680 rss=701416480 live=3177949
	csg_mem tag=forest src=176 bytes=78825 rss=697467936 live=3177937
	csg_mem tag=forest_parse_begin pass=0 src=176 reserve=0 rss=697648160 live=3177962
	csg_mem tag=forest_parse_end pass=0 src=176 arena=3980928 parse_ms=107 rss=702170144 live=3181799
	csg_mem tag=forest_parsed src=176 arena=3980928 rss=702170144 live=3181799
	csg_mem tag=forest src=177 bytes=21900 rss=698188832 live=3181790
	csg_mem tag=forest_parse_begin pass=0 src=177 reserve=0 rss=698221600 live=3181813
	csg_mem tag=forest_parse_end pass=0 src=177 arena=1123968 parse_ms=31 rss=699450400 live=3183004
	csg_mem tag=forest_parsed src=177 arena=1123968 rss=699450400 live=3183004
	csg_mem tag=forest src=178 bytes=23417 rss=698319904 live=3182992
	csg_mem tag=forest_parse_begin pass=0 src=178 reserve=0 rss=698352672 live=3183015
	csg_mem tag=forest_parse_end pass=0 src=178 arena=1161856 parse_ms=37 rss=699614240 live=3184621
	csg_mem tag=forest_parsed src=178 arena=1161856 rss=699614240 live=3184621
	csg_mem tag=forest src=179 bytes=22043 rss=698450976 live=3184609
	csg_mem tag=forest_parse_begin pass=0 src=179 reserve=0 rss=698483744 live=3184632
	csg_mem tag=forest_parse_end pass=0 src=179 arena=1141856 parse_ms=34 rss=699810848 live=3185913
	csg_mem tag=forest_parsed src=179 arena=1141856 rss=699810848 live=3185913
	csg_mem tag=forest src=180 bytes=47225 rss=698663968 live=3185900
	csg_mem tag=forest_parse_begin pass=0 src=180 reserve=0 rss=698729504 live=3185925
	csg_mem tag=forest_parse_end pass=0 src=180 arena=2339200 parse_ms=90 rss=701269024 live=3189172
	csg_mem tag=forest_parsed src=180 arena=2339200 rss=701269024 live=3189172
	csg_mem tag=forest src=181 bytes=30262 rss=698926112 live=3189161
	csg_mem tag=forest_parse_begin pass=0 src=181 reserve=0 rss=698958880 live=3189184
	csg_mem tag=forest_parse_end pass=0 src=181 arena=1158624 parse_ms=41 rss=700154912 live=3190975
	csg_mem tag=forest_parsed src=181 arena=1158624 rss=700154912 live=3190975
	csg_mem tag=forest src=182 bytes=48950 rss=698991648 live=3190966
	csg_mem tag=forest_parse_begin pass=0 src=182 reserve=0 rss=699024416 live=3190991
	csg_mem tag=forest_parse_end pass=0 src=182 arena=3265760 parse_ms=94 rss=702448672 live=3194305
	csg_mem tag=forest_parsed src=182 arena=3265760 rss=702448672 live=3194305
	csg_mem tag=forest src=183 bytes=1838 rss=699171872 live=3194295
	csg_mem tag=forest_parse_begin pass=0 src=183 reserve=0 rss=699171872 live=3194310
	csg_mem tag=forest_parse_end pass=0 src=183 arena=134464 parse_ms=4 rss=699368480 live=3194456
	csg_mem tag=forest_parsed src=183 arena=134464 rss=699368480 live=3194456
	csg_mem tag=forest src=184 bytes=77801 rss=699221024 live=3194442
	csg_mem tag=forest_parse_begin pass=0 src=184 reserve=0 rss=699319328 live=3194467
	csg_mem tag=forest_parse_end pass=0 src=184 arena=4007232 parse_ms=100 rss=703448096 live=3199190
	csg_mem tag=forest_parsed src=184 arena=4007232 rss=703448096 live=3199190
	csg_mem tag=forest src=185 bytes=48122 rss=699434016 live=3199184
	csg_mem tag=forest_parse_begin pass=0 src=185 reserve=0 rss=699565088 live=3199209
	csg_mem tag=forest_parse_end pass=0 src=185 arena=2178528 parse_ms=69 rss=701793312 live=3202363
	csg_mem tag=forest_parsed src=185 arena=2178528 rss=701793312 live=3202363
	csg_mem tag=forest src=186 bytes=184731 rss=699614240 live=3202352
	csg_mem tag=forest_parse_begin pass=0 src=186 reserve=0 rss=699712544 live=3202379
	csg_mem tag=forest_parse_end pass=0 src=186 arena=8187936 parse_ms=239 rss=708052000 live=3213095
	csg_mem tag=forest_parsed src=186 arena=8187936 rss=708052000 live=3213095
	csg_mem tag=forest src=187 bytes=149931 rss=699860000 live=3213094
	csg_mem tag=forest_parse_begin pass=0 src=187 reserve=0 rss=699925536 live=3213121
	csg_mem tag=forest_parse_end pass=0 src=187 arena=7709984 parse_ms=181 rss=707658784 live=3220367
	csg_mem tag=forest_parsed src=187 arena=7709984 rss=707658784 live=3220367
	csg_mem tag=forest src=188 bytes=57852 rss=699941920 live=3220360
	csg_mem tag=forest_parse_begin pass=0 src=188 reserve=0 rss=699958304 live=3220385
	csg_mem tag=forest_parse_end pass=0 src=188 arena=3874400 parse_ms=90 rss=703841312 live=3224101
	csg_mem tag=forest_parsed src=188 arena=3874400 rss=703841312 live=3224101
	csg_mem tag=forest src=189 bytes=34561 rss=699974688 live=3224090
	csg_mem tag=forest_parse_begin pass=0 src=189 reserve=0 rss=699974688 live=3224113
	csg_mem tag=forest_parse_end pass=0 src=189 arena=1181056 parse_ms=45 rss=701154336 live=3226010
	csg_mem tag=forest_parsed src=189 arena=1181056 rss=701154336 live=3226010
	csg_mem tag=forest src=190 bytes=10968 rss=699974688 live=3225998
	csg_mem tag=forest_parse_begin pass=0 src=190 reserve=0 rss=699974688 live=3226017
	csg_mem tag=forest_parse_end pass=0 src=190 arena=299616 parse_ms=10 rss=700285984 live=3226397
	csg_mem tag=forest_parsed src=190 arena=299616 rss=700285984 live=3226397
	csg_mem tag=forest src=191 bytes=8297 rss=699974688 live=3226383
	csg_mem tag=forest_parse_begin pass=0 src=191 reserve=0 rss=699974688 live=3226402
	csg_mem tag=forest_parse_end pass=0 src=191 arena=265824 parse_ms=8 rss=700253216 live=3226654
	csg_mem tag=forest_parsed src=191 arena=265824 rss=700253216 live=3226654
	csg_mem tag=forest src=192 bytes=15897 rss=700023840 live=3226640
	csg_mem tag=forest_parse_begin pass=0 src=192 reserve=0 rss=700023840 live=3226661
	csg_mem tag=forest_parse_end pass=0 src=192 arena=778688 parse_ms=25 rss=700826656 live=3227434
	csg_mem tag=forest_parsed src=192 arena=778688 rss=700826656 live=3227434
	csg_mem tag=forest src=193 bytes=4281 rss=700040224 live=3227424
	csg_mem tag=forest_parse_begin pass=0 src=193 reserve=0 rss=700040224 live=3227441
	csg_mem tag=forest_parse_end pass=0 src=193 arena=140192 parse_ms=5 rss=700187680 live=3227616
	csg_mem tag=forest_parsed src=193 arena=140192 rss=700187680 live=3227616
	csg_mem tag=forest src=194 bytes=16679 rss=700040224 live=3227604
	csg_mem tag=forest_parse_begin pass=0 src=194 reserve=0 rss=700040224 live=3227625
	csg_mem tag=forest_parse_end pass=0 src=194 arena=730336 parse_ms=23 rss=700777504 live=3228623
	csg_mem tag=forest_parsed src=194 arena=730336 rss=700777504 live=3228623
	csg_mem tag=forest src=195 bytes=22255 rss=700040224 live=3228609
	csg_mem tag=forest_parse_begin pass=0 src=195 reserve=0 rss=700040224 live=3228632
	csg_mem tag=forest_parse_end pass=0 src=195 arena=1077184 parse_ms=35 rss=701154336 live=3229855
	csg_mem tag=forest_parsed src=195 arena=1077184 rss=701154336 live=3229855
	csg_mem tag=forest src=196 bytes=11418 rss=700072992 live=3229843
	csg_mem tag=forest_parse_begin pass=0 src=196 reserve=0 rss=700072992 live=3229864
	csg_mem tag=forest_parse_end pass=0 src=196 arena=562144 parse_ms=18 rss=700646432 live=3230539
	csg_mem tag=forest_parsed src=196 arena=562144 rss=700646432 live=3230539
	csg_mem tag=forest src=197 bytes=55565 rss=700089376 live=3230526
	csg_mem tag=forest_parse_begin pass=0 src=197 reserve=0 rss=700138528 live=3230551
	csg_mem tag=forest_parse_end pass=0 src=197 arena=2286496 parse_ms=81 rss=702448672 live=3233515
	csg_mem tag=forest_parsed src=197 arena=2286496 rss=702448672 live=3233515
	csg_mem tag=forest src=198 bytes=12852 rss=700154912 live=3233504
	csg_mem tag=forest_parse_begin pass=0 src=198 reserve=0 rss=700154912 live=3233525
	csg_mem tag=forest_parse_end pass=0 src=198 arena=551392 parse_ms=18 rss=700728352 live=3234320
	csg_mem tag=forest_parsed src=198 arena=551392 rss=700728352 live=3234320
	csg_mem tag=forest src=199 bytes=16279 rss=700171296 live=3234306
	csg_mem tag=forest_parse_begin pass=0 src=199 reserve=0 rss=700171296 live=3234327
	csg_mem tag=forest_parse_end pass=0 src=199 arena=725472 parse_ms=22 rss=700974112 live=3235220
	csg_mem tag=forest_parsed src=199 arena=725472 rss=700974112 live=3235220
	csg_mem tag=forest src=200 bytes=13988 rss=700236832 live=3235207
	csg_mem tag=forest_parse_begin pass=0 src=200 reserve=0 rss=700269600 live=3235228
	csg_mem tag=forest_parse_end pass=0 src=200 arena=556256 parse_ms=20 rss=701006880 live=3236070
	csg_mem tag=forest_parsed src=200 arena=556256 rss=701006880 live=3236070
	csg_mem tag=forest src=201 bytes=16582 rss=700449824 live=3236056
	csg_mem tag=forest_parse_begin pass=0 src=201 reserve=0 rss=700466208 live=3236077
	csg_mem tag=forest_parse_end pass=0 src=201 arena=980576 parse_ms=22 rss=701482016 live=3236846
	csg_mem tag=forest_parsed src=201 arena=980576 rss=701482016 live=3236846
	csg_mem tag=forest src=202 bytes=13467 rss=700498976 live=3236833
	csg_mem tag=forest_parse_begin pass=0 src=202 reserve=0 rss=700498976 live=3236854
	csg_mem tag=forest_parse_end pass=0 src=202 arena=556256 parse_ms=18 rss=701072416 live=3237604
	csg_mem tag=forest_parsed src=202 arena=556256 rss=701072416 live=3237604
	csg_mem tag=forest src=203 bytes=9353 rss=700515360 live=3237590
	csg_mem tag=forest_parse_begin pass=0 src=203 reserve=0 rss=700531744 live=3237609
	csg_mem tag=forest_parse_end pass=0 src=203 arena=486272 parse_ms=12 rss=701203488 live=3238135
	csg_mem tag=forest_parsed src=203 arena=486272 rss=701203488 live=3238135
	csg_mem tag=forest src=204 bytes=1551 rss=700711968 live=3238121
	csg_mem tag=forest_parse_begin pass=0 src=204 reserve=0 rss=700711968 live=3238138
	csg_mem tag=forest_parse_end pass=0 src=204 arena=116288 parse_ms=3 rss=700728352 live=3238232
	csg_mem tag=forest_parsed src=204 arena=116288 rss=700728352 live=3238232
	csg_mem tag=forest src=205 bytes=5930 rss=700728352 live=3238219
	csg_mem tag=forest_parse_begin pass=0 src=205 reserve=0 rss=700728352 live=3238238
	csg_mem tag=forest_parse_end pass=0 src=205 arena=244416 parse_ms=9 rss=701121568 live=3238583
	csg_mem tag=forest_parsed src=205 arena=244416 rss=701121568 live=3238583
	csg_mem tag=forest src=206 bytes=7319 rss=700875808 live=3238570
	csg_mem tag=forest_parse_begin pass=0 src=206 reserve=0 rss=700924960 live=3238591
	csg_mem tag=forest_parse_end pass=0 src=206 arena=621280 parse_ms=18 rss=701580320 live=3239258
	csg_mem tag=forest_parsed src=206 arena=621280 rss=701580320 live=3239258
	csg_mem tag=forest src=207 bytes=14020 rss=700957728 live=3239246
	csg_mem tag=forest_parse_begin pass=0 src=207 reserve=0 rss=700957728 live=3239267
	csg_mem tag=forest_parse_end pass=0 src=207 arena=1135904 parse_ms=32 rss=702120992 live=3240399
	csg_mem tag=forest_parsed src=207 arena=1135904 rss=702137376 live=3240399
	csg_mem tag=forest src=208 bytes=13488 rss=700990496 live=3240390
	csg_mem tag=forest_parse_begin pass=0 src=208 reserve=0 rss=701006880 live=3240411
	csg_mem tag=forest_parse_end pass=0 src=208 arena=904928 parse_ms=30 rss=702088224 live=3241343
	csg_mem tag=forest_parsed src=208 arena=904928 rss=702088224 live=3241343
	csg_mem tag=forest src=209 bytes=20084 rss=701170720 live=3241329
	csg_mem tag=forest_parse_begin pass=0 src=209 reserve=0 rss=701203488 live=3241352
	csg_mem tag=forest_parse_end pass=0 src=209 arena=2075136 parse_ms=54 rss=703530016 live=3244125
	csg_mem tag=forest_parsed src=209 arena=2075136 rss=703530016 live=3244125
	csg_mem tag=forest src=210 bytes=1023 rss=701449248 live=3244115
	csg_mem tag=forest_parse_begin pass=0 src=210 reserve=0 rss=701449248 live=3244128
	csg_mem tag=forest_parse_end pass=0 src=210 arena=52704 parse_ms=2 rss=701449248 live=3244224
	csg_mem tag=forest_parsed src=210 arena=52704 rss=701449248 live=3244224
	csg_mem tag=forest src=211 bytes=5533 rss=701449248 live=3244210
	csg_mem tag=forest_parse_begin pass=0 src=211 reserve=0 rss=701449248 live=3244229
	csg_mem tag=forest_parse_end pass=0 src=211 arena=431616 parse_ms=12 rss=702071840 live=3244629
	csg_mem tag=forest_parsed src=211 arena=431616 rss=702071840 live=3244629
	csg_mem tag=forest src=212 bytes=33495 rss=701629472 live=3244616
	csg_mem tag=forest_parse_begin pass=0 src=212 reserve=0 rss=701645856 live=3244639
	csg_mem tag=forest_parse_end pass=0 src=212 arena=2308384 parse_ms=76 rss=704201760 live=3247451
	csg_mem tag=forest_parsed src=212 arena=2308384 rss=704201760 live=3247451
	csg_mem tag=forest src=213 bytes=13512 rss=701891616 live=3247439
	csg_mem tag=forest_parse_begin pass=0 src=213 reserve=0 rss=701924384 live=3247460
	csg_mem tag=forest_parse_end pass=0 src=213 arena=1011200 parse_ms=29 rss=703038496 live=3248616
	csg_mem tag=forest_parsed src=213 arena=1011200 rss=703038496 live=3248616
	csg_mem tag=forest src=214 bytes=6401 rss=702022688 live=3248602
	csg_mem tag=forest_parse_begin pass=0 src=214 reserve=0 rss=702022688 live=3248623
	csg_mem tag=forest_parse_end pass=0 src=214 arena=482464 parse_ms=14 rss=702694432 live=3249049
	csg_mem tag=forest_parsed src=214 arena=482464 rss=702694432 live=3249049
	csg_mem tag=forest src=215 bytes=50615 rss=702202912 live=3249036
	csg_mem tag=forest_parse_begin pass=0 src=215 reserve=0 rss=702268448 live=3249061
	csg_mem tag=forest_parse_end pass=0 src=215 arena=3387296 parse_ms=102 rss=705905696 live=3252834
	csg_mem tag=forest_parsed src=215 arena=3387296 rss=705905696 live=3252834
	csg_mem tag=forest src=216 bytes=1052 rss=702514208 live=3252830
	csg_mem tag=forest_parse_begin pass=0 src=216 reserve=0 rss=702514208 live=3252845
	csg_mem tag=forest_parse_end pass=0 src=216 arena=57632 parse_ms=2 rss=702546976 live=3252909
	csg_mem tag=forest_parsed src=216 arena=57632 rss=702546976 live=3252909
	csg_mem tag=forest src=217 bytes=42707 rss=702546976 live=3252896
	csg_mem tag=forest_parse_begin pass=0 src=217 reserve=0 rss=702579744 live=3252921
	csg_mem tag=forest_parse_end pass=0 src=217 arena=3378816 parse_ms=94 rss=706151456 live=3256021
	csg_mem tag=forest_parsed src=217 arena=3378816 rss=706151456 live=3256021
	csg_mem tag=forest src=218 bytes=961 rss=702759968 live=3256014
	csg_mem tag=forest_parse_begin pass=0 src=218 reserve=0 rss=702759968 live=3256029
	csg_mem tag=forest_parse_end pass=0 src=218 arena=48704 parse_ms=1 rss=702792736 live=3256076
	csg_mem tag=forest_parsed src=218 arena=48704 rss=702792736 live=3256076
	csg_mem tag=forest src=219 bytes=142651 rss=702792736 live=3256064
	csg_mem tag=forest_parse_begin pass=0 src=219 reserve=0 rss=702907424 live=3256093
	csg_mem tag=forest_parse_end pass=0 src=219 arena=7740960 parse_ms=254 rss=710788128 live=3266539
	csg_mem tag=forest_parsed src=219 arena=7740960 rss=710788128 live=3266539
	csg_mem tag=forest src=220 bytes=37592 rss=703087648 live=3266554
	csg_mem tag=forest_parse_begin pass=0 src=220 reserve=0 rss=703087648 live=3266577
	csg_mem tag=forest_parse_end pass=0 src=220 arena=1904480 parse_ms=59 rss=705070112 live=3268602
	csg_mem tag=forest_parsed src=220 arena=1904480 rss=705070112 live=3268602
	csg_mem tag=forest src=221 bytes=4151 rss=703153184 live=3268588
	csg_mem tag=forest_parse_begin pass=0 src=221 reserve=0 rss=703153184 live=3268607
	csg_mem tag=forest_parse_end pass=0 src=221 arena=322112 parse_ms=12 rss=703497248 live=3269017
	csg_mem tag=forest_parsed src=221 arena=322112 rss=703497248 live=3269017
	csg_mem tag=forest src=222 bytes=7309 rss=703169568 live=3269004
	csg_mem tag=forest_parse_begin pass=0 src=222 reserve=0 rss=703169568 live=3269025
	csg_mem tag=forest_parse_end pass=0 src=222 arena=582336 parse_ms=17 rss=703792160 live=3269627
	csg_mem tag=forest_parsed src=222 arena=582336 rss=703792160 live=3269627
	csg_mem tag=forest src=223 bytes=10874 rss=703202336 live=3269613
	csg_mem tag=forest_parse_begin pass=0 src=223 reserve=0 rss=703218720 live=3269634
	csg_mem tag=forest_parse_end pass=0 src=223 arena=844128 parse_ms=23 rss=704119840 live=3270535
	csg_mem tag=forest_parsed src=223 arena=844128 rss=704119840 live=3270535
	csg_mem tag=forest src=224 bytes=2184 rss=703267872 live=3270524
	csg_mem tag=forest_parse_begin pass=0 src=224 reserve=0 rss=703267872 live=3270541
	csg_mem tag=forest_parse_end pass=0 src=224 arena=199136 parse_ms=6 rss=703497248 live=3270669
	csg_mem tag=forest_parsed src=224 arena=199136 rss=703497248 live=3270669
	csg_mem tag=forest src=225 bytes=2730 rss=703284256 live=3270655
	csg_mem tag=forest_parse_begin pass=0 src=225 reserve=0 rss=703300640 live=3270672
	csg_mem tag=forest_parse_end pass=0 src=225 arena=220992 parse_ms=6 rss=703530016 live=3270837
	csg_mem tag=forest_parsed src=225 arena=220992 rss=703530016 live=3270837
	csg_mem tag=forest src=226 bytes=13214 rss=703300640 live=3270825
	csg_mem tag=forest_parse_begin pass=0 src=226 reserve=0 rss=703300640 live=3270846
	csg_mem tag=forest_parse_end pass=0 src=226 arena=956544 parse_ms=29 rss=704332832 live=3271856
	csg_mem tag=forest_parsed src=226 arena=956544 rss=704332832 live=3271856
	csg_mem tag=forest src=227 bytes=170 rss=703366176 live=3271844
	csg_mem tag=forest_parse_begin pass=0 src=227 reserve=0 rss=703382560 live=3271855
	csg_mem tag=forest_parse_end pass=0 src=227 arena=10176 parse_ms=0 rss=703382560 live=3271876
	csg_mem tag=forest_parsed src=227 arena=10176 rss=703382560 live=3271876
	csg_mem tag=forest src=228 bytes=13660 rss=703382560 live=3271862
	csg_mem tag=forest_parse_begin pass=0 src=228 reserve=0 rss=703415328 live=3271885
	csg_mem tag=forest_parse_end pass=0 src=228 arena=1243744 parse_ms=37 rss=704709664 live=3272950
	csg_mem tag=forest_parsed src=228 arena=1243744 rss=704709664 live=3272950
	csg_mem tag=forest src=229 bytes=13065 rss=703464480 live=3272936
	csg_mem tag=forest_parse_begin pass=0 src=229 reserve=0 rss=703464480 live=3272957
	csg_mem tag=forest_parse_end pass=0 src=229 arena=1160288 parse_ms=34 rss=704676896 live=3274053
	csg_mem tag=forest_parsed src=229 arena=1160288 rss=704676896 live=3274053
	csg_mem tag=forest src=230 bytes=103363 rss=703513632 live=3274040
	csg_mem tag=forest_parse_begin pass=0 src=230 reserve=0 rss=703546400 live=3274067
	csg_mem tag=forest_parse_end pass=0 src=230 arena=5081696 parse_ms=173 rss=708674592 live=3282293
	csg_mem tag=forest_parsed src=230 arena=5081696 rss=708674592 live=3282293
	csg_mem tag=forest src=231 bytes=5655 rss=703611936 live=3282304
	csg_mem tag=forest_parse_begin pass=0 src=231 reserve=0 rss=703611936 live=3282323
	csg_mem tag=forest_parse_end pass=0 src=231 arena=473504 parse_ms=16 rss=704119840 live=3282938
	csg_mem tag=forest_parsed src=231 arena=473504 rss=704119840 live=3282938
	csg_mem tag=forest src=232 bytes=8447 rss=703644704 live=3282926
	csg_mem tag=forest_parse_begin pass=0 src=232 reserve=0 rss=703644704 live=3282947
	csg_mem tag=forest_parse_end pass=0 src=232 arena=448320 parse_ms=14 rss=704103456 live=3283414
	csg_mem tag=forest_parsed src=232 arena=448320 rss=704103456 live=3283414
	csg_mem tag=forest src=233 bytes=2526 rss=703644704 live=3283405
	csg_mem tag=forest_parse_begin pass=0 src=233 reserve=0 rss=703644704 live=3283422
	csg_mem tag=forest_parse_end pass=0 src=233 arena=117280 parse_ms=3 rss=703644704 live=3283493
	csg_mem tag=forest_parsed src=233 arena=117280 rss=703644704 live=3283493
	csg_mem tag=ta_limits tokens=3631946 type_syntax=158351 type_syntax_children=58789 enum_variants=975 declaration_symbols=1315 functions=17460 bracket_args=1277 generic_symbols=111 generic_symbol_children=0 column_rows=17859511 column_bytes=71438044 rss=703677472 live=3283478
	csg_mem tag=forest_build_done rss=703677472 live=3283478
	csg_mem tag=decl_index entries=1315 sources=234 type_syntax=158351 declarations=156076 verified=0 rss=703677472 live=3283478
	csg_mem tag=ta_limits tokens=3631946 type_syntax=158351 type_syntax_children=58789 enum_variants=975 declaration_symbols=1315 functions=17460 bracket_args=1277 generic_symbols=111 generic_symbol_children=0 column_rows=17859511 column_bytes=71438044 rss=703677472 live=3283529
	csg_mem tag=p1_arena_reserved rss=744178744 live=3283821
	csg_mem tag=p1_ctx_index_built rss=771376232 live=3597339
	csg_mem tag=forest src=0 bytes=7371 rss=771376232 live=3597341
	csg_mem tag=forest_parse_begin pass=1 src=0 reserve=332992 rss=771376232 live=3597367
	csg_mem tag=forest_appended src=0 forest_arena=86204744 rss=778896536 live=3598882
	csg_mem tag=ta_stream src=0 arena=86204744 rss=778896536 live=3598882
	csg_mem tag=forest src=1 bytes=9952 rss=778896536 live=3598876
	csg_mem tag=forest_parse_begin pass=1 src=1 reserve=590400 rss=778912920 live=3598904
	csg_mem tag=forest_appended src=1 forest_arena=86209864 rss=796525720 live=3601343
	csg_mem tag=ta_stream src=1 arena=86209864 rss=796525720 live=3601343
	csg_mem tag=forest src=2 bytes=817253 rss=796525720 live=3601337
	csg_mem tag=forest_parse_begin pass=1 src=2 reserve=33687488 rss=800081048 live=3601377
	csg_mem tag=forest_appended src=2 forest_arena=86347176 rss=869188832 live=3663590
	csg_mem tag=ta_stream src=2 arena=86347176 rss=869205216 live=3663590
	csg_mem tag=forest src=3 bytes=94454 rss=869205216 live=3663584
	csg_mem tag=forest_parse_begin pass=1 src=3 reserve=2989344 rss=869418208 live=3663616
	csg_mem tag=forest_appended src=3 forest_arena=86347176 rss=872613088 live=3670742
	csg_mem tag=ta_stream src=3 arena=86347176 rss=872613088 live=3670742
	csg_mem tag=forest src=4 bytes=59923 rss=872613088 live=3670736
	csg_mem tag=forest_parse_begin pass=1 src=4 reserve=2154880 rss=872809696 live=3670768
	csg_mem tag=forest_appended src=4 forest_arena=86347176 rss=873596128 live=3674035
	csg_mem tag=ta_stream src=4 arena=86347176 rss=873596128 live=3674035
	csg_mem tag=forest src=5 bytes=136411 rss=873596128 live=3674029
	csg_mem tag=forest_parse_begin pass=1 src=5 reserve=4724416 rss=873940192 live=3674063
	csg_mem tag=forest_appended src=5 forest_arena=86347176 rss=878216416 live=3686043
	csg_mem tag=ta_stream src=5 arena=86347176 rss=878216416 live=3686043
	csg_mem tag=forest src=6 bytes=164754 rss=878216416 live=3686037
	csg_mem tag=forest_parse_begin pass=1 src=6 reserve=7853632 rss=878576864 live=3686071
	csg_mem tag=forest_appended src=6 forest_arena=86363560 rss=879969504 live=3697638
	csg_mem tag=ta_stream src=6 arena=86363560 rss=879969504 live=3697638
	csg_mem tag=forest src=7 bytes=126542 rss=879969504 live=3697632
	csg_mem tag=forest_parse_begin pass=1 src=7 reserve=4609888 rss=880084192 live=3697666
	csg_mem tag=forest_appended src=7 forest_arena=86363560 rss=884868320 live=3708606
	csg_mem tag=ta_stream src=7 arena=86363560 rss=884868320 live=3708606
	csg_mem tag=forest src=8 bytes=108814 rss=884868320 live=3708600
	csg_mem tag=forest_parse_begin pass=1 src=8 reserve=4430240 rss=884966624 live=3708634
	csg_mem tag=forest_appended src=8 forest_arena=86363560 rss=889521376 live=3718618
	csg_mem tag=ta_stream src=8 arena=86363560 rss=889521376 live=3718618
	csg_mem tag=forest src=9 bytes=97046 rss=889521376 live=3718612
	csg_mem tag=forest_parse_begin pass=1 src=9 reserve=4022880 rss=889586912 live=3718644
	csg_mem tag=forest_appended src=9 forest_arena=86363560 rss=889865440 live=3724746
	csg_mem tag=ta_stream src=9 arena=86363560 rss=889865440 live=3724746
	csg_mem tag=forest src=10 bytes=263042 rss=889865440 live=3724740
	csg_mem tag=forest_parse_begin pass=1 src=10 reserve=9374496 rss=890193120 live=3724776
	csg_mem tag=forest_appended src=10 forest_arena=86495592 rss=954107152 live=3748826
	csg_mem tag=ta_stream src=10 arena=86495592 rss=954107152 live=3748826
	csg_mem tag=forest src=11 bytes=30477 rss=954107152 live=3748820
	csg_mem tag=forest_parse_begin pass=1 src=11 reserve=2329120 rss=954189072 live=3748850
	csg_mem tag=forest_appended src=11 forest_arena=86495592 rss=954975504 live=3755813
	csg_mem tag=ta_stream src=11 arena=86495592 rss=954975504 live=3755813
	csg_mem tag=forest src=12 bytes=17051 rss=954975504 live=3755807
	csg_mem tag=forest_parse_begin pass=1 src=12 reserve=844704 rss=954991888 live=3755835
	csg_mem tag=forest_appended src=12 forest_arena=86495592 rss=955041040 live=3757115
	csg_mem tag=ta_stream src=12 arena=86495592 rss=955041040 live=3757115
	csg_mem tag=forest src=13 bytes=11252 rss=955041040 live=3757109
	csg_mem tag=forest_parse_begin pass=1 src=13 reserve=640256 rss=955041040 live=3757135
	csg_mem tag=forest_appended src=13 forest_arena=86495592 rss=955778320 live=3760006
	csg_mem tag=ta_stream src=13 arena=86495592 rss=955778320 live=3760006
	csg_mem tag=forest src=14 bytes=520230 rss=955778320 live=3760000
	csg_mem tag=forest_parse_begin pass=1 src=14 reserve=42706688 rss=956531984 live=3760038
	csg_mem tag=forest_appended src=14 forest_arena=86495592 rss=959415568 live=3800826
	csg_mem tag=ta_stream src=14 arena=86495592 rss=959415568 live=3800826
	csg_mem tag=forest src=15 bytes=1170 rss=959415568 live=3800820
	csg_mem tag=forest_parse_begin pass=1 src=15 reserve=86080 rss=959415568 live=3800840
	csg_mem tag=forest_appended src=15 forest_arena=86495592 rss=959431952 live=3800945
	csg_mem tag=ta_stream src=15 arena=86495592 rss=959431952 live=3800945
	csg_mem tag=forest src=16 bytes=99478 rss=959431952 live=3800939
	csg_mem tag=forest_parse_begin pass=1 src=16 reserve=3501280 rss=959464720 live=3800971
	csg_mem tag=forest_appended src=16 forest_arena=86495592 rss=1004012840 live=3815901
	csg_mem tag=ta_stream src=16 arena=86495592 rss=1004012840 live=3815901
	csg_mem tag=forest src=17 bytes=1232 rss=1004012840 live=3815895
	csg_mem tag=forest_parse_begin pass=1 src=17 reserve=74944 rss=1004012840 live=3815915
	csg_mem tag=forest_appended src=17 forest_arena=86495592 rss=1004045608 live=3815977
	csg_mem tag=ta_stream src=17 arena=86495592 rss=1004045608 live=3815977
	csg_mem tag=forest src=18 bytes=1854 rss=1004045608 live=3815971
	csg_mem tag=forest_parse_begin pass=1 src=18 reserve=77312 rss=1004045608 live=3815991
	csg_mem tag=forest_appended src=18 forest_arena=86495592 rss=1004225832 live=3816095
	csg_mem tag=ta_stream src=18 arena=86495592 rss=1004225832 live=3816095
	csg_mem tag=forest src=19 bytes=3277 rss=1004225832 live=3816089
	csg_mem tag=forest_parse_begin pass=1 src=19 reserve=148384 rss=1004225832 live=3816111
	csg_mem tag=forest_appended src=19 forest_arena=86495592 rss=1004750120 live=3816421
	csg_mem tag=ta_stream src=19 arena=86495592 rss=1004750120 live=3816421
	csg_mem tag=forest src=20 bytes=7479 rss=1004750120 live=3816415
	csg_mem tag=forest_parse_begin pass=1 src=20 reserve=347776 rss=1004750120 live=3816441
	csg_mem tag=forest_appended src=20 forest_arena=86495592 rss=1005126952 live=3817229
	csg_mem tag=ta_stream src=20 arena=86495592 rss=1005126952 live=3817229
	csg_mem tag=forest src=21 bytes=3268 rss=1005126952 live=3817223
	csg_mem tag=forest_parse_begin pass=1 src=21 reserve=149952 rss=1005126952 live=3817247
	csg_mem tag=forest_appended src=21 forest_arena=86495592 rss=1005159720 live=3817694
	csg_mem tag=ta_stream src=21 arena=86495592 rss=1005159720 live=3817694
	csg_mem tag=forest src=22 bytes=89269 rss=1005159720 live=3817688
	csg_mem tag=forest_parse_begin pass=1 src=22 reserve=4730080 rss=1005258024 live=3817722
	csg_mem tag=forest_appended src=22 forest_arena=86528360 rss=1035257152 live=3829710
	csg_mem tag=ta_stream src=22 arena=86528360 rss=1035257152 live=3829710
	csg_mem tag=forest src=23 bytes=25398 rss=1035257152 live=3829704
	csg_mem tag=forest_parse_begin pass=1 src=23 reserve=2084096 rss=1035257152 live=3829734
	csg_mem tag=forest_appended src=23 forest_arena=86528360 rss=1036059968 live=3834033
	csg_mem tag=ta_stream src=23 arena=86528360 rss=1036059968 live=3834033
	csg_mem tag=forest src=24 bytes=36083 rss=1036059968 live=3834027
	csg_mem tag=forest_parse_begin pass=1 src=24 reserve=1605088 rss=1036092736 live=3834057
	csg_mem tag=forest_appended src=24 forest_arena=86528360 rss=1041352000 live=3838539
	csg_mem tag=ta_stream src=24 arena=86528360 rss=1041352000 live=3838539
	csg_mem tag=forest src=25 bytes=29310 rss=1041368384 live=3838533
	csg_mem tag=forest_parse_begin pass=1 src=25 reserve=1202464 rss=1041417536 live=3838563
	csg_mem tag=forest_appended src=25 forest_arena=86528360 rss=1042122048 live=3840622
	csg_mem tag=ta_stream src=25 arena=86528360 rss=1042122048 live=3840622
	csg_mem tag=forest src=26 bytes=21459 rss=1042122048 live=3840616
	csg_mem tag=forest_parse_begin pass=1 src=26 reserve=1165504 rss=1042138432 live=3840644
	csg_mem tag=forest_appended src=26 forest_arena=86528360 rss=1042728256 live=3842636
	csg_mem tag=ta_stream src=26 arena=86528360 rss=1042728256 live=3842636
	csg_mem tag=forest src=27 bytes=1082 rss=1042728256 live=3842630
	csg_mem tag=forest_parse_begin pass=1 src=27 reserve=130112 rss=1042728256 live=3842650
	csg_mem tag=forest_appended src=27 forest_arena=86528360 rss=1042924864 live=3842788
	csg_mem tag=ta_stream src=27 arena=86528360 rss=1042924864 live=3842788
	csg_mem tag=forest src=28 bytes=5750 rss=1042924864 live=3842782
	csg_mem tag=forest_parse_begin pass=1 src=28 reserve=325856 rss=1042941248 live=3842808
	csg_mem tag=forest_appended src=28 forest_arena=86528360 rss=1043367232 live=3843489
	csg_mem tag=ta_stream src=28 arena=86528360 rss=1043367232 live=3843489
	csg_mem tag=forest src=29 bytes=59609 rss=1043367232 live=3843483
	csg_mem tag=forest_parse_begin pass=1 src=29 reserve=3300512 rss=1043547456 live=3843515
	csg_mem tag=forest_appended src=29 forest_arena=86528360 rss=1053574464 live=3849145
	csg_mem tag=ta_stream src=29 arena=86528360 rss=1053574464 live=3849145
	csg_mem tag=forest src=30 bytes=50794 rss=1053574464 live=3849139
	csg_mem tag=forest_parse_begin pass=1 src=30 reserve=2303808 rss=1053705536 live=3849171
	csg_mem tag=forest_appended src=30 forest_arena=86528360 rss=1065616728 live=3854704
	csg_mem tag=ta_stream src=30 arena=86528360 rss=1065616728 live=3854704
	csg_mem tag=forest src=31 bytes=52710 rss=1065616728 live=3854698
	csg_mem tag=forest_parse_begin pass=1 src=31 reserve=2312960 rss=1065747800 live=3854730
	csg_mem tag=forest_appended src=31 forest_arena=86528360 rss=1071007064 live=3859221
	csg_mem tag=ta_stream src=31 arena=86528360 rss=1071007064 live=3859221
	csg_mem tag=forest src=32 bytes=2252 rss=1071007064 live=3859215
	csg_mem tag=forest_parse_begin pass=1 src=32 reserve=161120 rss=1071007064 live=3859237
	csg_mem tag=forest_appended src=32 forest_arena=86528360 rss=1073366384 live=3859586
	csg_mem tag=ta_stream src=32 arena=86528360 rss=1073366384 live=3859586
	csg_mem tag=forest src=33 bytes=48367 rss=1073366384 live=3859580
	csg_mem tag=forest_parse_begin pass=1 src=33 reserve=2049152 rss=1073399152 live=3859610
	csg_mem tag=forest_appended src=33 forest_arena=86528360 rss=1079494000 live=3864094
	csg_mem tag=ta_stream src=33 arena=86528360 rss=1079494000 live=3864094
	csg_mem tag=forest src=34 bytes=16779 rss=1079494000 live=3864088
	csg_mem tag=forest_parse_begin pass=1 src=34 reserve=1136064 rss=1079510384 live=3864116
	csg_mem tag=forest_appended src=34 forest_arena=86528360 rss=1084245360 live=3866178
	csg_mem tag=ta_stream src=34 arena=86528360 rss=1084245360 live=3866178
	csg_mem tag=forest src=35 bytes=241090 rss=1084245360 live=3866172
	csg_mem tag=forest_parse_begin pass=1 src=35 reserve=9308256 rss=1084671344 live=3866208
	csg_mem tag=forest_appended src=35 forest_arena=86790504 rss=1088947568 live=3886439
	csg_mem tag=ta_stream src=35 arena=86790504 rss=1088947568 live=3886439
	csg_mem tag=forest src=36 bytes=21751 rss=1088947568 live=3886433
	csg_mem tag=forest_parse_begin pass=1 src=36 reserve=1196704 rss=1088963952 live=3886463
	csg_mem tag=forest_appended src=36 forest_arena=86790504 rss=1094780272 live=3888656
	csg_mem tag=ta_stream src=36 arena=86790504 rss=1094780272 live=3888656
	csg_mem tag=forest src=37 bytes=91449 rss=1094780272 live=3888650
	csg_mem tag=forest_parse_begin pass=1 src=37 reserve=8008672 rss=1094960496 live=3888684
	csg_mem tag=forest_appended src=37 forest_arena=86790504 rss=1107346824 live=3901465
	csg_mem tag=ta_stream src=37 arena=86790504 rss=1107346824 live=3901465
	csg_mem tag=forest src=38 bytes=22555 rss=1107346824 live=3901459
	csg_mem tag=forest_parse_begin pass=1 src=38 reserve=1245440 rss=1107346824 live=3901489
	csg_mem tag=forest_appended src=38 forest_arena=86790504 rss=1107674504 live=3905639
	csg_mem tag=ta_stream src=38 arena=86790504 rss=1107674504 live=3905639
	csg_mem tag=forest src=39 bytes=16869 rss=1107674504 live=3905633
	csg_mem tag=forest_parse_begin pass=1 src=39 reserve=1177632 rss=1107707272 live=3905661
	csg_mem tag=forest_appended src=39 forest_arena=86790504 rss=1107838344 live=3908839
	csg_mem tag=ta_stream src=39 arena=86790504 rss=1107838344 live=3908839
	csg_mem tag=forest src=40 bytes=42339 rss=1107854728 live=3908833
	csg_mem tag=forest_parse_begin pass=1 src=40 reserve=3180768 rss=1107871112 live=3908863
	csg_mem tag=forest_appended src=40 forest_arena=86790504 rss=1119241608 live=3916527
	csg_mem tag=ta_stream src=40 arena=86790504 rss=1119241608 live=3916527
	csg_mem tag=forest src=41 bytes=16263 rss=1119241608 live=3916521
	csg_mem tag=forest_parse_begin pass=1 src=41 reserve=1110304 rss=1119241608 live=3916549
	csg_mem tag=forest_appended src=41 forest_arena=86790504 rss=1119487368 live=3919555
	csg_mem tag=ta_stream src=41 arena=86790504 rss=1119487368 live=3919555
	csg_mem tag=forest src=42 bytes=14980 rss=1119487368 live=3919549
	csg_mem tag=forest_parse_begin pass=1 src=42 reserve=1110176 rss=1119503752 live=3919577
	csg_mem tag=forest_appended src=42 forest_arena=86790504 rss=1119585672 live=3922488
	csg_mem tag=ta_stream src=42 arena=86790504 rss=1119585672 live=3922488
	csg_mem tag=forest src=43 bytes=1470 rss=1119585672 live=3922482
	csg_mem tag=forest_parse_begin pass=1 src=43 reserve=133856 rss=1119585672 live=3922504
	csg_mem tag=forest_appended src=43 forest_arena=86790504 rss=1124140424 live=3922865
	csg_mem tag=ta_stream src=43 arena=86790504 rss=1124140424 live=3922865
	csg_mem tag=forest src=44 bytes=45177 rss=1124140424 live=3922859
	csg_mem tag=forest_parse_begin pass=1 src=44 reserve=2249056 rss=1124156808 live=3922891
	csg_mem tag=forest_appended src=44 forest_arena=86790504 rss=1126811016 live=3927327
	csg_mem tag=ta_stream src=44 arena=86790504 rss=1126811016 live=3927327
	csg_mem tag=forest src=45 bytes=3258 rss=1126811016 live=3927321
	csg_mem tag=forest_parse_begin pass=1 src=45 reserve=270816 rss=1126827400 live=3927345
	csg_mem tag=forest_appended src=45 forest_arena=86790504 rss=1127237000 live=3927791
	csg_mem tag=ta_stream src=45 arena=86790504 rss=1127237000 live=3927791
	csg_mem tag=forest src=46 bytes=1452 rss=1127237000 live=3927785
	csg_mem tag=forest_parse_begin pass=1 src=46 reserve=107872 rss=1127253384 live=3927807
	csg_mem tag=forest_appended src=46 forest_arena=86790504 rss=1127744904 live=3927982
	csg_mem tag=ta_stream src=46 arena=86790504 rss=1127744904 live=3927982
	csg_mem tag=forest src=47 bytes=1498710 rss=1127744904 live=3927976
	csg_mem tag=forest_parse_begin pass=1 src=47 reserve=63084928 rss=1130792352 live=3928016
	csg_mem tag=forest_appended src=47 forest_arena=86856040 rss=1213662696 live=4034749
	csg_mem tag=ta_stream src=47 arena=86856040 rss=1213662696 live=4034749
	csg_mem tag=forest src=48 bytes=15407 rss=1213662696 live=4034743
	csg_mem tag=forest_parse_begin pass=1 src=48 reserve=1044512 rss=1213662696 live=4034771
	csg_mem tag=forest_appended src=48 forest_arena=86856040 rss=1218725352 live=4036321
	csg_mem tag=ta_stream src=48 arena=86856040 rss=1218725352 live=4036321
	csg_mem tag=forest src=49 bytes=36412 rss=1218725352 live=4036315
	csg_mem tag=forest_parse_begin pass=1 src=49 reserve=2292480 rss=1218807272 live=4036345
	csg_mem tag=forest_appended src=49 forest_arena=86856040 rss=1219593704 live=4041531
	csg_mem tag=ta_stream src=49 arena=86856040 rss=1219593704 live=4041531
	csg_mem tag=forest src=50 bytes=212055 rss=1219593704 live=4041525
	csg_mem tag=forest_parse_begin pass=1 src=50 reserve=9256128 rss=1219905000 live=4041559
	csg_mem tag=forest_appended src=50 forest_arena=86856040 rss=1240925696 live=4062668
	csg_mem tag=ta_stream src=50 arena=86856040 rss=1240925696 live=4062668
	csg_mem tag=forest src=51 bytes=714 rss=1240925696 live=4062662
	csg_mem tag=forest_parse_begin pass=1 src=51 reserve=103104 rss=1240925696 live=4062682
	csg_mem tag=forest_appended src=51 forest_arena=86856040 rss=1241433600 live=4062784
	csg_mem tag=ta_stream src=51 arena=86856040 rss=1241433600 live=4062784
	csg_mem tag=forest src=52 bytes=15736 rss=1241433600 live=4062778
	csg_mem tag=forest_parse_begin pass=1 src=52 reserve=631392 rss=1241449984 live=4062806
	csg_mem tag=forest_appended src=52 forest_arena=86856040 rss=1241941504 live=4064037
	csg_mem tag=ta_stream src=52 arena=86856040 rss=1241941504 live=4064037
	csg_mem tag=forest src=53 bytes=15907 rss=1241941504 live=4064031
	csg_mem tag=forest_parse_begin pass=1 src=53 reserve=813696 rss=1241957888 live=4064059
	csg_mem tag=forest_appended src=53 forest_arena=86856040 rss=1246529024 live=4065874
	csg_mem tag=ta_stream src=53 arena=86856040 rss=1246529024 live=4065874
	csg_mem tag=forest src=54 bytes=18039 rss=1246529024 live=4065868
	csg_mem tag=forest_parse_begin pass=1 src=54 reserve=1037600 rss=1246529024 live=4065896
	csg_mem tag=forest_appended src=54 forest_arena=86856040 rss=1251476992 live=4067422
	csg_mem tag=ta_stream src=54 arena=86856040 rss=1251476992 live=4067422
	csg_mem tag=forest src=55 bytes=7239 rss=1251476992 live=4067416
	csg_mem tag=forest_parse_begin pass=1 src=55 reserve=628384 rss=1251476992 live=4067442
	csg_mem tag=forest_appended src=55 forest_arena=86856040 rss=1254163968 live=4068654
	csg_mem tag=ta_stream src=55 arena=86856040 rss=1254163968 live=4068654
	csg_mem tag=forest src=56 bytes=11717 rss=1254163968 live=4068648
	csg_mem tag=forest_parse_begin pass=1 src=56 reserve=606176 rss=1254180352 live=4068676
	csg_mem tag=forest_appended src=56 forest_arena=86856040 rss=1259062784 live=4070079
	csg_mem tag=ta_stream src=56 arena=86856040 rss=1259062784 live=4070079
	csg_mem tag=forest src=57 bytes=2498 rss=1259062784 live=4070073
	csg_mem tag=forest_parse_begin pass=1 src=57 reserve=173568 rss=1259062784 live=4070097
	csg_mem tag=forest_appended src=57 forest_arena=86856040 rss=1264059904 live=4070548
	csg_mem tag=ta_stream src=57 arena=86856040 rss=1264059904 live=4070548
	csg_mem tag=forest src=58 bytes=9947 rss=1264059904 live=4070542
	csg_mem tag=forest_parse_begin pass=1 src=58 reserve=628064 rss=1264076288 live=4070570
	csg_mem tag=forest_appended src=58 forest_arena=86856040 rss=1269024256 live=4071808
	csg_mem tag=ta_stream src=58 arena=86856040 rss=1269024256 live=4071808
	csg_mem tag=forest src=59 bytes=59910 rss=1269024256 live=4071802
	csg_mem tag=forest_parse_begin pass=1 src=59 reserve=2395456 rss=1269155328 live=4071834
	csg_mem tag=forest_appended src=59 forest_arena=86856040 rss=1283294720 live=4077675
	csg_mem tag=ta_stream src=59 arena=86856040 rss=1283294720 live=4077675
	csg_mem tag=forest src=60 bytes=4463 rss=1283294720 live=4077669
	csg_mem tag=forest_parse_begin pass=1 src=60 reserve=311968 rss=1283311104 live=4077693
	csg_mem tag=forest_appended src=60 forest_arena=86856040 rss=1283737088 live=4078267
	csg_mem tag=ta_stream src=60 arena=86856040 rss=1283737088 live=4078267
	csg_mem tag=forest src=61 bytes=4513921 rss=1283737088 live=4078261
	csg_mem tag=forest_parse_begin pass=1 src=61 reserve=140326336 rss=1293501952 live=4078305
	csg_mem tag=forest_appended src=61 forest_arena=87380328 rss=1342146120 live=4354156
	csg_mem tag=ta_stream src=61 arena=87380328 rss=1342146120 live=4354156
	csg_mem tag=forest src=62 bytes=214132 rss=1339868744 live=4354150
	csg_mem tag=forest_parse_begin pass=1 src=62 reserve=9212704 rss=1339885128 live=4354186
	csg_mem tag=forest_appended src=62 forest_arena=87380328 rss=1349895776 live=4373569
	csg_mem tag=ta_stream src=62 arena=87380328 rss=1349895776 live=4373569
	csg_mem tag=forest src=63 bytes=146632 rss=1349895776 live=4373563
	csg_mem tag=forest_parse_begin pass=1 src=63 reserve=7960864 rss=1350059616 live=4373597
	csg_mem tag=forest_appended src=63 forest_arena=87380328 rss=1371211360 live=4387234
	csg_mem tag=ta_stream src=63 arena=87380328 rss=1371211360 live=4387234
	csg_mem tag=forest src=64 bytes=60278 rss=1371211360 live=4387228
	csg_mem tag=forest_parse_begin pass=1 src=64 reserve=2303296 rss=1371276896 live=4387260
	csg_mem tag=forest_appended src=64 forest_arena=87380328 rss=1378715232 live=4392283
	csg_mem tag=ta_stream src=64 arena=87380328 rss=1378715232 live=4392283
	csg_mem tag=forest src=65 bytes=26513 rss=1378715232 live=4392277
	csg_mem tag=forest_parse_begin pass=1 src=65 reserve=1995360 rss=1378748000 live=4392307
	csg_mem tag=forest_appended src=65 forest_arena=87380328 rss=1383745120 live=4395651
	csg_mem tag=ta_stream src=65 arena=87380328 rss=1383745120 live=4395651
	csg_mem tag=forest src=66 bytes=115864 rss=1383745120 live=4395645
	csg_mem tag=forest_parse_begin pass=1 src=66 reserve=7930400 rss=1384023648 live=4395679
	csg_mem tag=forest_appended src=66 forest_arena=87511400 rss=1394312824 live=4408917
	csg_mem tag=ta_stream src=66 arena=87511400 rss=1394312824 live=4408917
	csg_mem tag=forest src=67 bytes=342860 rss=1394312824 live=4408911
	csg_mem tag=forest_parse_begin pass=1 src=67 reserve=15800960 rss=1395082872 live=4408947
	csg_mem tag=forest_appended src=67 forest_arena=87511400 rss=1437714064 live=4443724
	csg_mem tag=ta_stream src=67 arena=87511400 rss=1437714064 live=4443724
	csg_mem tag=forest src=68 bytes=93793 rss=1437714064 live=4443718
	csg_mem tag=forest_parse_begin pass=1 src=68 reserve=4565024 rss=1437910672 live=4443752
	csg_mem tag=forest_appended src=68 forest_arena=87511400 rss=1442481808 live=4453075
	csg_mem tag=ta_stream src=68 arena=87511400 rss=1442481808 live=4453075
	csg_mem tag=forest src=69 bytes=18553 rss=1442481808 live=4453069
	csg_mem tag=forest_parse_begin pass=1 src=69 reserve=1625664 rss=1442481808 live=4453097
	csg_mem tag=forest_appended src=69 forest_arena=87511400 rss=1442875024 live=4459581
	csg_mem tag=ta_stream src=69 arena=87511400 rss=1442875024 live=4459581
	csg_mem tag=forest src=70 bytes=23302 rss=1442875024 live=4459575
	csg_mem tag=forest_parse_begin pass=1 src=70 reserve=1144480 rss=1442891408 live=4459605
	csg_mem tag=forest_appended src=70 forest_arena=87512424 rss=1447757456 live=4462783
	csg_mem tag=ta_stream src=70 arena=87512424 rss=1447757456 live=4462783
	csg_mem tag=forest src=71 bytes=12094 rss=1447757456 live=4462777
	csg_mem tag=forest_parse_begin pass=1 src=71 reserve=550048 rss=1447773840 live=4462803
	csg_mem tag=forest_appended src=71 forest_arena=87512424 rss=1448298128 live=4463950
	csg_mem tag=ta_stream src=71 arena=87512424 rss=1448298128 live=4463950
	csg_mem tag=forest src=72 bytes=373101 rss=1448298128 live=4463944
	csg_mem tag=forest_parse_begin pass=1 src=72 reserve=15859040 rss=1448691344 live=4463980
	csg_mem tag=forest_appended src=72 forest_arena=87512424 rss=1477330576 live=4492408
	csg_mem tag=ta_stream src=72 arena=87512424 rss=1477330576 live=4492408
	csg_mem tag=forest src=73 bytes=5619 rss=1477330576 live=4492402
	csg_mem tag=forest_parse_begin pass=1 src=73 reserve=271584 rss=1477330576 live=4492428
	csg_mem tag=forest_appended src=73 forest_arena=87512424 rss=1477412496 live=4493000
	csg_mem tag=ta_stream src=73 arena=87512424 rss=1477412496 live=4493000
	csg_mem tag=forest src=74 bytes=256078 rss=1477412496 live=4492994
	csg_mem tag=forest_parse_begin pass=1 src=74 reserve=9185664 rss=1477510800 live=4493030
	csg_mem tag=forest_appended src=74 forest_arena=87512424 rss=1488979600 live=4511701
	csg_mem tag=ta_stream src=74 arena=87512424 rss=1488979600 live=4511701
	csg_mem tag=forest src=75 bytes=228229 rss=1488979600 live=4511695
	csg_mem tag=forest_parse_begin pass=1 src=75 reserve=9063872 rss=1489159824 live=4511731
	csg_mem tag=forest_appended src=75 forest_arena=87512424 rss=1513506448 live=4532260
	csg_mem tag=ta_stream src=75 arena=87512424 rss=1513506448 live=4532260
	csg_mem tag=forest src=76 bytes=9159 rss=1513506448 live=4532254
	csg_mem tag=forest_parse_begin pass=1 src=76 reserve=546720 rss=1513506448 live=4532282
	csg_mem tag=forest_appended src=76 forest_arena=87512424 rss=1513637520 live=4533061
	csg_mem tag=ta_stream src=76 arena=87512424 rss=1513637520 live=4533061
	csg_mem tag=forest src=77 bytes=207027 rss=1513637520 live=4533055
	csg_mem tag=forest_parse_begin pass=1 src=77 reserve=9371904 rss=1513768592 live=4533091
	csg_mem tag=forest_appended src=77 forest_arena=87512424 rss=1515603600 live=4556288
	csg_mem tag=ta_stream src=77 arena=87512424 rss=1515603600 live=4556288
	csg_mem tag=forest src=78 bytes=21659 rss=1515603600 live=4556282
	csg_mem tag=forest_parse_begin pass=1 src=78 reserve=962688 rss=1515603600 live=4556310
	csg_mem tag=forest_appended src=78 forest_arena=87512424 rss=1515767440 live=4558824
	csg_mem tag=ta_stream src=78 arena=87512424 rss=1515767440 live=4558824
	csg_mem tag=forest src=79 bytes=138950 rss=1515767440 live=4558818
	csg_mem tag=forest_parse_begin pass=1 src=79 reserve=7739264 rss=1515816592 live=4558852
	csg_mem tag=forest_appended src=79 forest_arena=87512424 rss=1516488336 live=4572252
	csg_mem tag=ta_stream src=79 arena=87512424 rss=1516488336 live=4572252
	csg_mem tag=forest src=80 bytes=16818 rss=1516488336 live=4572246
	csg_mem tag=forest_parse_begin pass=1 src=80 reserve=645632 rss=1516504720 live=4572274
	csg_mem tag=forest_appended src=80 forest_arena=87512424 rss=1519224464 live=4573835
	csg_mem tag=ta_stream src=80 arena=87512424 rss=1519224464 live=4573835
	csg_mem tag=forest src=81 bytes=7011 rss=1519224464 live=4573829
	csg_mem tag=forest_parse_begin pass=1 src=81 reserve=91904 rss=1519240848 live=4573853
	csg_mem tag=forest_appended src=81 forest_arena=87512424 rss=1519699600 live=4574040
	csg_mem tag=ta_stream src=81 arena=87512424 rss=1519699600 live=4574040
	csg_mem tag=forest src=82 bytes=3088 rss=1519699600 live=4574034
	csg_mem tag=forest_parse_begin pass=1 src=82 reserve=200640 rss=1519699600 live=4574058
	csg_mem tag=forest_appended src=82 forest_arena=87512424 rss=1520371344 live=4574480
	csg_mem tag=ta_stream src=82 arena=87512424 rss=1520371344 live=4574480
	csg_mem tag=forest src=83 bytes=209875 rss=1520371344 live=4574474
	csg_mem tag=forest_parse_begin pass=1 src=83 reserve=8738208 rss=1520715432 live=4574510
	csg_mem tag=forest_appended src=83 forest_arena=87512424 rss=1540900544 live=4592671
	csg_mem tag=ta_stream src=83 arena=87512424 rss=1540900544 live=4592671
	csg_mem tag=forest src=84 bytes=113595 rss=1540900544 live=4592665
	csg_mem tag=forest_parse_begin pass=1 src=84 reserve=4164256 rss=1541211840 live=4592699
	csg_mem tag=forest_appended src=84 forest_arena=87512424 rss=1551304384 live=4602580
	csg_mem tag=ta_stream src=84 arena=87512424 rss=1551304384 live=4602580
	csg_mem tag=forest src=85 bytes=694424 rss=1551304384 live=4602574
	csg_mem tag=forest_parse_begin pass=1 src=85 reserve=31589856 rss=1552058048 live=4602612
	csg_mem tag=forest_appended src=85 forest_arena=87512424 rss=1561233112 live=4661901
	csg_mem tag=ta_stream src=85 arena=87512424 rss=1561233112 live=4661901
	csg_mem tag=forest src=86 bytes=84731 rss=1561233112 live=4661895
	csg_mem tag=forest_parse_begin pass=1 src=86 reserve=4720672 rss=1561331416 live=4661929
	csg_mem tag=forest_appended src=86 forest_arena=87512424 rss=1573816024 live=4671735
	csg_mem tag=ta_stream src=86 arena=87512424 rss=1573816024 live=4671735
	csg_mem tag=forest src=87 bytes=95381 rss=1573816024 live=4671729
	csg_mem tag=forest_parse_begin pass=1 src=87 reserve=4723168 rss=1573930712 live=4671763
	csg_mem tag=forest_appended src=87 forest_arena=87512424 rss=1580713688 live=4682525
	csg_mem tag=ta_stream src=87 arena=87512424 rss=1580713688 live=4682525
	csg_mem tag=forest src=88 bytes=100872 rss=1580713688 live=4682519
	csg_mem tag=forest_parse_begin pass=1 src=88 reserve=4625696 rss=1580877528 live=4682553
	csg_mem tag=forest_appended src=88 forest_arena=87512424 rss=1596032728 live=4694159
	csg_mem tag=ta_stream src=88 arena=87512424 rss=1596032728 live=4694159
	csg_mem tag=forest src=89 bytes=8802 rss=1596032728 live=4694153
	csg_mem tag=forest_parse_begin pass=1 src=89 reserve=616064 rss=1596065496 live=4694181
	csg_mem tag=forest_appended src=89 forest_arena=87512424 rss=1596655320 live=4695412
	csg_mem tag=ta_stream src=89 arena=87512424 rss=1596655320 live=4695412
	csg_mem tag=forest src=90 bytes=36472 rss=1596655320 live=4695406
	csg_mem tag=forest_parse_begin pass=1 src=90 reserve=2347904 rss=1596786392 live=4695438
	csg_mem tag=forest_appended src=90 forest_arena=88561000 rss=1611990768 live=4700106
	csg_mem tag=ta_stream src=90 arena=88561000 rss=1611990768 live=4700106
	csg_mem tag=forest src=91 bytes=9587 rss=1611990768 live=4700100
	csg_mem tag=forest_parse_begin pass=1 src=91 reserve=643104 rss=1612023536 live=4700128
	csg_mem tag=forest_appended src=91 forest_arena=88561000 rss=1612629744 live=4701515
	csg_mem tag=ta_stream src=91 arena=88561000 rss=1612629744 live=4701515
	csg_mem tag=forest src=92 bytes=146673 rss=1612629744 live=4701509
	csg_mem tag=forest_parse_begin pass=1 src=92 reserve=6091680 rss=1613383408 live=4701543
	csg_mem tag=forest_appended src=92 forest_arena=88561000 rss=1622542064 live=4716858
	csg_mem tag=ta_stream src=92 arena=88561000 rss=1622542064 live=4716858
	csg_mem tag=forest src=93 bytes=85404 rss=1622542064 live=4716852
	csg_mem tag=forest_parse_begin pass=1 src=93 reserve=4470880 rss=1622705904 live=4716886
	csg_mem tag=forest_appended src=93 forest_arena=88561000 rss=1653655304 live=4725317
	csg_mem tag=ta_stream src=93 arena=88561000 rss=1653655304 live=4725317
	csg_mem tag=forest src=94 bytes=60609 rss=1653655304 live=4725311
	csg_mem tag=forest_parse_begin pass=1 src=94 reserve=3070912 rss=1653753608 live=4725343
	csg_mem tag=forest_appended src=94 forest_arena=88561000 rss=1685489416 live=4731796
	csg_mem tag=ta_stream src=94 arena=88561000 rss=1685489416 live=4731796
	csg_mem tag=forest src=95 bytes=21133 rss=1685489416 live=4731790
	csg_mem tag=forest_parse_begin pass=1 src=95 reserve=1193184 rss=1685571336 live=4731820
	csg_mem tag=forest_appended src=95 forest_arena=88561000 rss=1685718792 live=4733943
	csg_mem tag=ta_stream src=95 arena=88561000 rss=1685718792 live=4733943
	csg_mem tag=forest src=96 bytes=3751 rss=1685718792 live=4733937
	csg_mem tag=forest_parse_begin pass=1 src=96 reserve=262016 rss=1685718792 live=4733961
	csg_mem tag=forest_appended src=96 forest_arena=88561000 rss=1686112008 live=4734317
	csg_mem tag=ta_stream src=96 arena=88561000 rss=1686112008 live=4734317
	csg_mem tag=forest src=97 bytes=97141 rss=1686112008 live=4734311
	csg_mem tag=forest_parse_begin pass=1 src=97 reserve=4720672 rss=1686406920 live=4734345
	csg_mem tag=forest_appended src=97 forest_arena=88561000 rss=1693533984 live=4745542
	csg_mem tag=ta_stream src=97 arena=88561000 rss=1693533984 live=4745542
	csg_mem tag=forest src=98 bytes=25148 rss=1693533984 live=4745536
	csg_mem tag=forest_parse_begin pass=1 src=98 reserve=1225728 rss=1693583136 live=4745566
	csg_mem tag=forest_appended src=98 forest_arena=88561000 rss=1695762184 live=4747855
	csg_mem tag=ta_stream src=98 arena=88561000 rss=1695778568 live=4747855
	csg_mem tag=forest src=99 bytes=67075 rss=1695778568 live=4747849
	csg_mem tag=forest_parse_begin pass=1 src=99 reserve=4002112 rss=1695860488 live=4747881
	csg_mem tag=forest_appended src=99 forest_arena=88561000 rss=1706968864 live=4753850
	csg_mem tag=ta_stream src=99 arena=88561000 rss=1706968864 live=4753850
	csg_mem tag=forest src=100 bytes=122136 rss=1706968864 live=4753844
	csg_mem tag=forest_parse_begin pass=1 src=100 reserve=4648800 rss=1707280160 live=4753878
	csg_mem tag=forest_appended src=100 forest_arena=88561000 rss=1714439968 live=4764566
	csg_mem tag=ta_stream src=100 arena=88561000 rss=1714439968 live=4764566
	csg_mem tag=forest src=101 bytes=477806 rss=1714439968 live=4764560
	csg_mem tag=forest_parse_begin pass=1 src=101 reserve=18413024 rss=1714784032 live=4764598
	csg_mem tag=forest_appended src=101 forest_arena=88561000 rss=1732446008 live=4816101
	csg_mem tag=ta_stream src=101 arena=88561000 rss=1732446008 live=4816101
	csg_mem tag=forest src=102 bytes=9251 rss=1732446008 live=4816095
	csg_mem tag=forest_parse_begin pass=1 src=102 reserve=476512 rss=1732462392 live=4816121
	csg_mem tag=forest_appended src=102 forest_arena=88561000 rss=1732495160 live=4817145
	csg_mem tag=ta_stream src=102 arena=88561000 rss=1732495160 live=4817145
	csg_mem tag=forest src=103 bytes=35254 rss=1732495160 live=4817139
	csg_mem tag=forest_parse_begin pass=1 src=103 reserve=1762176 rss=1732544312 live=4817171
	csg_mem tag=forest_appended src=103 forest_arena=88561000 rss=1736935224 live=4821029
	csg_mem tag=ta_stream src=103 arena=88561000 rss=1736935224 live=4821029
	csg_mem tag=forest src=104 bytes=207662 rss=1736935224 live=4821023
	csg_mem tag=forest_parse_begin pass=1 src=104 reserve=8878976 rss=1737180984 live=4821059
	csg_mem tag=forest_appended src=104 forest_arena=88561000 rss=1765508944 live=4839638
	csg_mem tag=ta_stream src=104 arena=88561000 rss=1765508944 live=4839638
	csg_mem tag=forest src=105 bytes=53041 rss=1765508944 live=4839632
	csg_mem tag=forest_parse_begin pass=1 src=105 reserve=2324608 rss=1765738320 live=4839664
	csg_mem tag=forest_appended src=105 forest_arena=88561000 rss=1771259728 live=4844045
	csg_mem tag=ta_stream src=105 arena=88561000 rss=1771259728 live=4844045
	csg_mem tag=forest src=106 bytes=19779 rss=1771259728 live=4844039
	csg_mem tag=forest_parse_begin pass=1 src=106 reserve=817280 rss=1771292496 live=4844067
	csg_mem tag=forest_appended src=106 forest_arena=88561000 rss=1774208872 live=4845828
	csg_mem tag=ta_stream src=106 arena=88561000 rss=1774208872 live=4845828
	csg_mem tag=forest src=107 bytes=274 rss=1774208872 live=4845822
	csg_mem tag=forest_parse_begin pass=1 src=107 reserve=74912 rss=1774225256 live=4845840
	csg_mem tag=forest_appended src=107 forest_arena=88561000 rss=1774716776 live=4845919
	csg_mem tag=ta_stream src=107 arena=88561000 rss=1774716776 live=4845919
	csg_mem tag=forest src=108 bytes=131447 rss=1774716776 live=4845913
	csg_mem tag=forest_parse_begin pass=1 src=108 reserve=4902496 rss=1775257448 live=4845947
	csg_mem tag=forest_appended src=108 forest_arena=88561000 rss=1809368936 live=4857954
	csg_mem tag=ta_stream src=108 arena=88561000 rss=1809368936 live=4857954
	csg_mem tag=forest src=109 bytes=204964 rss=1809368936 live=4857948
	csg_mem tag=forest_parse_begin pass=1 src=109 reserve=8876160 rss=1809958760 live=4857984
	csg_mem tag=forest_appended src=109 forest_arena=88561000 rss=1834960768 live=4873929
	csg_mem tag=ta_stream src=109 arena=88561000 rss=1834960768 live=4873929
	csg_mem tag=forest src=110 bytes=26073 rss=1834960768 live=4873923
	csg_mem tag=forest_parse_begin pass=1 src=110 reserve=1174464 rss=1835026304 live=4873953
	csg_mem tag=forest_appended src=110 forest_arena=88561000 rss=1838008192 live=4876252
	csg_mem tag=ta_stream src=110 arena=88561000 rss=1838008192 live=4876252
	csg_mem tag=forest src=111 bytes=52561 rss=1838008192 live=4876246
	csg_mem tag=forest_parse_begin pass=1 src=111 reserve=2368576 rss=1838122880 live=4876278
	csg_mem tag=forest_appended src=111 forest_arena=88561000 rss=1843283840 live=4881152
	csg_mem tag=ta_stream src=111 arena=88561000 rss=1843283840 live=4881152
	csg_mem tag=forest src=112 bytes=54759 rss=1843283840 live=4881146
	csg_mem tag=forest_parse_begin pass=1 src=112 reserve=2391104 rss=1843316608 live=4881178
	csg_mem tag=forest_appended src=112 forest_arena=88561000 rss=1862731672 live=4886533
	csg_mem tag=ta_stream src=112 arena=88561000 rss=1862731672 live=4886533
	csg_mem tag=forest src=113 bytes=22222 rss=1862731672 live=4886527
	csg_mem tag=forest_parse_begin pass=1 src=113 reserve=1071680 rss=1862764440 live=4886555
	csg_mem tag=forest_appended src=113 forest_arena=88561000 rss=1865516952 live=4888791
	csg_mem tag=ta_stream src=113 arena=88561000 rss=1865516952 live=4888791
	csg_mem tag=forest src=114 bytes=396704 rss=1865516952 live=4888785
	csg_mem tag=forest_parse_begin pass=1 src=114 reserve=15747456 rss=1866270616 live=4888823
	csg_mem tag=forest_appended src=114 forest_arena=88561000 rss=1871906712 live=4927762
	csg_mem tag=ta_stream src=114 arena=88561000 rss=1871906712 live=4927762
	csg_mem tag=forest src=115 bytes=5769 rss=1871906712 live=4927756
	csg_mem tag=forest_parse_begin pass=1 src=115 reserve=275744 rss=1871906712 live=4927782
	csg_mem tag=forest_appended src=115 forest_arena=88561000 rss=1873823640 live=4928358
	csg_mem tag=ta_stream src=115 arena=88561000 rss=1873823640 live=4928358
	csg_mem tag=forest src=116 bytes=3136 rss=1873823640 live=4928352
	csg_mem tag=forest_parse_begin pass=1 src=116 reserve=173312 rss=1873823640 live=4928376
	csg_mem tag=forest_appended src=116 forest_arena=88561000 rss=1876002712 live=4928710
	csg_mem tag=ta_stream src=116 arena=88561000 rss=1876002712 live=4928710
	csg_mem tag=forest src=117 bytes=281236 rss=1876002712 live=4928704
	csg_mem tag=forest_parse_begin pass=1 src=117 reserve=8688640 rss=1876182936 live=4928740
	csg_mem tag=forest_appended src=117 forest_arena=88561000 rss=1886799792 live=4950626
	csg_mem tag=ta_stream src=117 arena=88561000 rss=1886799792 live=4950626
	csg_mem tag=forest src=118 bytes=36339 rss=1886799792 live=4950620
	csg_mem tag=forest_parse_begin pass=1 src=118 reserve=2269312 rss=1886816176 live=4950650
	csg_mem tag=forest_appended src=118 forest_arena=88561000 rss=1892173720 live=4954781
	csg_mem tag=ta_stream src=118 arena=88561000 rss=1892173720 live=4954781
	csg_mem tag=forest src=119 bytes=66727 rss=1892173720 live=4954775
	csg_mem tag=forest_parse_begin pass=1 src=119 reserve=4620192 rss=1892321176 live=4954807
	csg_mem tag=forest_appended src=119 forest_arena=88561000 rss=1913554864 live=4962687
	csg_mem tag=ta_stream src=119 arena=88561000 rss=1913554864 live=4962687
	csg_mem tag=forest src=120 bytes=19895 rss=1913554864 live=4962681
	csg_mem tag=forest_parse_begin pass=1 src=120 reserve=782208 rss=1913620400 live=4962709
	csg_mem tag=forest_appended src=120 forest_arena=88561000 rss=1914292144 live=4964467
	csg_mem tag=ta_stream src=120 arena=88561000 rss=1914292144 live=4964467
	csg_mem tag=forest src=121 bytes=104630 rss=1914308528 live=4964461
	csg_mem tag=forest_parse_begin pass=1 src=121 reserve=4295776 rss=1914554288 live=4964495
	csg_mem tag=forest_appended src=121 forest_arena=88561000 rss=1926891440 live=4974301
	csg_mem tag=ta_stream src=121 arena=88561000 rss=1926891440 live=4974301
	csg_mem tag=forest src=122 bytes=21670 rss=1926891440 live=4974295
	csg_mem tag=forest_parse_begin pass=1 src=122 reserve=1223104 rss=1926940592 live=4974325
	csg_mem tag=forest_appended src=122 forest_arena=88561000 rss=1931347888 live=4976915
	csg_mem tag=ta_stream src=122 arena=88561000 rss=1931347888 live=4976915
	csg_mem tag=forest src=123 bytes=41012 rss=1931347888 live=4976909
	csg_mem tag=forest_parse_begin pass=1 src=123 reserve=2385152 rss=1931462576 live=4976941
	csg_mem tag=forest_appended src=123 forest_arena=88561000 rss=1934034864 live=4982224
	csg_mem tag=ta_stream src=123 arena=88561000 rss=1934034864 live=4982224
	csg_mem tag=forest src=124 bytes=602132 rss=1934034864 live=4982218
	csg_mem tag=forest_parse_begin pass=1 src=124 reserve=31538592 rss=1934886832 live=4982256
	csg_mem tag=forest_appended src=124 forest_arena=88561000 rss=2009909264 live=5049171
	csg_mem tag=ta_stream src=124 arena=88561000 rss=2009909264 live=5049171
	csg_mem tag=forest src=125 bytes=2984 rss=2009909264 live=5049165
	csg_mem tag=forest_parse_begin pass=1 src=125 reserve=168896 rss=2009909264 live=5049189
	csg_mem tag=forest_appended src=125 forest_arena=88561000 rss=2012088336 live=5049499
	csg_mem tag=ta_stream src=125 arena=88561000 rss=2012088336 live=5049499
	csg_mem tag=forest src=126 bytes=6234 rss=2012088336 live=5049493
	csg_mem tag=forest_parse_begin pass=1 src=126 reserve=339040 rss=2012104720 live=5049519
	csg_mem tag=forest_appended src=126 forest_arena=88561000 rss=2012547088 live=5050017
	csg_mem tag=ta_stream src=126 arena=88561000 rss=2012547088 live=5050017
	csg_mem tag=forest src=127 bytes=36702 rss=2012547088 live=5050011
	csg_mem tag=forest_parse_begin pass=1 src=127 reserve=1209024 rss=2012563472 live=5050041
	csg_mem tag=forest_appended src=127 forest_arena=88561000 rss=2015463440 live=5052859
	csg_mem tag=ta_stream src=127 arena=88561000 rss=2015463440 live=5052859
	csg_mem tag=forest src=128 bytes=49364 rss=2015463440 live=5052853
	csg_mem tag=forest_parse_begin pass=1 src=128 reserve=2388160 rss=2015545360 live=5052885
	csg_mem tag=forest_appended src=128 forest_arena=88561000 rss=2034894864 live=5058878
	csg_mem tag=ta_stream src=128 arena=88561000 rss=2034894864 live=5058878
	csg_mem tag=forest src=129 bytes=42894 rss=2034894864 live=5058872
	csg_mem tag=forest_parse_begin pass=1 src=129 reserve=2354976 rss=2034927632 live=5058902
	csg_mem tag=forest_appended src=129 forest_arena=88563048 rss=2042955792 live=5063652
	csg_mem tag=ta_stream src=129 arena=88563048 rss=2042955792 live=5063652
	csg_mem tag=forest src=130 bytes=32186 rss=2042955792 live=5063646
	csg_mem tag=forest_parse_begin pass=1 src=130 reserve=2063840 rss=2043070480 live=5063676
	csg_mem tag=forest_appended src=130 forest_arena=88563048 rss=2048411664 live=5067237
	csg_mem tag=ta_stream src=130 arena=88563048 rss=2048411664 live=5067237
	csg_mem tag=forest src=131 bytes=34873 rss=2048411664 live=5067231
	csg_mem tag=forest_parse_begin pass=1 src=131 reserve=1693152 rss=2048428048 live=5067261
	csg_mem tag=forest_appended src=131 forest_arena=88563048 rss=2060814352 live=5071095
	csg_mem tag=ta_stream src=131 arena=88563048 rss=2060814352 live=5071095
	csg_mem tag=forest src=132 bytes=1850073 rss=2060814352 live=5071089
	csg_mem tag=forest_parse_begin pass=1 src=132 reserve=72523584 rss=2063681552 live=5071131
	csg_mem tag=forest_appended src=132 forest_arena=88829288 rss=2172291160 live=5223219
	csg_mem tag=ta_stream src=132 arena=88829288 rss=2172291160 live=5223219
	csg_mem tag=forest src=133 bytes=41896 rss=2171930712 live=5223213
	csg_mem tag=forest_parse_begin pass=1 src=133 reserve=2011104 rss=2171963480 live=5223243
	csg_mem tag=forest_appended src=133 forest_arena=88829288 rss=2177386608 live=5227217
	csg_mem tag=ta_stream src=133 arena=88829288 rss=2177386608 live=5227217
	csg_mem tag=forest src=134 bytes=3550279 rss=2177386608 live=5227211
	csg_mem tag=forest_parse_begin pass=1 src=134 reserve=140668736 rss=2183301232 live=5227255
	csg_mem tag=forest_appended src=134 forest_arena=88829288 rss=2437777736 live=5506167
	csg_mem tag=ta_stream src=134 arena=88829288 rss=2437777736 live=5506167
	csg_mem tag=forest src=135 bytes=134144 rss=2435828040 live=5506161
	csg_mem tag=forest_parse_begin pass=1 src=135 reserve=7807872 rss=2436090184 live=5506195
	csg_mem tag=forest_appended src=135 forest_arena=88829288 rss=2447542624 live=5518309
	csg_mem tag=ta_stream src=135 arena=88829288 rss=2447542624 live=5518309
	csg_mem tag=forest src=136 bytes=592436 rss=2447542624 live=5518303
	csg_mem tag=forest_parse_begin pass=1 src=136 reserve=18570208 rss=2448050528 live=5518341
	csg_mem tag=forest_appended src=136 forest_arena=88829288 rss=2462058848 live=5562261
	csg_mem tag=ta_stream src=136 arena=88829288 rss=2462058848 live=5562261
	csg_mem tag=forest src=137 bytes=17351 rss=2462058848 live=5562255
	csg_mem tag=forest_parse_begin pass=1 src=137 reserve=1215776 rss=2462058848 live=5562283
	csg_mem tag=forest_appended src=137 forest_arena=88829288 rss=2469120352 live=5565227
	csg_mem tag=ta_stream src=137 arena=88829288 rss=2469120352 live=5565227
	csg_mem tag=forest src=138 bytes=2319 rss=2469120352 live=5565221
	csg_mem tag=forest_parse_begin pass=1 src=138 reserve=152416 rss=2469120352 live=5565243
	csg_mem tag=forest_appended src=138 forest_arena=88829288 rss=2469677408 live=5565561
	csg_mem tag=ta_stream src=138 arena=88829288 rss=2469677408 live=5565561
	csg_mem tag=forest src=139 bytes=1697 rss=2469677408 live=5565555
	csg_mem tag=forest_parse_begin pass=1 src=139 reserve=123040 rss=2469677408 live=5565577
	csg_mem tag=forest_appended src=139 forest_arena=88829288 rss=2469824864 live=5565870
	csg_mem tag=ta_stream src=139 arena=88829288 rss=2469824864 live=5565870
	csg_mem tag=forest src=140 bytes=1202 rss=2469824864 live=5565864
	csg_mem tag=forest_parse_begin pass=1 src=140 reserve=118240 rss=2469841248 live=5565886
	csg_mem tag=forest_appended src=140 forest_arena=88829288 rss=2470365536 live=5566087
	csg_mem tag=ta_stream src=140 arena=88829288 rss=2470365536 live=5566087
	csg_mem tag=forest src=141 bytes=5427 rss=2470365536 live=5566081
	csg_mem tag=forest_parse_begin pass=1 src=141 reserve=352192 rss=2470381920 live=5566107
	csg_mem tag=forest_appended src=141 forest_arena=88829288 rss=2470857056 live=5566829
	csg_mem tag=ta_stream src=141 arena=88829288 rss=2470857056 live=5566829
	csg_mem tag=forest src=142 bytes=53259 rss=2470857056 live=5566823
	csg_mem tag=forest_parse_begin pass=1 src=142 reserve=2567232 rss=2470873440 live=5566855
	csg_mem tag=forest_appended src=142 forest_arena=88829288 rss=2520418704 live=5580024
	csg_mem tag=ta_stream src=142 arena=88829288 rss=2520418704 live=5580024
	csg_mem tag=forest src=143 bytes=4821 rss=2520418704 live=5580018
	csg_mem tag=forest_parse_begin pass=1 src=143 reserve=342048 rss=2520418704 live=5580044
	csg_mem tag=forest_appended src=143 forest_arena=88829288 rss=2520992144 live=5580742
	csg_mem tag=ta_stream src=143 arena=88829288 rss=2520992144 live=5580742
	csg_mem tag=forest src=144 bytes=684 rss=2520992144 live=5580736
	csg_mem tag=forest_parse_begin pass=1 src=144 reserve=88800 rss=2520992144 live=5580756
	csg_mem tag=forest_appended src=144 forest_arena=88829288 rss=2521598352 live=5580846
	csg_mem tag=ta_stream src=144 arena=88829288 rss=2521598352 live=5580846
	csg_mem tag=forest src=145 bytes=706 rss=2521598352 live=5580840
	csg_mem tag=forest_parse_begin pass=1 src=145 reserve=89248 rss=2521598352 live=5580860
	csg_mem tag=forest_appended src=145 forest_arena=88829288 rss=2522220944 live=5580958
	csg_mem tag=ta_stream src=145 arena=88829288 rss=2522220944 live=5580958
	csg_mem tag=forest src=146 bytes=7097 rss=2522220944 live=5580952
	csg_mem tag=forest_parse_begin pass=1 src=146 reserve=457920 rss=2522220944 live=5580978
	csg_mem tag=forest_appended src=146 forest_arena=88829288 rss=2525006224 live=5582113
	csg_mem tag=ta_stream src=146 arena=88829288 rss=2525006224 live=5582113
	csg_mem tag=forest src=147 bytes=8518 rss=2525006224 live=5582107
	csg_mem tag=forest_parse_begin pass=1 src=147 reserve=551904 rss=2525022608 live=5582133
	csg_mem tag=forest_appended src=147 forest_arena=88829288 rss=2527791504 live=5582995
	csg_mem tag=ta_stream src=147 arena=88829288 rss=2527791504 live=5582995
	csg_mem tag=forest src=148 bytes=171411 rss=2527791504 live=5582989
	csg_mem tag=forest_parse_begin pass=1 src=148 reserve=8131232 rss=2528102800 live=5583023
	csg_mem tag=forest_appended src=148 forest_arena=88829288 rss=2545797544 live=5607343
	csg_mem tag=ta_stream src=148 arena=88829288 rss=2545797544 live=5607343
	csg_mem tag=forest src=149 bytes=49447 rss=2545797544 live=5607337
	csg_mem tag=forest_parse_begin pass=1 src=149 reserve=2269504 rss=2545912232 live=5607369
	csg_mem tag=forest_appended src=149 forest_arena=88829288 rss=2558118312 live=5611767
	csg_mem tag=ta_stream src=149 arena=88829288 rss=2558118312 live=5611767
	csg_mem tag=forest src=150 bytes=15928 rss=2558118312 live=5611761
	csg_mem tag=forest_parse_begin pass=1 src=150 reserve=825312 rss=2558134696 live=5611789
	csg_mem tag=forest_appended src=150 forest_arena=88829288 rss=2561214888 live=5613701
	csg_mem tag=ta_stream src=150 arena=88829288 rss=2561214888 live=5613701
	csg_mem tag=forest src=151 bytes=1861 rss=2561214888 live=5613695
	csg_mem tag=forest_parse_begin pass=1 src=151 reserve=152224 rss=2561214888 live=5613717
	csg_mem tag=forest_appended src=151 forest_arena=88829288 rss=2561952168 live=5614065
	csg_mem tag=ta_stream src=151 arena=88829288 rss=2561952168 live=5614065
	csg_mem tag=forest src=152 bytes=1128 rss=2561952168 live=5614059
	csg_mem tag=forest_parse_begin pass=1 src=152 reserve=131584 rss=2561968552 live=5614079
	csg_mem tag=forest_appended src=152 forest_arena=88829288 rss=2562673064 live=5614228
	csg_mem tag=ta_stream src=152 arena=88829288 rss=2562673064 live=5614228
	csg_mem tag=forest src=153 bytes=1513 rss=2562673064 live=5614222
	csg_mem tag=forest_parse_begin pass=1 src=153 reserve=119584 rss=2562673064 live=5614244
	csg_mem tag=forest_appended src=153 forest_arena=88829288 rss=2563344808 live=5614526
	csg_mem tag=ta_stream src=153 arena=88829288 rss=2563344808 live=5614526
	csg_mem tag=forest src=154 bytes=463934 rss=2563344808 live=5614520
	csg_mem tag=forest_parse_begin pass=1 src=154 reserve=18578528 rss=2564065704 live=5614558
	csg_mem tag=forest_appended src=154 forest_arena=88829288 rss=2599602600 live=5651039
	csg_mem tag=ta_stream src=154 arena=88829288 rss=2599602600 live=5651039
	csg_mem tag=forest src=155 bytes=13667 rss=2599602600 live=5651033
	csg_mem tag=forest_parse_begin pass=1 src=155 reserve=603616 rss=2599651752 live=5651059
	csg_mem tag=forest_appended src=155 forest_arena=88829288 rss=2599766440 live=5651897
	csg_mem tag=ta_stream src=155 arena=88829288 rss=2599766440 live=5651897
	csg_mem tag=forest src=156 bytes=38093 rss=2599766440 live=5651891
	csg_mem tag=forest_parse_begin pass=1 src=156 reserve=2080032 rss=2599799208 live=5651923
	csg_mem tag=forest_appended src=156 forest_arena=88829288 rss=2601961896 live=5655633
	csg_mem tag=ta_stream src=156 arena=88829288 rss=2601961896 live=5655633
	csg_mem tag=forest src=157 bytes=11977 rss=2601961896 live=5655627
	csg_mem tag=forest_parse_begin pass=1 src=157 reserve=644640 rss=2601961896 live=5655655
	csg_mem tag=forest_appended src=157 forest_arena=88829288 rss=2604042664 live=5657008
	csg_mem tag=ta_stream src=157 arena=88829288 rss=2604042664 live=5657008
	csg_mem tag=forest src=158 bytes=2184453 rss=2604042664 live=5657002
	csg_mem tag=forest_parse_begin pass=1 src=158 reserve=73477216 rss=2606959016 live=5657044
