	csg_mem tag=import_edges_resolved rss=373834568 live=886760
	csg_mem tag=metadata_contexts_built rss=569492440 live=1498584
	csg_mem tag=forest_build_start mode=reparse rss=575423448 live=1507616
	csg_mem tag=forest src=0 bytes=7371 rss=575423448 live=1507618
	csg_mem tag=forest_parse_begin pass=0 src=0 reserve=0 rss=575456216 live=1507637
	csg_mem tag=forest_parse_end pass=0 src=0 arena=267456 parse_ms=10 rss=575898584 live=1508140
	csg_mem tag=forest_parsed src=0 arena=267456 rss=575898584 live=1508140
	csg_mem tag=forest src=1 bytes=9952 rss=575620056 live=1508173
	csg_mem tag=forest_parse_begin pass=0 src=1 reserve=0 rss=575652824 live=1508194
	csg_mem tag=forest_parse_end pass=0 src=1 arena=524864 parse_ms=17 rss=576390104 live=1509268
	csg_mem tag=forest_parsed src=1 arena=524864 rss=576390104 live=1509268
	csg_mem tag=forest src=2 bytes=817253 rss=575865816 live=1509273
	csg_mem tag=forest_parse_begin pass=0 src=2 reserve=0 rss=579699672 live=1509306
	csg_mem tag=forest_parse_end pass=0 src=2 arena=33621952 parse_ms=1030 rss=616203272 live=1553146
	csg_mem tag=forest_parsed src=2 arena=33621952 rss=616203272 live=1553146
	csg_mem tag=forest src=3 bytes=94454 rss=581747672 live=1553156
	csg_mem tag=forest_parse_begin pass=0 src=3 reserve=0 rss=581747672 live=1553181
	csg_mem tag=forest_parse_end pass=0 src=3 arena=2923808 parse_ms=93 rss=585237464 live=1557035
	csg_mem tag=forest_parsed src=3 arena=2923808 rss=585237464 live=1557035
	csg_mem tag=forest src=4 bytes=59923 rss=582304728 live=1557022
	csg_mem tag=forest_parse_begin pass=0 src=4 reserve=0 rss=582370264 live=1557047
	csg_mem tag=forest_parse_end pass=0 src=4 arena=2089344 parse_ms=59 rss=584893400 live=1559646
	csg_mem tag=forest_parsed src=4 arena=2089344 rss=584893400 live=1559646
	csg_mem tag=forest src=5 bytes=136411 rss=582796248 live=1559642
	csg_mem tag=forest_parse_begin pass=0 src=5 reserve=0 rss=583140312 live=1559669
	csg_mem tag=forest_parse_end pass=0 src=5 arena=4658880 parse_ms=162 rss=588760024 live=1566207
	csg_mem tag=forest_parsed src=5 arena=4658880 rss=588760024 live=1566207
	csg_mem tag=forest src=6 bytes=164754 rss=584106968 live=1566197
	csg_mem tag=forest_parse_begin pass=0 src=6 reserve=0 rss=584352728 live=1566224
	csg_mem tag=forest_parse_end pass=0 src=6 arena=7788096 parse_ms=182 rss=592495600 live=1573477
	csg_mem tag=forest_parsed src=6 arena=7788096 rss=592495600 live=1573477
	csg_mem tag=forest src=7 bytes=126542 rss=585647088 live=1573463
	csg_mem tag=forest_parse_begin pass=0 src=7 reserve=0 rss=586089456 live=1573490
	csg_mem tag=forest_parse_end pass=0 src=7 arena=4544352 parse_ms=148 rss=591315952 live=1580248
	csg_mem tag=forest_parsed src=7 arena=4544352 rss=591315952 live=1580248
	csg_mem tag=forest src=8 bytes=108814 rss=586761200 live=1580238
	csg_mem tag=forest_parse_begin pass=0 src=8 reserve=0 rss=587121648 live=1580265
	csg_mem tag=forest_parse_end pass=0 src=8 arena=4364704 parse_ms=145 rss=592135152 live=1586392
	csg_mem tag=forest_parsed src=8 arena=4364704 rss=592135152 live=1586392
	csg_mem tag=forest src=9 bytes=97046 rss=587760624 live=1586392
	csg_mem tag=forest_parse_begin pass=0 src=9 reserve=0 rss=587809776 live=1586417
	csg_mem tag=forest_parse_end pass=0 src=9 arena=3957344 parse_ms=108 rss=591905776 live=1591157
	csg_mem tag=forest_parsed src=9 arena=3957344 rss=591905776 live=1591157
	csg_mem tag=forest src=10 bytes=263042 rss=587940848 live=1591144
	csg_mem tag=forest_parse_begin pass=0 src=10 reserve=0 rss=588317680 live=1591173
	csg_mem tag=forest_parse_end pass=0 src=10 arena=9308960 parse_ms=337 rss=598180848 live=1605889
	csg_mem tag=forest_parsed src=10 arena=9308960 rss=598180848 live=1605889
	csg_mem tag=forest src=11 bytes=30477 rss=588645360 live=1605912
	csg_mem tag=forest_parse_begin pass=0 src=11 reserve=0 rss=588661744 live=1605935
	csg_mem tag=forest_parse_end pass=0 src=11 arena=2263584 parse_ms=65 rss=591070192 live=1609804
	csg_mem tag=forest_parsed src=11 arena=2263584 rss=591070192 live=1609804
	csg_mem tag=forest src=12 bytes=17051 rss=588809200 live=1609790
	csg_mem tag=forest_parse_begin pass=0 src=12 reserve=0 rss=588825584 live=1609811
	csg_mem tag=forest_parse_end pass=0 src=12 arena=779168 parse_ms=20 rss=589628400 live=1610777
	csg_mem tag=forest_parsed src=12 arena=779168 rss=589628400 live=1610777
	csg_mem tag=forest src=13 bytes=11252 rss=588841968 live=1610763
	csg_mem tag=forest_parse_begin pass=0 src=13 reserve=0 rss=588858352 live=1610782
	csg_mem tag=forest_parse_end pass=0 src=13 arena=574720 parse_ms=24 rss=589513712 live=1611640
	csg_mem tag=forest_parsed src=13 arena=574720 rss=589513712 live=1611640
	csg_mem tag=forest src=14 bytes=520230 rss=588923888 live=1611626
	csg_mem tag=forest_parse_begin pass=0 src=14 reserve=0 rss=589448176 live=1611657
	csg_mem tag=forest_parse_end pass=0 src=14 arena=42641152 parse_ms=1047 rss=632996920 live=1651198
	csg_mem tag=forest_parsed src=14 arena=42641152 rss=632996920 live=1651198
	csg_mem tag=forest src=15 bytes=1170 rss=590267376 live=1651184
	csg_mem tag=forest_parse_begin pass=0 src=15 reserve=0 rss=590267376 live=1651197
	csg_mem tag=forest_parse_end pass=0 src=15 arena=20544 parse_ms=1 rss=590267376 live=1651233
	csg_mem tag=forest_parsed src=15 arena=20544 rss=590267376 live=1651233
	csg_mem tag=forest src=16 bytes=99478 rss=590267376 live=1651219
	csg_mem tag=forest_parse_begin pass=0 src=16 reserve=0 rss=590382064 live=1651244
	csg_mem tag=forest_parse_end pass=0 src=16 arena=3435744 parse_ms=101 rss=593855472 live=1657230
	csg_mem tag=forest_parsed src=16 arena=3435744 rss=593855472 live=1657230
	csg_mem tag=forest src=17 bytes=1232 rss=590414832 live=1657236
	csg_mem tag=forest_parse_begin pass=0 src=17 reserve=0 rss=590414832 live=1657249
	csg_mem tag=forest_parse_end pass=0 src=17 arena=9408 parse_ms=0 rss=590414832 live=1657280
	csg_mem tag=forest_parsed src=17 arena=9408 rss=590414832 live=1657280
	csg_mem tag=forest src=18 bytes=1854 rss=590414832 live=1657266
	csg_mem tag=forest_parse_begin pass=0 src=18 reserve=0 rss=590414832 live=1657279
	csg_mem tag=forest_parse_end pass=0 src=18 arena=11776 parse_ms=0 rss=590431216 live=1657320
	csg_mem tag=forest_parsed src=18 arena=11776 rss=590431216 live=1657320
	csg_mem tag=forest src=19 bytes=3277 rss=590431216 live=1657306
	csg_mem tag=forest_parse_begin pass=0 src=19 reserve=0 rss=590431216 live=1657321
	csg_mem tag=forest_parse_end pass=0 src=19 arena=82848 parse_ms=2 rss=590447600 live=1657504
	csg_mem tag=forest_parsed src=19 arena=82848 rss=590447600 live=1657504
	csg_mem tag=forest src=20 bytes=7479 rss=590447600 live=1657490
	csg_mem tag=forest_parse_begin pass=0 src=20 reserve=0 rss=590463984 live=1657509
	csg_mem tag=forest_parse_end pass=0 src=20 arena=282240 parse_ms=10 rss=590775280 live=1657942
	csg_mem tag=forest_parsed src=20 arena=282240 rss=590775280 live=1657942
	csg_mem tag=forest src=21 bytes=3268 rss=590480368 live=1657928
	csg_mem tag=forest_parse_begin pass=0 src=21 reserve=0 rss=590480368 live=1657945
	csg_mem tag=forest_parse_end pass=0 src=21 arena=84416 parse_ms=2 rss=590480368 live=1658034
	csg_mem tag=forest_parsed src=21 arena=84416 rss=590480368 live=1658034
	csg_mem tag=forest src=22 bytes=89269 rss=590480368 live=1658020
	csg_mem tag=forest_parse_begin pass=0 src=22 reserve=0 rss=590496752 live=1658047
	csg_mem tag=forest_parse_end pass=0 src=22 arena=4664544 parse_ms=177 rss=595198960 live=1665922
	csg_mem tag=forest_parsed src=22 arena=4664544 rss=595198960 live=1665922
	csg_mem tag=forest src=23 bytes=25398 rss=590562288 live=1665914
	csg_mem tag=forest_parse_begin pass=0 src=23 reserve=0 rss=590562288 live=1665937
	csg_mem tag=forest_parse_end pass=0 src=23 arena=2018560 parse_ms=52 rss=592610288 live=1668812
	csg_mem tag=forest_parsed src=23 arena=2018560 rss=592610288 live=1668812
	csg_mem tag=forest src=24 bytes=36083 rss=590578672 live=1668799
	csg_mem tag=forest_parse_begin pass=0 src=24 reserve=0 rss=590595056 live=1668822
	csg_mem tag=forest_parse_end pass=0 src=24 arena=1539552 parse_ms=48 rss=592249840 live=1671535
	csg_mem tag=forest_parsed src=24 arena=1539552 rss=592249840 live=1671535
	csg_mem tag=forest src=25 bytes=29310 rss=590709744 live=1671536
	csg_mem tag=forest_parse_begin pass=0 src=25 reserve=0 rss=590726128 live=1671559
	csg_mem tag=forest_parse_end pass=0 src=25 arena=1136928 parse_ms=34 rss=591971312 live=1672841
	csg_mem tag=forest_parsed src=25 arena=1136928 rss=591971312 live=1672841
	csg_mem tag=forest src=26 bytes=21459 rss=590824432 live=1672827
	csg_mem tag=forest_parse_begin pass=0 src=26 reserve=0 rss=590824432 live=1672848
	csg_mem tag=forest_parse_end pass=0 src=26 arena=1099968 parse_ms=36 rss=591971312 live=1673945
	csg_mem tag=forest_parsed src=26 arena=1099968 rss=591971312 live=1673945
	csg_mem tag=forest src=27 bytes=1082 rss=590857200 live=1673931
	csg_mem tag=forest_parse_begin pass=0 src=27 reserve=0 rss=590873584 live=1673944
	csg_mem tag=forest_parse_end pass=0 src=27 arena=64576 parse_ms=2 rss=590873584 live=1674010
	csg_mem tag=forest_parsed src=27 arena=64576 rss=590873584 live=1674010
	csg_mem tag=forest src=28 bytes=5750 rss=590873584 live=1673996
	csg_mem tag=forest_parse_begin pass=0 src=28 reserve=0 rss=590873584 live=1674015
	csg_mem tag=forest_parse_end pass=0 src=28 arena=260320 parse_ms=8 rss=591168496 live=1674522
	csg_mem tag=forest_parsed src=28 arena=260320 rss=591168496 live=1674522
	csg_mem tag=forest src=29 bytes=59609 rss=590906352 live=1674509
	csg_mem tag=forest_parse_begin pass=0 src=29 reserve=0 rss=590939120 live=1674534
	csg_mem tag=forest_parse_end pass=0 src=29 arena=3234976 parse_ms=80 rss=594346992 live=1678350
	csg_mem tag=forest_parsed src=29 arena=3234976 rss=594346992 live=1678350
	csg_mem tag=forest src=30 bytes=50794 rss=591119344 live=1678340
	csg_mem tag=forest_parse_begin pass=0 src=30 reserve=0 rss=591119344 live=1678365
	csg_mem tag=forest_parse_end pass=0 src=30 arena=2238272 parse_ms=75 rss=593576944 live=1682104
	csg_mem tag=forest_parsed src=30 arena=2238272 rss=593576944 live=1682104
	csg_mem tag=forest src=31 bytes=52710 rss=591332336 live=1682098
	csg_mem tag=forest_parse_begin pass=0 src=31 reserve=0 rss=591365104 live=1682123
	csg_mem tag=forest_parse_end pass=0 src=31 arena=2247424 parse_ms=73 rss=593937392 live=1685231
	csg_mem tag=forest_parsed src=31 arena=2247424 rss=593937392 live=1685231
	csg_mem tag=forest src=32 bytes=2252 rss=591676400 live=1685219
	csg_mem tag=forest_parse_begin pass=0 src=32 reserve=0 rss=591676400 live=1685234
	csg_mem tag=forest_parse_end pass=0 src=32 arena=95584 parse_ms=2 rss=591709168 live=1685382
	csg_mem tag=forest_parsed src=32 arena=95584 rss=591709168 live=1685382
	csg_mem tag=forest src=33 bytes=48367 rss=591709168 live=1685379
	csg_mem tag=forest_parse_begin pass=0 src=33 reserve=0 rss=591791088 live=1685402
	csg_mem tag=forest_parse_end pass=0 src=33 arena=1983616 parse_ms=62 rss=593953776 live=1688595
	csg_mem tag=forest_parsed src=33 arena=1983616 rss=593953776 live=1688595
	csg_mem tag=forest src=34 bytes=16779 rss=591987696 live=1688584
	csg_mem tag=forest_parse_begin pass=0 src=34 reserve=0 rss=592053232 live=1688605
	csg_mem tag=forest_parse_end pass=0 src=34 arena=1070528 parse_ms=30 rss=593183728 live=1689812
	csg_mem tag=forest_parsed src=34 arena=1070528 rss=593183728 live=1689812
	csg_mem tag=forest src=35 bytes=241090 rss=592118768 live=1689809
	csg_mem tag=forest_parse_begin pass=0 src=35 reserve=0 rss=592397296 live=1689838
	csg_mem tag=forest_parse_end pass=0 src=35 arena=9242720 parse_ms=390 rss=601834480 live=1701974
	csg_mem tag=forest_parsed src=35 arena=9242720 rss=601834480 live=1701974
	csg_mem tag=forest src=36 bytes=21751 rss=592643056 live=1701961
	csg_mem tag=forest_parse_begin pass=0 src=36 reserve=0 rss=592659440 live=1701984
	csg_mem tag=forest_parse_end pass=0 src=36 arena=1131168 parse_ms=32 rss=593822704 live=1703225
	csg_mem tag=forest_parsed src=36 arena=1131168 rss=593822704 live=1703225
	csg_mem tag=forest src=37 bytes=91449 rss=592692208 live=1703214
	csg_mem tag=forest_parse_begin pass=0 src=37 reserve=0 rss=592708592 live=1703241
	csg_mem tag=forest_parse_end pass=0 src=37 arena=7943136 parse_ms=204 rss=600212464 live=1713029
	csg_mem tag=forest_parsed src=37 arena=7943136 rss=600212464 live=1713029
	csg_mem tag=forest src=38 bytes=22555 rss=592774128 live=1713021
	csg_mem tag=forest_parse_begin pass=0 src=38 reserve=0 rss=592790512 live=1713044
	csg_mem tag=forest_parse_end pass=0 src=38 arena=1179904 parse_ms=44 rss=594101232 live=1715757
	csg_mem tag=forest_parsed src=38 arena=1179904 rss=594101232 live=1715757
	csg_mem tag=forest src=39 bytes=16869 rss=592905200 live=1715744
	csg_mem tag=forest_parse_begin pass=0 src=39 reserve=0 rss=592905200 live=1715765
	csg_mem tag=forest_parse_end pass=0 src=39 arena=1112096 parse_ms=36 rss=594101232 live=1717862
	csg_mem tag=forest_parsed src=39 arena=1112096 rss=594101232 live=1717862
	csg_mem tag=forest src=40 bytes=42339 rss=592987120 live=1717849
	csg_mem tag=forest_parse_begin pass=0 src=40 reserve=0 rss=593036272 live=1717872
	csg_mem tag=forest_parse_end pass=0 src=40 arena=3115232 parse_ms=104 rss=596313072 live=1723109
	csg_mem tag=forest_parsed src=40 arena=3115232 rss=596313072 live=1723109
	csg_mem tag=forest src=41 bytes=16263 rss=593200112 live=1723100
	csg_mem tag=forest_parse_begin pass=0 src=41 reserve=0 rss=593216496 live=1723121
	csg_mem tag=forest_parse_end pass=0 src=41 arena=1044768 parse_ms=35 rss=594379760 live=1725322
	csg_mem tag=forest_parsed src=41 arena=1044768 rss=594379760 live=1725322
	csg_mem tag=forest src=42 bytes=14980 rss=593331184 live=1725309
	csg_mem tag=forest_parse_begin pass=0 src=42 reserve=0 rss=593380336 live=1725330
	csg_mem tag=forest_parse_end pass=0 src=42 arena=1044640 parse_ms=32 rss=594461680 live=1727385
	csg_mem tag=forest_parsed src=42 arena=1044640 rss=594461680 live=1727385
	csg_mem tag=forest src=43 bytes=1470 rss=593429488 live=1727372
	csg_mem tag=forest_parse_begin pass=0 src=43 reserve=0 rss=593429488 live=1727387
	csg_mem tag=forest_parse_end pass=0 src=43 arena=68320 parse_ms=2 rss=593445872 live=1727478
	csg_mem tag=forest_parsed src=43 arena=68320 rss=593445872 live=1727478
	csg_mem tag=forest src=44 bytes=45177 rss=593445872 live=1727464
	csg_mem tag=forest_parse_begin pass=0 src=44 reserve=0 rss=593511408 live=1727489
	csg_mem tag=forest_parse_end pass=0 src=44 arena=2183520 parse_ms=64 rss=595772400 live=1730087
	csg_mem tag=forest_parsed src=44 arena=2183520 rss=595772400 live=1730087
	csg_mem tag=forest src=45 bytes=3258 rss=593576944 live=1730075
	csg_mem tag=forest_parse_begin pass=0 src=45 reserve=0 rss=593576944 live=1730092
	csg_mem tag=forest_parse_end pass=0 src=45 arena=205280 parse_ms=7 rss=593806320 live=1730304
	csg_mem tag=forest_parsed src=45 arena=205280 rss=593806320 live=1730304
	csg_mem tag=forest src=46 bytes=1452 rss=593593328 live=1730290
	csg_mem tag=forest_parse_begin pass=0 src=46 reserve=0 rss=593593328 live=1730305
	csg_mem tag=forest_parse_end pass=0 src=46 arena=42336 parse_ms=1 rss=593593328 live=1730409
	csg_mem tag=forest_parsed src=46 arena=42336 rss=593609712 live=1730409
	csg_mem tag=forest src=47 bytes=1498710 rss=593609712 live=1730395
	csg_mem tag=forest_parse_begin pass=0 src=47 reserve=0 rss=596755440 live=1730428
	csg_mem tag=forest_parse_end pass=0 src=47 arena=63019392 parse_ms=1865 rss=617104440 live=1798595
	csg_mem tag=forest_parsed src=47 arena=63019392 rss=617104440 live=1798595
	csg_mem tag=forest src=48 bytes=15407 rss=558859248 live=1798641
	csg_mem tag=forest_parse_begin pass=0 src=48 reserve=0 rss=558859248 live=1798662
	csg_mem tag=forest_parse_end pass=0 src=48 arena=978976 parse_ms=23 rss=559891440 live=1799572
	csg_mem tag=forest_parsed src=48 arena=978976 rss=559891440 live=1799572
	csg_mem tag=forest src=49 bytes=36412 rss=558908400 live=1799559
	csg_mem tag=forest_parse_begin pass=0 src=49 reserve=0 rss=558908400 live=1799582
	csg_mem tag=forest_parse_end pass=0 src=49 arena=2226944 parse_ms=76 rss=561284080 live=1803443
	csg_mem tag=forest_parsed src=49 arena=2226944 rss=561284080 live=1803443
	csg_mem tag=forest src=50 bytes=212055 rss=559055856 live=1803430
	csg_mem tag=forest_parse_begin pass=0 src=50 reserve=0 rss=559252464 live=1803457
	csg_mem tag=forest_parse_end pass=0 src=50 arena=9190592 parse_ms=357 rss=569410568 live=1817936
	csg_mem tag=forest_parsed src=50 arena=9190592 rss=569410568 live=1817936
	csg_mem tag=forest src=51 bytes=714 rss=560284680 live=1817934
	csg_mem tag=forest_parse_begin pass=0 src=51 reserve=0 rss=560284680 live=1817947
	csg_mem tag=forest_parse_end pass=0 src=51 arena=37568 parse_ms=1 rss=560284680 live=1818007
	csg_mem tag=forest_parsed src=51 arena=37568 rss=560284680 live=1818007
	csg_mem tag=forest src=52 bytes=15736 rss=560284680 live=1817993
	csg_mem tag=forest_parse_begin pass=0 src=52 reserve=0 rss=560317448 live=1818014
	csg_mem tag=forest_parse_end pass=0 src=52 arena=565856 parse_ms=19 rss=560890888 live=1818885
	csg_mem tag=forest_parsed src=52 arena=565856 rss=560890888 live=1818885
	csg_mem tag=forest src=53 bytes=15907 rss=560317448 live=1818871
	csg_mem tag=forest_parse_begin pass=0 src=53 reserve=0 rss=560333832 live=1818892
	csg_mem tag=forest_parse_end pass=0 src=53 arena=748160 parse_ms=22 rss=561103880 live=1819953
	csg_mem tag=forest_parsed src=53 arena=748160 rss=561103880 live=1819953
	csg_mem tag=forest src=54 bytes=18039 rss=560350216 live=1819942
	csg_mem tag=forest_parse_begin pass=0 src=54 reserve=0 rss=560350216 live=1819963
	csg_mem tag=forest_parse_end pass=0 src=54 arena=972064 parse_ms=24 rss=561349640 live=1820903
	csg_mem tag=forest_parsed src=54 arena=972064 rss=561349640 live=1820903
	csg_mem tag=forest src=55 bytes=7239 rss=560366600 live=1820891
	csg_mem tag=forest_parse_begin pass=0 src=55 reserve=0 rss=560366600 live=1820910
	csg_mem tag=forest_parse_end pass=0 src=55 arena=562848 parse_ms=16 rss=560956424 live=1821538
	csg_mem tag=forest_parsed src=55 arena=562848 rss=560956424 live=1821538
	csg_mem tag=forest src=56 bytes=11717 rss=560382984 live=1821525
	csg_mem tag=forest_parse_begin pass=0 src=56 reserve=0 rss=560415752 live=1821546
	csg_mem tag=forest_parse_end pass=0 src=56 arena=540640 parse_ms=17 rss=561103880 live=1822353
	csg_mem tag=forest_parsed src=56 arena=540640 rss=561103880 live=1822353
	csg_mem tag=forest src=57 bytes=2498 rss=560563208 live=1822341
	csg_mem tag=forest_parse_begin pass=0 src=57 reserve=0 rss=560579592 live=1822358
	csg_mem tag=forest_parse_end pass=0 src=57 arena=108032 parse_ms=3 rss=560727048 live=1822506
	csg_mem tag=forest_parsed src=57 arena=108032 rss=560727048 live=1822506
	csg_mem tag=forest src=58 bytes=9947 rss=560743432 live=1822495
	csg_mem tag=forest_parse_begin pass=0 src=58 reserve=0 rss=560776200 live=1822516
	csg_mem tag=forest_parse_end pass=0 src=58 arena=562528 parse_ms=17 rss=561513480 live=1823186
	csg_mem tag=forest_parsed src=58 arena=562528 rss=561513480 live=1823186
	csg_mem tag=forest src=59 bytes=59910 rss=560940040 live=1823174
	csg_mem tag=forest_parse_begin pass=0 src=59 reserve=0 rss=561087496 live=1823199
	csg_mem tag=forest_parse_end pass=0 src=59 arena=2329920 parse_ms=80 rss=563790856 live=1826412
	csg_mem tag=forest_parsed src=59 arena=2329920 rss=563790856 live=1826412
	csg_mem tag=forest src=60 bytes=4463 rss=561464328 live=1826401
	csg_mem tag=forest_parse_begin pass=0 src=60 reserve=0 rss=561464328 live=1826418
	csg_mem tag=forest_parse_end pass=0 src=60 arena=246432 parse_ms=6 rss=561890312 live=1826731
	csg_mem tag=forest_parsed src=60 arena=246432 rss=561890312 live=1826731
	csg_mem tag=forest src=61 bytes=4513921 rss=561628168 live=1826717
	csg_mem tag=forest_parse_begin pass=0 src=61 reserve=0 rss=570065928 live=1826754
	csg_mem tag=forest_parse_end pass=0 src=61 arena=140260800 parse_ms=7446 rss=719504512 live=2024758
	csg_mem tag=forest_parsed src=61 arena=140260800 rss=719504512 live=2024758
	csg_mem tag=forest src=62 bytes=214132 rss=573948936 live=2024771
	csg_mem tag=forest_parse_begin pass=0 src=62 reserve=0 rss=574112776 live=2024800
	csg_mem tag=forest_parse_end pass=0 src=62 arena=9147168 parse_ms=322 rss=584057864 live=2037704
	csg_mem tag=forest_parsed src=62 arena=9147168 rss=584057864 live=2037704
	csg_mem tag=forest src=63 bytes=146632 rss=574948360 live=2037690
	csg_mem tag=forest_parse_begin pass=0 src=63 reserve=0 rss=575030280 live=2037717
	csg_mem tag=forest_parse_end pass=0 src=63 arena=7895328 parse_ms=215 rss=583140360 live=2046402
	csg_mem tag=forest_parsed src=63 arena=7895328 rss=583140360 live=2046402
	csg_mem tag=forest src=64 bytes=60278 rss=575243272 live=2046396
	csg_mem tag=forest_parse_begin pass=0 src=64 reserve=0 rss=575276040 live=2046421
	csg_mem tag=forest_parse_end pass=0 src=64 arena=2237760 parse_ms=76 rss=577537032 live=2049784
	csg_mem tag=forest_parsed src=64 arena=2237760 rss=577537032 live=2049784
	csg_mem tag=forest src=65 bytes=26513 rss=575292424 live=2049783
	csg_mem tag=forest_parse_begin pass=0 src=65 reserve=0 rss=575308808 live=2049806
	csg_mem tag=forest_parse_end pass=0 src=65 arena=1929824 parse_ms=44 rss=577242120 live=2052138
	csg_mem tag=forest_parsed src=65 arena=1929824 rss=577242120 live=2052138
	csg_mem tag=forest src=66 bytes=115864 rss=575308808 live=2052124
	csg_mem tag=forest_parse_begin pass=0 src=66 reserve=0 rss=575308808 live=2052151
	csg_mem tag=forest_parse_end pass=0 src=66 arena=7864864 parse_ms=188 rss=582697992 live=2061357
	csg_mem tag=forest_parsed src=66 arena=7864864 rss=582697992 live=2061357
	csg_mem tag=forest src=67 bytes=342860 rss=575341576 live=2061345
	csg_mem tag=forest_parse_begin pass=0 src=67 reserve=0 rss=575341576 live=2061374
	csg_mem tag=forest_parse_end pass=0 src=67 arena=15735424 parse_ms=469 rss=590513160 live=2087197
	csg_mem tag=forest_parsed src=67 arena=15735424 rss=590513160 live=2087197
	csg_mem tag=forest src=68 bytes=93793 rss=575456264 live=2087196
	csg_mem tag=forest_parse_begin pass=0 src=68 reserve=0 rss=575489032 live=2087223
	csg_mem tag=forest_parse_end pass=0 src=68 arena=4499488 parse_ms=154 rss=580076552 live=2093341
	csg_mem tag=forest_parsed src=68 arena=4499488 rss=580076552 live=2093341
	csg_mem tag=forest src=69 bytes=18553 rss=575570952 live=2093328
	csg_mem tag=forest_parse_begin pass=0 src=69 reserve=0 rss=575587336 live=2093349
	csg_mem tag=forest_parse_end pass=0 src=69 arena=1560128 parse_ms=49 rss=577291272 live=2096606
	csg_mem tag=forest_parsed src=69 arena=1560128 rss=577291272 live=2096606
	csg_mem tag=forest src=70 bytes=23302 rss=575718408 live=2096592
	csg_mem tag=forest_parse_begin pass=0 src=70 reserve=0 rss=575718408 live=2096615
	csg_mem tag=forest_parse_end pass=0 src=70 arena=1078944 parse_ms=34 rss=576799752 live=2098682
	csg_mem tag=forest_parsed src=70 arena=1078944 rss=576799752 live=2098682
	csg_mem tag=forest src=71 bytes=12094 rss=575718408 live=2098677
	csg_mem tag=forest_parse_begin pass=0 src=71 reserve=0 rss=575718408 live=2098696
	csg_mem tag=forest_parse_end pass=0 src=71 arena=484512 parse_ms=14 rss=576226312 live=2099324
	csg_mem tag=forest_parsed src=71 arena=484512 rss=576226312 live=2099324
	csg_mem tag=forest src=72 bytes=373101 rss=575734792 live=2099312
	csg_mem tag=forest_parse_begin pass=0 src=72 reserve=0 rss=575931400 live=2099341
	csg_mem tag=forest_parse_end pass=0 src=72 arena=15793504 parse_ms=430 rss=591201288 live=2117383
	csg_mem tag=forest_parsed src=72 arena=15793504 rss=591201288 live=2117383
	csg_mem tag=forest src=73 bytes=5619 rss=576062472 live=2117386
	csg_mem tag=forest_parse_begin pass=0 src=73 reserve=0 rss=576062472 live=2117405
	csg_mem tag=forest_parse_end pass=0 src=73 arena=206048 parse_ms=7 rss=576275464 live=2117824
	csg_mem tag=forest_parsed src=73 arena=206048 rss=576275464 live=2117824
	csg_mem tag=forest src=74 bytes=256078 rss=576062472 live=2117810
	csg_mem tag=forest_parse_begin pass=0 src=74 reserve=0 rss=578143240 live=2117839
	csg_mem tag=forest_parse_end pass=0 src=74 arena=9120128 parse_ms=340 rss=588481544 live=2129196
	csg_mem tag=forest_parsed src=74 arena=9120128 rss=588481544 live=2129196
	csg_mem tag=forest src=75 bytes=228229 rss=579404808 live=2129188
	csg_mem tag=forest_parse_begin pass=0 src=75 reserve=0 rss=579470344 live=2129217
	csg_mem tag=forest_parse_end pass=0 src=75 arena=8998336 parse_ms=293 rss=588497928 live=2140678
	csg_mem tag=forest_parsed src=75 arena=8998336 rss=588497928 live=2140678
	csg_mem tag=forest src=76 bytes=9159 rss=579486728 live=2140674
	csg_mem tag=forest_parse_begin pass=0 src=76 reserve=0 rss=579486728 live=2140695
	csg_mem tag=forest_parse_end pass=0 src=76 arena=481184 parse_ms=12 rss=579978248 live=2140960
	csg_mem tag=forest_parsed src=76 arena=481184 rss=579978248 live=2140960
	csg_mem tag=forest src=77 bytes=207027 rss=579486728 live=2140946
	csg_mem tag=forest_parse_begin pass=0 src=77 reserve=0 rss=579666952 live=2140975
	csg_mem tag=forest_parse_end pass=0 src=77 arena=9306368 parse_ms=332 rss=589841416 live=2155183
	csg_mem tag=forest_parsed src=77 arena=9306368 rss=589841416 live=2155183
	csg_mem tag=forest src=78 bytes=21659 rss=580568072 live=2155169
	csg_mem tag=forest_parse_begin pass=0 src=78 reserve=0 rss=580568072 live=2155190
	csg_mem tag=forest_parse_end pass=0 src=78 arena=897152 parse_ms=26 rss=581501960 live=2156251
	csg_mem tag=forest_parsed src=78 arena=897152 rss=581501960 live=2156251
	csg_mem tag=forest src=79 bytes=138950 rss=580600840 live=2156237
	csg_mem tag=forest_parse_begin pass=0 src=79 reserve=0 rss=580617224 live=2156264
	csg_mem tag=forest_parse_end pass=0 src=79 arena=7673728 parse_ms=289 rss=588137480 live=2165956
	csg_mem tag=forest_parsed src=79 arena=7673728 rss=588137480 live=2165956
	csg_mem tag=forest src=80 bytes=16818 rss=580977672 live=2165942
	csg_mem tag=forest_parse_begin pass=0 src=80 reserve=0 rss=581010440 live=2165963
	csg_mem tag=forest_parse_end pass=0 src=80 arena=580096 parse_ms=42 rss=581813256 live=2166868
	csg_mem tag=forest_parsed src=80 arena=580096 rss=581813256 live=2166868
	csg_mem tag=forest src=81 bytes=7011 rss=581223432 live=2166855
	csg_mem tag=forest_parse_begin pass=0 src=81 reserve=0 rss=581223432 live=2166872
	csg_mem tag=forest_parse_end pass=0 src=81 arena=26368 parse_ms=2 rss=581223432 live=2166945
	csg_mem tag=forest_parsed src=81 arena=26368 rss=581223432 live=2166945
	csg_mem tag=forest src=82 bytes=3088 rss=581223432 live=2166933
	csg_mem tag=forest_parse_begin pass=0 src=82 reserve=0 rss=581223432 live=2166950
	csg_mem tag=forest_parse_end pass=0 src=82 arena=135104 parse_ms=7 rss=581370888 live=2167192
	csg_mem tag=forest_parsed src=82 arena=135104 rss=581370888 live=2167192
	csg_mem tag=forest src=83 bytes=209875 rss=581223432 live=2167178
	csg_mem tag=forest_parse_begin pass=0 src=83 reserve=0 rss=581354504 live=2167207
	csg_mem tag=forest_parse_end pass=0 src=83 arena=8672672 parse_ms=481 rss=590021640 live=2180424
	csg_mem tag=forest_parsed src=83 arena=8672672 rss=590021640 live=2180424
	csg_mem tag=forest src=84 bytes=113595 rss=581387272 live=2180424
	csg_mem tag=forest_parse_begin pass=0 src=84 reserve=0 rss=581485576 live=2180451
	csg_mem tag=forest_parse_end pass=0 src=84 arena=4098720 parse_ms=160 rss=585614344 live=2185657
	csg_mem tag=forest_parsed src=84 arena=4098720 rss=585614344 live=2185657
	csg_mem tag=forest src=85 bytes=694424 rss=581518344 live=2185650
	csg_mem tag=forest_parse_begin pass=0 src=85 reserve=0 rss=581993480 live=2185681
	csg_mem tag=forest_parse_end pass=0 src=85 arena=31524320 parse_ms=984 rss=612058144 live=2234127
	csg_mem tag=forest_parsed src=85 arena=31524320 rss=612074528 live=2234127
	csg_mem tag=forest src=86 bytes=84731 rss=582468616 live=2234141
	csg_mem tag=forest_parse_begin pass=0 src=86 reserve=0 rss=582501384 live=2234168
	csg_mem tag=forest_parse_end pass=0 src=86 arena=4655136 parse_ms=148 rss=587285512 live=2239948
	csg_mem tag=forest_parsed src=86 arena=4655136 rss=587285512 live=2239948
	csg_mem tag=forest src=87 bytes=95381 rss=582632456 live=2239954
	csg_mem tag=forest_parse_begin pass=0 src=87 reserve=0 rss=582665224 live=2239981
	csg_mem tag=forest_parse_end pass=0 src=87 arena=4657632 parse_ms=143 rss=587498504 live=2246714
	csg_mem tag=forest_parsed src=87 arena=4657632 rss=587498504 live=2246714
	csg_mem tag=forest src=88 bytes=100872 rss=582845448 live=2246716
	csg_mem tag=forest_parse_begin pass=0 src=88 reserve=0 rss=582894600 live=2246743
	csg_mem tag=forest_parse_end pass=0 src=88 arena=4560160 parse_ms=150 rss=587629576 live=2253692
	csg_mem tag=forest_parsed src=88 arena=4560160 rss=587629576 live=2253692
	csg_mem tag=forest src=89 bytes=8802 rss=583058440 live=2253690
	csg_mem tag=forest_parse_begin pass=0 src=89 reserve=0 rss=583074824 live=2253711
	csg_mem tag=forest_parse_end pass=0 src=89 arena=550528 parse_ms=16 rss=583697416 live=2254318
	csg_mem tag=forest_parsed src=89 arena=550528 rss=583697416 live=2254318
	csg_mem tag=forest src=90 bytes=36472 rss=583140360 live=2254305
	csg_mem tag=forest_parse_begin pass=0 src=90 reserve=0 rss=583189512 live=2254330
	csg_mem tag=forest_parse_end pass=0 src=90 arena=2282368 parse_ms=73 rss=585581576 live=2257273
	csg_mem tag=forest_parsed src=90 arena=2282368 rss=585581576 live=2257273
	csg_mem tag=forest src=91 bytes=9587 rss=583304200 live=2257263
	csg_mem tag=forest_parse_begin pass=0 src=91 reserve=0 rss=583320584 live=2257284
	csg_mem tag=forest_parse_end pass=0 src=91 arena=577568 parse_ms=19 rss=583959560 live=2258076
	csg_mem tag=forest_parsed src=91 arena=577568 rss=583959560 live=2258076
	csg_mem tag=forest src=92 bytes=146673 rss=583369736 live=2258063
	csg_mem tag=forest_parse_begin pass=0 src=92 reserve=0 rss=583746568 live=2258090
	csg_mem tag=forest_parse_end pass=0 src=92 arena=6026144 parse_ms=198 rss=589939720 live=2267071
	csg_mem tag=forest_parsed src=92 arena=6026144 rss=589939720 live=2267071
	csg_mem tag=forest src=93 bytes=85404 rss=583910408 live=2267081
	csg_mem tag=forest_parse_begin pass=0 src=93 reserve=0 rss=584057864 live=2267108
	csg_mem tag=forest_parse_end pass=0 src=93 arena=4405344 parse_ms=135 rss=588727304 live=2271785
	csg_mem tag=forest_parsed src=93 arena=4405344 rss=588727304 live=2271785
	csg_mem tag=forest src=94 bytes=60609 rss=584320008 live=2271788
	csg_mem tag=forest_parse_begin pass=0 src=94 reserve=0 rss=584434696 live=2271813
	csg_mem tag=forest_parse_end pass=0 src=94 arena=3005376 parse_ms=89 rss=587547656 live=2275232
	csg_mem tag=forest_parsed src=94 arena=3005376 rss=587547656 live=2275232
	csg_mem tag=forest src=95 bytes=21133 rss=584533000 live=2275225
	csg_mem tag=forest_parse_begin pass=0 src=95 reserve=0 rss=584565768 live=2275248
	csg_mem tag=forest_parse_end pass=0 src=95 arena=1127648 parse_ms=34 rss=585729032 live=2276472
	csg_mem tag=forest_parsed src=95 arena=1127648 rss=585729032 live=2276472
	csg_mem tag=forest src=96 bytes=3751 rss=584598536 live=2276459
	csg_mem tag=forest_parse_begin pass=0 src=96 reserve=0 rss=584614920 live=2276476
	csg_mem tag=forest_parse_end pass=0 src=96 arena=196480 parse_ms=6 rss=584827912 live=2276711
	csg_mem tag=forest_parsed src=96 arena=196480 rss=584827912 live=2276711
	csg_mem tag=forest src=97 bytes=97141 rss=584631304 live=2276697
	csg_mem tag=forest_parse_begin pass=0 src=97 reserve=0 rss=584827912 live=2276724
	csg_mem tag=forest_parse_end pass=0 src=97 arena=4655136 parse_ms=155 rss=589530120 live=2282799
	csg_mem tag=forest_parsed src=97 arena=4655136 rss=589530120 live=2282799
	csg_mem tag=forest src=98 bytes=25148 rss=584877064 live=2282796
	csg_mem tag=forest_parse_begin pass=0 src=98 reserve=0 rss=584942600 live=2282819
	csg_mem tag=forest_parse_end pass=0 src=98 arena=1160192 parse_ms=40 rss=586122248 live=2284213
	csg_mem tag=forest_parsed src=98 arena=1160192 rss=586122248 live=2284213
	csg_mem tag=forest src=99 bytes=67075 rss=584958984 live=2284201
	csg_mem tag=forest_parse_begin pass=0 src=99 reserve=0 rss=584975368 live=2284226
	csg_mem tag=forest_parse_end pass=0 src=99 arena=3936576 parse_ms=99 rss=588956680 live=2287730
	csg_mem tag=forest_parsed src=99 arena=3936576 rss=588956680 live=2287730
	csg_mem tag=forest src=100 bytes=122136 rss=585024520 live=2287723
	csg_mem tag=forest_parse_begin pass=0 src=100 reserve=0 rss=585122824 live=2287750
	csg_mem tag=forest_parse_end pass=0 src=100 arena=4583264 parse_ms=165 rss=589743112 live=2294689
	csg_mem tag=forest_parsed src=100 arena=4583264 rss=589743112 live=2294689
	csg_mem tag=forest src=101 bytes=477806 rss=585204744 live=2294694
	csg_mem tag=forest_parse_begin pass=0 src=101 reserve=0 rss=585581576 live=2294725
	csg_mem tag=forest_parse_end pass=0 src=101 arena=18347488 parse_ms=679 rss=604636192 live=2333615
	csg_mem tag=forest_parsed src=101 arena=18347488 rss=604636192 live=2333615
	csg_mem tag=forest src=102 bytes=9251 rss=585925640 live=2333619
	csg_mem tag=forest_parse_begin pass=0 src=102 reserve=0 rss=585925640 live=2333638
	csg_mem tag=forest_parse_end pass=0 src=102 arena=410976 parse_ms=13 rss=586351624 live=2334360
	csg_mem tag=forest_parsed src=102 arena=410976 rss=586351624 live=2334360
	csg_mem tag=forest src=103 bytes=35254 rss=585925640 live=2334346
	csg_mem tag=forest_parse_begin pass=0 src=103 reserve=0 rss=585942024 live=2334371
	csg_mem tag=forest_parse_end pass=0 src=103 arena=1696640 parse_ms=50 rss=587662344 live=2336282
	csg_mem tag=forest_parsed src=103 arena=1696640 rss=587662344 live=2336282
	csg_mem tag=forest src=104 bytes=207662 rss=585958408 live=2336274
	csg_mem tag=forest_parse_begin pass=0 src=104 reserve=0 rss=586155016 live=2336303
	csg_mem tag=forest_parse_end pass=0 src=104 arena=8813440 parse_ms=272 rss=595084296 live=2347569
	csg_mem tag=forest_parsed src=104 arena=8813440 rss=595084296 live=2347569
	csg_mem tag=forest src=105 bytes=53041 rss=586269704 live=2347587
	csg_mem tag=forest_parse_begin pass=0 src=105 reserve=0 rss=586302472 live=2347612
	csg_mem tag=forest_parse_end pass=0 src=105 arena=2259072 parse_ms=75 rss=588579848 live=2350383
	csg_mem tag=forest_parsed src=105 arena=2259072 rss=588579848 live=2350383
	csg_mem tag=forest src=106 bytes=19779 rss=586318856 live=2350375
	csg_mem tag=forest_parse_begin pass=0 src=106 reserve=0 rss=586318856 live=2350396
	csg_mem tag=forest_parse_end pass=0 src=106 arena=751744 parse_ms=24 rss=587072520 live=2351359
	csg_mem tag=forest_parsed src=106 arena=751744 rss=587088904 live=2351359
	csg_mem tag=forest src=107 bytes=274 rss=586335240 live=2351348
	csg_mem tag=forest_parse_begin pass=0 src=107 reserve=0 rss=586335240 live=2351359
	csg_mem tag=forest_parse_end pass=0 src=107 arena=9376 parse_ms=0 rss=586335240 live=2351396
	csg_mem tag=forest_parsed src=107 arena=9376 rss=586335240 live=2351396
	csg_mem tag=forest src=108 bytes=131447 rss=586335240 live=2351383
	csg_mem tag=forest_parse_begin pass=0 src=108 reserve=0 rss=586449928 live=2351410
	csg_mem tag=forest_parse_end pass=0 src=108 arena=4836960 parse_ms=173 rss=591528968 live=2357884
	csg_mem tag=forest_parsed src=108 arena=4836960 rss=591528968 live=2357884
	csg_mem tag=forest src=109 bytes=204964 rss=586695688 live=2357878
	csg_mem tag=forest_parse_begin pass=0 src=109 reserve=0 rss=587088904 live=2357907
	csg_mem tag=forest_parse_end pass=0 src=109 arena=8810624 parse_ms=269 rss=596018184 live=2367966
	csg_mem tag=forest_parsed src=109 arena=8810624 rss=596018184 live=2367966
	csg_mem tag=forest src=110 bytes=26073 rss=587203592 live=2367974
	csg_mem tag=forest_parse_begin pass=0 src=110 reserve=0 rss=587285512 live=2367997
	csg_mem tag=forest_parse_end pass=0 src=110 arena=1108928 parse_ms=34 rss=588416008 live=2369382
	csg_mem tag=forest_parsed src=110 arena=1108928 rss=588416008 live=2369382
	csg_mem tag=forest src=111 bytes=52561 rss=587301896 live=2369370
	csg_mem tag=forest_parse_begin pass=0 src=111 reserve=0 rss=587334664 live=2369395
	csg_mem tag=forest_parse_end pass=0 src=111 arena=2303040 parse_ms=72 rss=589710344 live=2372395
	csg_mem tag=forest_parsed src=111 arena=2303040 rss=589710344 live=2372395
	csg_mem tag=forest src=112 bytes=54759 rss=587400200 live=2372385
	csg_mem tag=forest_parse_begin pass=0 src=112 reserve=0 rss=587416584 live=2372410
	csg_mem tag=forest_parse_end pass=0 src=112 arena=2325568 parse_ms=77 rss=589857800 live=2375473
	csg_mem tag=forest_parsed src=112 arena=2325568 rss=589857800 live=2375473
	csg_mem tag=forest src=113 bytes=22222 rss=587531272 live=2375469
	csg_mem tag=forest_parse_begin pass=0 src=113 reserve=0 rss=587547656 live=2375490
	csg_mem tag=forest_parse_end pass=0 src=113 arena=1006144 parse_ms=28 rss=588596232 live=2377035
	csg_mem tag=forest_parsed src=113 arena=1006144 rss=588596232 live=2377035
	csg_mem tag=forest src=114 bytes=396704 rss=587580424 live=2377022
	csg_mem tag=forest_parse_begin pass=0 src=114 reserve=0 rss=587875336 live=2377053
	csg_mem tag=forest_parse_end pass=0 src=114 arena=15681920 parse_ms=554 rss=604292104 live=2409845
	csg_mem tag=forest_parsed src=114 arena=15681920 rss=604292104 live=2409845
	csg_mem tag=forest src=115 bytes=5769 rss=588235784 live=2409834
	csg_mem tag=forest_parse_begin pass=0 src=115 reserve=0 rss=588252168 live=2409853
	csg_mem tag=forest_parse_end pass=0 src=115 arena=210208 parse_ms=7 rss=588465160 live=2410209
	csg_mem tag=forest_parsed src=115 arena=210208 rss=588465160 live=2410209
	csg_mem tag=forest src=116 bytes=3136 rss=588252168 live=2410197
	csg_mem tag=forest_parse_begin pass=0 src=116 reserve=0 rss=588252168 live=2410214
	csg_mem tag=forest_parse_end pass=0 src=116 arena=107776 parse_ms=4 rss=588252168 live=2410404
	csg_mem tag=forest_parsed src=116 arena=107776 rss=588252168 live=2410404
	csg_mem tag=forest src=117 bytes=281236 rss=588252168 live=2410392
	csg_mem tag=forest_parse_begin pass=0 src=117 reserve=0 rss=588416008 live=2410421
	csg_mem tag=forest_parse_end pass=0 src=117 arena=8623104 parse_ms=323 rss=597378056 live=2427339
	csg_mem tag=forest_parsed src=117 arena=8623104 rss=597378056 live=2427339
	csg_mem tag=forest src=118 bytes=36339 rss=588465160 live=2427330
	csg_mem tag=forest_parse_begin pass=0 src=118 reserve=0 rss=588465160 live=2427353
	csg_mem tag=forest_parse_end pass=0 src=118 arena=2203776 parse_ms=62 rss=590758920 live=2430101
	csg_mem tag=forest_parsed src=118 arena=2203776 rss=590758920 live=2430101
	csg_mem tag=forest src=119 bytes=66727 rss=588547080 live=2430088
	csg_mem tag=forest_parse_begin pass=0 src=119 reserve=0 rss=588596232 live=2430113
	csg_mem tag=forest_parse_end pass=0 src=119 arena=4554656 parse_ms=128 rss=593298440 live=2434959
	csg_mem tag=forest_parsed src=119 arena=4554656 rss=593298440 live=2434959
	csg_mem tag=forest src=120 bytes=19895 rss=588743688 live=2434951
	csg_mem tag=forest_parse_begin pass=0 src=120 reserve=0 rss=588760072 live=2434972
	csg_mem tag=forest_parse_end pass=0 src=120 arena=716672 parse_ms=22 rss=589530120 live=2436128
	csg_mem tag=forest_parsed src=120 arena=716672 rss=589530120 live=2436128
	csg_mem tag=forest src=121 bytes=104630 rss=588809224 live=2436116
	csg_mem tag=forest_parse_begin pass=0 src=121 reserve=0 rss=588825608 live=2436143
	csg_mem tag=forest_parse_end pass=0 src=121 arena=4230240 parse_ms=148 rss=593249288 live=2443562
	csg_mem tag=forest_parsed src=121 arena=4230240 rss=593249288 live=2443562
	csg_mem tag=forest src=122 bytes=21670 rss=589005832 live=2443554
	csg_mem tag=forest_parse_begin pass=0 src=122 reserve=0 rss=589087752 live=2443577
	csg_mem tag=forest_parse_end pass=0 src=122 arena=1157568 parse_ms=41 rss=590382088 live=2445041
	csg_mem tag=forest_parsed src=122 arena=1157568 rss=590382088 live=2445041
	csg_mem tag=forest src=123 bytes=41012 rss=589218824 live=2445029
	csg_mem tag=forest_parse_begin pass=0 src=123 reserve=0 rss=589349896 live=2445054
	csg_mem tag=forest_parse_end pass=0 src=123 arena=2319616 parse_ms=67 rss=591725576 live=2447863
	csg_mem tag=forest_parsed src=123 arena=2319616 rss=591725576 live=2447863
	csg_mem tag=forest src=124 bytes=602132 rss=589415432 live=2447851
	csg_mem tag=forest_parse_begin pass=0 src=124 reserve=0 rss=589874184 live=2447882
	csg_mem tag=forest_parse_end pass=0 src=124 arena=31473056 parse_ms=851 rss=620364832 live=2498835
	csg_mem tag=forest_parsed src=124 arena=31473056 rss=620381216 live=2498835
	csg_mem tag=forest src=125 bytes=2984 rss=590906376 live=2498871
	csg_mem tag=forest_parse_begin pass=0 src=125 reserve=0 rss=590906376 live=2498888
	csg_mem tag=forest_parse_end pass=0 src=125 arena=103360 parse_ms=3 rss=590906376 live=2499045
	csg_mem tag=forest_parsed src=125 arena=103360 rss=590906376 live=2499045
	csg_mem tag=forest src=126 bytes=6234 rss=590906376 live=2499033
	csg_mem tag=forest_parse_begin pass=0 src=126 reserve=0 rss=590922760 live=2499052
	csg_mem tag=forest_parse_end pass=0 src=126 arena=273504 parse_ms=8 rss=591201288 live=2499415
	csg_mem tag=forest_parsed src=126 arena=273504 rss=591201288 live=2499415
	csg_mem tag=forest src=127 bytes=36702 rss=590922760 live=2499402
	csg_mem tag=forest_parse_begin pass=0 src=127 reserve=0 rss=590955528 live=2499425
	csg_mem tag=forest_parse_end pass=0 src=127 arena=1143488 parse_ms=42 rss=592118792 live=2501185
	csg_mem tag=forest_parsed src=127 arena=1143488 rss=592118792 live=2501185
	csg_mem tag=forest src=128 bytes=49364 rss=590971912 live=2501174
	csg_mem tag=forest_parse_begin pass=0 src=128 reserve=0 rss=590971912 live=2501199
	csg_mem tag=forest_parse_end pass=0 src=128 arena=2322624 parse_ms=80 rss=593314824 live=2504482
	csg_mem tag=forest_parsed src=128 arena=2322624 rss=593314824 live=2504482
	csg_mem tag=forest src=129 bytes=42894 rss=590988296 live=2504490
	csg_mem tag=forest_parse_begin pass=0 src=129 reserve=0 rss=590988296 live=2504513
	csg_mem tag=forest_parse_end pass=0 src=129 arena=2289440 parse_ms=67 rss=593331208 live=2506609
	csg_mem tag=forest_parsed src=129 arena=2289440 rss=593331208 live=2506609
	csg_mem tag=forest src=130 bytes=32186 rss=591037448 live=2506605
	csg_mem tag=forest_parse_begin pass=0 src=130 reserve=0 rss=591037448 live=2506628
	csg_mem tag=forest_parse_end pass=0 src=130 arena=1998304 parse_ms=49 rss=593118216 live=2508678
	csg_mem tag=forest_parsed src=130 arena=1998304 rss=593118216 live=2508678
	csg_mem tag=forest src=131 bytes=34873 rss=591135752 live=2508666
	csg_mem tag=forest_parse_begin pass=0 src=131 reserve=0 rss=591152136 live=2508689
	csg_mem tag=forest_parse_end pass=0 src=131 arena=1627616 parse_ms=49 rss=592856072 live=2510782
	csg_mem tag=forest_parsed src=131 arena=1627616 rss=592856072 live=2510782
	csg_mem tag=forest src=132 bytes=1850073 rss=591217672 live=2510775
	csg_mem tag=forest_parse_begin pass=0 src=132 reserve=0 rss=593773576 live=2510810
	csg_mem tag=forest_parse_end pass=0 src=132 arena=72458048 parse_ms=2894 rss=670057576 live=2611935
	csg_mem tag=forest_parsed src=132 arena=72458048 rss=670057576 live=2611935
	csg_mem tag=forest src=133 bytes=41896 rss=596575240 live=2611983
	csg_mem tag=forest_parse_begin pass=0 src=133 reserve=0 rss=596640776 live=2612006
	csg_mem tag=forest_parse_end pass=0 src=133 arena=1945568 parse_ms=521 rss=632308744 live=2614616
	csg_mem tag=forest_parsed src=133 arena=1945568 rss=632308744 live=2614616
	csg_mem tag=forest src=134 bytes=3550298 rss=630359048 live=2614604
	csg_mem tag=forest_parse_begin pass=0 src=134 reserve=0 rss=634618888 live=2614641
	csg_mem tag=forest_parse_end pass=0 src=134 arena=140603200 parse_ms=6818 rss=781649024 live=2802342
	csg_mem tag=forest_parsed src=134 arena=140603200 rss=781649024 live=2802342
	csg_mem tag=forest src=135 bytes=134144 rss=637043720 live=2802420
	csg_mem tag=forest_parse_begin pass=0 src=135 reserve=0 rss=637109256 live=2802447
	csg_mem tag=forest_parse_end pass=0 src=135 arena=7742336 parse_ms=189 rss=644449288 live=2811513
	csg_mem tag=forest_parsed src=135 arena=7742336 rss=644449288 live=2811513
	csg_mem tag=forest src=136 bytes=592436 rss=637223944 live=2811505
	csg_mem tag=forest_parse_begin pass=0 src=136 reserve=0 rss=637518856 live=2811536
	csg_mem tag=forest_parse_end pass=0 src=136 arena=18504672 parse_ms=1178 rss=656540704 live=2842237
	csg_mem tag=forest_parsed src=136 arena=18504672 rss=656540704 live=2842237
	csg_mem tag=forest src=137 bytes=17351 rss=637518856 live=2842236
	csg_mem tag=forest_parse_begin pass=0 src=137 reserve=0 rss=637518856 live=2842257
	csg_mem tag=forest_parse_end pass=0 src=137 arena=1150240 parse_ms=32 rss=638682120 live=2843426
	csg_mem tag=forest_parsed src=137 arena=1150240 rss=638682120 live=2843426
	csg_mem tag=forest src=138 bytes=2319 rss=637535240 live=2843416
	csg_mem tag=forest_parse_begin pass=0 src=138 reserve=0 rss=637535240 live=2843431
	csg_mem tag=forest_parse_end pass=0 src=138 arena=86880 parse_ms=3 rss=637535240 live=2843540
	csg_mem tag=forest_parsed src=138 arena=86880 rss=637535240 live=2843540
	csg_mem tag=forest src=139 bytes=1697 rss=637535240 live=2843528
	csg_mem tag=forest_parse_begin pass=0 src=139 reserve=0 rss=637535240 live=2843543
	csg_mem tag=forest_parse_end pass=0 src=139 arena=57504 parse_ms=2 rss=637535240 live=2843643
	csg_mem tag=forest_parsed src=139 arena=57504 rss=637535240 live=2843643
	csg_mem tag=forest src=140 bytes=1202 rss=637535240 live=2843632
	csg_mem tag=forest_parse_begin pass=0 src=140 reserve=0 rss=637535240 live=2843647
	csg_mem tag=forest_parse_end pass=0 src=140 arena=52704 parse_ms=1 rss=637535240 live=2843727
	csg_mem tag=forest_parsed src=140 arena=52704 rss=637535240 live=2843727
	csg_mem tag=forest src=141 bytes=5427 rss=637535240 live=2843714
	csg_mem tag=forest_parse_begin pass=0 src=141 reserve=0 rss=637535240 live=2843733
	csg_mem tag=forest_parse_end pass=0 src=141 arena=286656 parse_ms=9 rss=637862920 live=2844147
	csg_mem tag=forest_parsed src=141 arena=286656 rss=637862920 live=2844147
	csg_mem tag=forest src=142 bytes=53259 rss=637568008 live=2844133
	csg_mem tag=forest_parse_begin pass=0 src=142 reserve=0 rss=637600776 live=2844158
	csg_mem tag=forest_parse_end pass=0 src=142 arena=2501696 parse_ms=96 rss=640107528 live=2853749
	csg_mem tag=forest_parsed src=142 arena=2501696 rss=640107528 live=2853749
	csg_mem tag=forest src=143 bytes=4821 rss=637617160 live=2853741
	csg_mem tag=forest_parse_begin pass=0 src=143 reserve=0 rss=637617160 live=2853760
	csg_mem tag=forest_parse_end pass=0 src=143 arena=276512 parse_ms=8 rss=637912072 live=2854039
	csg_mem tag=forest_parsed src=143 arena=276512 rss=637912072 live=2854039
	csg_mem tag=forest src=144 bytes=684 rss=637633544 live=2854027
	csg_mem tag=forest_parse_begin pass=0 src=144 reserve=0 rss=637633544 live=2854040
	csg_mem tag=forest_parse_end pass=0 src=144 arena=23264 parse_ms=0 rss=637649928 live=2854069
	csg_mem tag=forest_parsed src=144 arena=23264 rss=637666312 live=2854069
	csg_mem tag=forest src=145 bytes=706 rss=637666312 live=2854055
	csg_mem tag=forest_parse_begin pass=0 src=145 reserve=0 rss=637666312 live=2854068
	csg_mem tag=forest_parse_end pass=0 src=145 arena=23712 parse_ms=1 rss=637666312 live=2854120
	csg_mem tag=forest_parsed src=145 arena=23712 rss=637666312 live=2854120
	csg_mem tag=forest src=146 bytes=7097 rss=637666312 live=2854106
	csg_mem tag=forest_parse_begin pass=0 src=146 reserve=0 rss=637682696 live=2854125
	csg_mem tag=forest_parse_end pass=0 src=146 arena=392384 parse_ms=12 rss=638092296 live=2854525
	csg_mem tag=forest_parsed src=146 arena=392384 rss=638092296 live=2854525
	csg_mem tag=forest src=147 bytes=8518 rss=637699080 live=2854512
	csg_mem tag=forest_parse_begin pass=0 src=147 reserve=0 rss=637699080 live=2854531
	csg_mem tag=forest_parse_end pass=0 src=147 arena=486368 parse_ms=14 rss=638190600 live=2855070
	csg_mem tag=forest_parsed src=147 arena=486368 rss=638190600 live=2855070
	csg_mem tag=forest src=148 bytes=171411 rss=637699080 live=2855057
	csg_mem tag=forest_parse_begin pass=0 src=148 reserve=0 rss=637764616 live=2855084
	csg_mem tag=forest_parse_end pass=0 src=148 arena=8065696 parse_ms=232 rss=645317640 live=2873788
	csg_mem tag=forest_parsed src=148 arena=8065696 rss=645317640 live=2873788
	csg_mem tag=forest src=149 bytes=49447 rss=637764616 live=2873786
	csg_mem tag=forest_parse_begin pass=0 src=149 reserve=0 rss=637781000 live=2873811
	csg_mem tag=forest_parse_end pass=0 src=149 arena=2203968 parse_ms=564 rss=640041992 live=2876148
	csg_mem tag=forest_parsed src=149 arena=2203968 rss=640041992 live=2876148
	csg_mem tag=forest src=150 bytes=15928 rss=637830152 live=2876138
	csg_mem tag=forest_parse_begin pass=0 src=150 reserve=0 rss=637846536 live=2876159
	csg_mem tag=forest_parse_end pass=0 src=150 arena=759776 parse_ms=23 rss=638649352 live=2877107
	csg_mem tag=forest_parsed src=150 arena=759776 rss=638665736 live=2877107
	csg_mem tag=forest src=151 bytes=1861 rss=637895688 live=2877094
	csg_mem tag=forest_parse_begin pass=0 src=151 reserve=0 rss=637895688 live=2877109
	csg_mem tag=forest_parse_end pass=0 src=151 arena=86688 parse_ms=3 rss=637895688 live=2877238
	csg_mem tag=forest_parsed src=151 arena=86688 rss=637895688 live=2877238
	csg_mem tag=forest src=152 bytes=1128 rss=637895688 live=2877225
	csg_mem tag=forest_parse_begin pass=0 src=152 reserve=0 rss=637895688 live=2877238
	csg_mem tag=forest_parse_end pass=0 src=152 arena=66048 parse_ms=2 rss=637912072 live=2877336
	csg_mem tag=forest_parsed src=152 arena=66048 rss=637912072 live=2877336
	csg_mem tag=forest src=153 bytes=1513 rss=637912072 live=2877322
	csg_mem tag=forest_parse_begin pass=0 src=153 reserve=0 rss=637912072 live=2877337
	csg_mem tag=forest_parse_end pass=0 src=153 arena=54048 parse_ms=2 rss=637912072 live=2877476
	csg_mem tag=forest_parsed src=153 arena=54048 rss=637912072 live=2877476
	csg_mem tag=forest src=154 bytes=463934 rss=637912072 live=2877462
	csg_mem tag=forest_parse_begin pass=0 src=154 reserve=0 rss=638108680 live=2877493
	csg_mem tag=forest_parse_end pass=0 src=154 arena=18512992 parse_ms=1661 rss=657032224 live=2899486
	csg_mem tag=forest_parsed src=154 arena=18512992 rss=657032224 live=2899486
	csg_mem tag=forest src=155 bytes=13667 rss=638174216 live=2899489
	csg_mem tag=forest_parse_begin pass=0 src=155 reserve=0 rss=638174216 live=2899508
	csg_mem tag=forest_parse_end pass=0 src=155 arena=538080 parse_ms=19 rss=638731272 live=2900083
	csg_mem tag=forest_parsed src=155 arena=538080 rss=638731272 live=2900083
	csg_mem tag=forest src=156 bytes=38093 rss=638190600 live=2900069
	csg_mem tag=forest_parse_begin pass=0 src=156 reserve=0 rss=638239752 live=2900094
	csg_mem tag=forest_parse_end pass=0 src=156 arena=2014496 parse_ms=56 rss=640271368 live=2902243
	csg_mem tag=forest_parsed src=156 arena=2014496 rss=640271368 live=2902243
	csg_mem tag=forest src=157 bytes=11977 rss=638256136 live=2902230
	csg_mem tag=forest_parse_begin pass=0 src=157 reserve=0 rss=638272520 live=2902251
	csg_mem tag=forest_parse_end pass=0 src=157 arena=579104 parse_ms=19 rss=638862344 live=2903003
	csg_mem tag=forest_parsed src=157 arena=579104 rss=638862344 live=2903003
	csg_mem tag=forest src=158 bytes=2184453 rss=638272520 live=2902990
	csg_mem tag=forest_parse_begin pass=0 src=158 reserve=0 rss=707167288 live=2903025
	csg_mem tag=forest_parse_end pass=0 src=158 arena=73411680 parse_ms=3137 rss=743539840 live=3028257
	csg_mem tag=forest_parsed src=158 arena=73411680 rss=743539840 live=3028257
	csg_mem tag=forest src=159 bytes=10933 rss=668582968 live=3028337
	csg_mem tag=forest_parse_begin pass=0 src=159 reserve=0 rss=668615736 live=3028356
	csg_mem tag=forest_parse_end pass=0 src=159 arena=501088 parse_ms=13 rss=669205560 live=3028994
	csg_mem tag=forest_parsed src=159 arena=501088 rss=669205560 live=3028994
	csg_mem tag=forest src=160 bytes=1240 rss=668697656 live=3028983
	csg_mem tag=forest_parse_begin pass=0 src=160 reserve=0 rss=668697656 live=3028996
	csg_mem tag=forest_parse_end pass=0 src=160 arena=64000 parse_ms=1 rss=668779576 live=3029071
	csg_mem tag=forest_parsed src=160 arena=64000 rss=668779576 live=3029071
	csg_mem tag=forest src=161 bytes=9410 rss=668779576 live=3029057
	csg_mem tag=forest_parse_begin pass=0 src=161 reserve=0 rss=668812344 live=3029076
	csg_mem tag=forest_parse_end pass=0 src=161 arena=369024 parse_ms=11 rss=669353016 live=3029458
	csg_mem tag=forest_parsed src=161 arena=369024 rss=669353016 live=3029458
	csg_mem tag=forest src=162 bytes=68635 rss=668976184 live=3029445
	csg_mem tag=forest_parse_begin pass=0 src=162 reserve=0 rss=669205560 live=3029470
	csg_mem tag=forest_parse_end pass=0 src=162 arena=2996384 parse_ms=86 rss=672695352 live=3032726
	csg_mem tag=forest_parsed src=162 arena=2996384 rss=672695352 live=3032726
	csg_mem tag=forest src=163 bytes=50465 rss=669697080 live=3032714
	csg_mem tag=forest_parse_begin pass=0 src=163 reserve=0 rss=669729848 live=3032739
	csg_mem tag=forest_parse_end pass=0 src=163 arena=2227648 parse_ms=63 rss=672449592 live=3035816
	csg_mem tag=forest_parsed src=163 arena=2227648 rss=672449592 live=3035816
	csg_mem tag=forest src=164 bytes=17907 rss=670221368 live=3035806
	csg_mem tag=forest_parse_begin pass=0 src=164 reserve=0 rss=670237752 live=3035827
	csg_mem tag=forest_parse_end pass=0 src=164 arena=742784 parse_ms=22 rss=671155256 live=3036899
	csg_mem tag=forest_parsed src=164 arena=742784 rss=671155256 live=3036899
	csg_mem tag=forest src=165 bytes=5027 rss=670401592 live=3036886
	csg_mem tag=forest_parse_begin pass=0 src=165 reserve=0 rss=670401592 live=3036903
	csg_mem tag=forest_parse_end pass=0 src=165 arena=255104 parse_ms=7 rss=670663736 live=3037205
	csg_mem tag=forest_parsed src=165 arena=255104 rss=670663736 live=3037205
	csg_mem tag=forest src=166 bytes=660119 rss=670401592 live=3037191
	csg_mem tag=forest_parse_begin pass=0 src=166 reserve=0 rss=670893112 live=3037222
	csg_mem tag=forest_parse_end pass=0 src=166 arena=31122080 parse_ms=900 rss=700531792 live=3080197
	csg_mem tag=forest_parsed src=166 arena=31122080 rss=700531792 live=3080197
	csg_mem tag=forest src=167 bytes=20497 rss=671335480 live=3080197
	csg_mem tag=forest_parse_begin pass=0 src=167 reserve=0 rss=671351864 live=3080218
	csg_mem tag=forest_parse_end pass=0 src=167 arena=970752 parse_ms=25 rss=672334904 live=3081323
	csg_mem tag=forest_parsed src=167 arena=970752 rss=672334904 live=3081323
	csg_mem tag=forest src=168 bytes=40593 rss=671351864 live=3081314
	csg_mem tag=forest_parse_begin pass=0 src=168 reserve=0 rss=671368248 live=3081339
	csg_mem tag=forest_parse_end pass=0 src=168 arena=2318432 parse_ms=66 rss=673711160 live=3083588
	csg_mem tag=forest_parsed src=168 arena=2318432 rss=673711160 live=3083588
	csg_mem tag=forest src=169 bytes=46446 rss=671384632 live=3083577
	csg_mem tag=forest_parse_begin pass=0 src=169 reserve=0 rss=671384632 live=3083600
	csg_mem tag=forest_parse_end pass=0 src=169 arena=1915136 parse_ms=48 rss=673301560 live=3085706
	csg_mem tag=forest_parsed src=169 arena=1915136 rss=673301560 live=3085706
	csg_mem tag=forest src=170 bytes=1303220 rss=671384632 live=3085694
	csg_mem tag=forest_parse_begin pass=0 src=170 reserve=0 rss=672334928 live=3085727
	csg_mem tag=forest_parse_end pass=0 src=170 arena=62341184 parse_ms=1766 rss=729924760 live=3152183
	csg_mem tag=forest_parsed src=170 arena=62341184 rss=729924760 live=3152183
	csg_mem tag=forest src=171 bytes=251029 rss=672826448 live=3152181
	csg_mem tag=forest_parse_begin pass=0 src=171 reserve=0 rss=672875600 live=3152210
	csg_mem tag=forest_parse_end pass=0 src=171 arena=8745120 parse_ms=322 rss=682116176 live=3165106
	csg_mem tag=forest_parsed src=171 arena=8745120 rss=682132560 live=3165106
	csg_mem tag=forest src=172 bytes=16374 rss=673383504 live=3165104
	csg_mem tag=forest_parse_begin pass=0 src=172 reserve=0 rss=673399888 live=3165125
	csg_mem tag=forest_parse_end pass=0 src=172 arena=601984 parse_ms=21 rss=674055248 live=3166058
	csg_mem tag=forest_parsed src=172 arena=601984 rss=674055248 live=3166058
	csg_mem tag=forest src=173 bytes=25800 rss=673449040 live=3166045
	csg_mem tag=forest_parse_begin pass=0 src=173 reserve=0 rss=673498192 live=3166068
	csg_mem tag=forest_parse_end pass=0 src=173 arena=1098720 parse_ms=33 rss=674661456 live=3167262
	csg_mem tag=forest_parsed src=173 arena=1098720 rss=674661456 live=3167262
	csg_mem tag=forest src=174 bytes=148845 rss=673547344 live=3167250
	csg_mem tag=forest_parse_begin pass=0 src=174 reserve=0 rss=673809488 live=3167277
	csg_mem tag=forest_parse_end pass=0 src=174 arena=8091232 parse_ms=205 rss=682050640 live=3174587
	csg_mem tag=forest_parsed src=174 arena=8091232 rss=682050640 live=3174587
	csg_mem tag=forest src=175 bytes=67128 rss=674464848 live=3174583
	csg_mem tag=forest_parse_begin pass=0 src=175 reserve=0 rss=674645072 live=3174608
	csg_mem tag=forest_parse_end pass=0 src=175 arena=3947680 parse_ms=93 rss=679101520 live=3177958
	csg_mem tag=forest_parsed src=175 arena=3947680 rss=679101520 live=3177958
	csg_mem tag=forest src=176 bytes=78825 rss=675152976 live=3177946
	csg_mem tag=forest_parse_begin pass=0 src=176 reserve=0 rss=675333200 live=3177971
	csg_mem tag=forest_parse_end pass=0 src=176 arena=3980928 parse_ms=106 rss=679855184 live=3181808
	csg_mem tag=forest_parsed src=176 arena=3980928 rss=679855184 live=3181808
	csg_mem tag=forest src=177 bytes=21900 rss=675873872 live=3181799
	csg_mem tag=forest_parse_begin pass=0 src=177 reserve=0 rss=675906640 live=3181822
	csg_mem tag=forest_parse_end pass=0 src=177 arena=1123968 parse_ms=31 rss=677135440 live=3183013
	csg_mem tag=forest_parsed src=177 arena=1123968 rss=677135440 live=3183013
	csg_mem tag=forest src=178 bytes=23417 rss=676004944 live=3183001
	csg_mem tag=forest_parse_begin pass=0 src=178 reserve=0 rss=676037712 live=3183024
	csg_mem tag=forest_parse_end pass=0 src=178 arena=1161856 parse_ms=36 rss=677299280 live=3184630
	csg_mem tag=forest_parsed src=178 arena=1161856 rss=677315664 live=3184630
	csg_mem tag=forest src=179 bytes=22043 rss=676152400 live=3184618
	csg_mem tag=forest_parse_begin pass=0 src=179 reserve=0 rss=676185168 live=3184641
	csg_mem tag=forest_parse_end pass=0 src=179 arena=1141856 parse_ms=33 rss=677364816 live=3185922
	csg_mem tag=forest_parsed src=179 arena=1141856 rss=677364816 live=3185922
	csg_mem tag=forest src=180 bytes=47225 rss=676217936 live=3185909
	csg_mem tag=forest_parse_begin pass=0 src=180 reserve=0 rss=676283472 live=3185934
	csg_mem tag=forest_parse_end pass=0 src=180 arena=2339200 parse_ms=89 rss=678691920 live=3189181
	csg_mem tag=forest_parsed src=180 arena=2339200 rss=678691920 live=3189181
	csg_mem tag=forest src=181 bytes=30262 rss=676349008 live=3189170
	csg_mem tag=forest_parse_begin pass=0 src=181 reserve=0 rss=676381776 live=3189193
	csg_mem tag=forest_parse_end pass=0 src=181 arena=1158624 parse_ms=41 rss=677577808 live=3190984
	csg_mem tag=forest_parsed src=181 arena=1158624 rss=677577808 live=3190984
	csg_mem tag=forest src=182 bytes=48950 rss=676414544 live=3190975
	csg_mem tag=forest_parse_begin pass=0 src=182 reserve=0 rss=676447312 live=3191000
	csg_mem tag=forest_parse_end pass=0 src=182 arena=3265760 parse_ms=94 rss=679871568 live=3194314
	csg_mem tag=forest_parsed src=182 arena=3265760 rss=679871568 live=3194314
	csg_mem tag=forest src=183 bytes=1838 rss=676594768 live=3194304
	csg_mem tag=forest_parse_begin pass=0 src=183 reserve=0 rss=676594768 live=3194319
	csg_mem tag=forest_parse_end pass=0 src=183 arena=134464 parse_ms=4 rss=676791376 live=3194465
	csg_mem tag=forest_parsed src=183 arena=134464 rss=676791376 live=3194465
	csg_mem tag=forest src=184 bytes=77801 rss=676643920 live=3194451
	csg_mem tag=forest_parse_begin pass=0 src=184 reserve=0 rss=676742224 live=3194476
	csg_mem tag=forest_parse_end pass=0 src=184 arena=4007232 parse_ms=101 rss=680887376 live=3199199
	csg_mem tag=forest_parsed src=184 arena=4007232 rss=680887376 live=3199199
	csg_mem tag=forest src=185 bytes=48122 rss=676873296 live=3199193
	csg_mem tag=forest_parse_begin pass=0 src=185 reserve=0 rss=677004368 live=3199218
	csg_mem tag=forest_parse_end pass=0 src=185 arena=2178528 parse_ms=69 rss=679232592 live=3202372
	csg_mem tag=forest_parsed src=185 arena=2178528 rss=679232592 live=3202372
	csg_mem tag=forest src=186 bytes=184731 rss=677053520 live=3202361
	csg_mem tag=forest_parse_begin pass=0 src=186 reserve=0 rss=677151824 live=3202388
	csg_mem tag=forest_parse_end pass=0 src=186 arena=8187936 parse_ms=241 rss=685491280 live=3213104
	csg_mem tag=forest_parsed src=186 arena=8187936 rss=685491280 live=3213104
	csg_mem tag=forest src=187 bytes=149931 rss=677299280 live=3213103
	csg_mem tag=forest_parse_begin pass=0 src=187 reserve=0 rss=677364816 live=3213130
	csg_mem tag=forest_parse_end pass=0 src=187 arena=7709984 parse_ms=180 rss=685098064 live=3220376
	csg_mem tag=forest_parsed src=187 arena=7709984 rss=685098064 live=3220376
	csg_mem tag=forest src=188 bytes=57852 rss=677381200 live=3220369
	csg_mem tag=forest_parse_begin pass=0 src=188 reserve=0 rss=677397584 live=3220394
	csg_mem tag=forest_parse_end pass=0 src=188 arena=3874400 parse_ms=91 rss=681280592 live=3224110
	csg_mem tag=forest_parsed src=188 arena=3874400 rss=681280592 live=3224110
	csg_mem tag=forest src=189 bytes=34561 rss=677413968 live=3224099
	csg_mem tag=forest_parse_begin pass=0 src=189 reserve=0 rss=677413968 live=3224122
	csg_mem tag=forest_parse_end pass=0 src=189 arena=1181056 parse_ms=46 rss=678593616 live=3226019
	csg_mem tag=forest_parsed src=189 arena=1181056 rss=678593616 live=3226019
	csg_mem tag=forest src=190 bytes=10968 rss=677413968 live=3226007
	csg_mem tag=forest_parse_begin pass=0 src=190 reserve=0 rss=677413968 live=3226026
	csg_mem tag=forest_parse_end pass=0 src=190 arena=299616 parse_ms=11 rss=677725264 live=3226406
	csg_mem tag=forest_parsed src=190 arena=299616 rss=677725264 live=3226406
	csg_mem tag=forest src=191 bytes=8297 rss=677413968 live=3226392
	csg_mem tag=forest_parse_begin pass=0 src=191 reserve=0 rss=677413968 live=3226411
	csg_mem tag=forest_parse_end pass=0 src=191 arena=265824 parse_ms=9 rss=677692496 live=3226663
	csg_mem tag=forest_parsed src=191 arena=265824 rss=677692496 live=3226663
	csg_mem tag=forest src=192 bytes=15897 rss=677413968 live=3226649
	csg_mem tag=forest_parse_begin pass=0 src=192 reserve=0 rss=677413968 live=3226670
	csg_mem tag=forest_parse_end pass=0 src=192 arena=778688 parse_ms=26 rss=678216784 live=3227443
	csg_mem tag=forest_parsed src=192 arena=778688 rss=678216784 live=3227443
	csg_mem tag=forest src=193 bytes=4281 rss=677430352 live=3227433
	csg_mem tag=forest_parse_begin pass=0 src=193 reserve=0 rss=677430352 live=3227450
	csg_mem tag=forest_parse_end pass=0 src=193 arena=140192 parse_ms=5 rss=677577808 live=3227625
	csg_mem tag=forest_parsed src=193 arena=140192 rss=677577808 live=3227625
	csg_mem tag=forest src=194 bytes=16679 rss=677430352 live=3227613
	csg_mem tag=forest_parse_begin pass=0 src=194 reserve=0 rss=677430352 live=3227634
	csg_mem tag=forest_parse_end pass=0 src=194 arena=730336 parse_ms=23 rss=678167632 live=3228632
	csg_mem tag=forest_parsed src=194 arena=730336 rss=678167632 live=3228632
	csg_mem tag=forest src=195 bytes=22255 rss=677430352 live=3228618
	csg_mem tag=forest_parse_begin pass=0 src=195 reserve=0 rss=677430352 live=3228641
	csg_mem tag=forest_parse_end pass=0 src=195 arena=1077184 parse_ms=35 rss=678544464 live=3229864
	csg_mem tag=forest_parsed src=195 arena=1077184 rss=678544464 live=3229864
	csg_mem tag=forest src=196 bytes=11418 rss=677479504 live=3229852
	csg_mem tag=forest_parse_begin pass=0 src=196 reserve=0 rss=677479504 live=3229873
	csg_mem tag=forest_parse_end pass=0 src=196 arena=562144 parse_ms=18 rss=678052944 live=3230548
	csg_mem tag=forest_parsed src=196 arena=562144 rss=678052944 live=3230548
	csg_mem tag=forest src=197 bytes=55565 rss=677479504 live=3230535
	csg_mem tag=forest_parse_begin pass=0 src=197 reserve=0 rss=677528656 live=3230560
	csg_mem tag=forest_parse_end pass=0 src=197 arena=2286496 parse_ms=80 rss=679838800 live=3233524
	csg_mem tag=forest_parsed src=197 arena=2286496 rss=679838800 live=3233524
	csg_mem tag=forest src=198 bytes=12852 rss=677545040 live=3233513
	csg_mem tag=forest_parse_begin pass=0 src=198 reserve=0 rss=677545040 live=3233534
	csg_mem tag=forest_parse_end pass=0 src=198 arena=551392 parse_ms=18 rss=678118480 live=3234329
	csg_mem tag=forest_parsed src=198 arena=551392 rss=678118480 live=3234329
	csg_mem tag=forest src=199 bytes=16279 rss=677561424 live=3234315
	csg_mem tag=forest_parse_begin pass=0 src=199 reserve=0 rss=677561424 live=3234336
	csg_mem tag=forest_parse_end pass=0 src=199 arena=725472 parse_ms=22 rss=678315088 live=3235229
	csg_mem tag=forest_parsed src=199 arena=725472 rss=678315088 live=3235229
	csg_mem tag=forest src=200 bytes=13988 rss=677577808 live=3235216
	csg_mem tag=forest_parse_begin pass=0 src=200 reserve=0 rss=677610576 live=3235237
	csg_mem tag=forest_parse_end pass=0 src=200 arena=556256 parse_ms=20 rss=678200400 live=3236079
	csg_mem tag=forest_parsed src=200 arena=556256 rss=678200400 live=3236079
	csg_mem tag=forest src=201 bytes=16582 rss=677643344 live=3236065
	csg_mem tag=forest_parse_begin pass=0 src=201 reserve=0 rss=677659728 live=3236086
	csg_mem tag=forest_parse_end pass=0 src=201 arena=980576 parse_ms=22 rss=678675536 live=3236855
	csg_mem tag=forest_parsed src=201 arena=980576 rss=678675536 live=3236855
	csg_mem tag=forest src=202 bytes=13467 rss=677692496 live=3236842
	csg_mem tag=forest_parse_begin pass=0 src=202 reserve=0 rss=677692496 live=3236863
	csg_mem tag=forest_parse_end pass=0 src=202 arena=556256 parse_ms=18 rss=678265936 live=3237613
	csg_mem tag=forest_parsed src=202 arena=556256 rss=678265936 live=3237613
	csg_mem tag=forest src=203 bytes=9353 rss=677708880 live=3237599
	csg_mem tag=forest_parse_begin pass=0 src=203 reserve=0 rss=677725264 live=3237618
	csg_mem tag=forest_parse_end pass=0 src=203 arena=486272 parse_ms=12 rss=678249552 live=3238144
	csg_mem tag=forest_parsed src=203 arena=486272 rss=678249552 live=3238144
	csg_mem tag=forest src=204 bytes=1551 rss=677758032 live=3238130
	csg_mem tag=forest_parse_begin pass=0 src=204 reserve=0 rss=677774416 live=3238147
	csg_mem tag=forest_parse_end pass=0 src=204 arena=116288 parse_ms=3 rss=677790800 live=3238241
	csg_mem tag=forest_parsed src=204 arena=116288 rss=677790800 live=3238241
	csg_mem tag=forest src=205 bytes=5930 rss=677790800 live=3238228
	csg_mem tag=forest_parse_begin pass=0 src=205 reserve=0 rss=677790800 live=3238247
	csg_mem tag=forest_parse_end pass=0 src=205 arena=244416 parse_ms=8 rss=678036560 live=3238592
	csg_mem tag=forest_parsed src=205 arena=244416 rss=678036560 live=3238592
	csg_mem tag=forest src=206 bytes=7319 rss=677790800 live=3238579
	csg_mem tag=forest_parse_begin pass=0 src=206 reserve=0 rss=677839952 live=3238600
	csg_mem tag=forest_parse_end pass=0 src=206 arena=621280 parse_ms=18 rss=678495312 live=3239267
	csg_mem tag=forest_parsed src=206 arena=621280 rss=678495312 live=3239267
	csg_mem tag=forest src=207 bytes=14020 rss=677872720 live=3239255
	csg_mem tag=forest_parse_begin pass=0 src=207 reserve=0 rss=677872720 live=3239276
	csg_mem tag=forest_parse_end pass=0 src=207 arena=1135904 parse_ms=32 rss=679035984 live=3240408
	csg_mem tag=forest_parsed src=207 arena=1135904 rss=679035984 live=3240408
	csg_mem tag=forest src=208 bytes=13488 rss=677889104 live=3240399
	csg_mem tag=forest_parse_begin pass=0 src=208 reserve=0 rss=677905488 live=3240420
	csg_mem tag=forest_parse_end pass=0 src=208 arena=904928 parse_ms=30 rss=678872144 live=3241352
	csg_mem tag=forest_parsed src=208 arena=904928 rss=678872144 live=3241352
	csg_mem tag=forest src=209 bytes=20084 rss=677954640 live=3241338
	csg_mem tag=forest_parse_begin pass=0 src=209 reserve=0 rss=677987408 live=3241361
	csg_mem tag=forest_parse_end pass=0 src=209 arena=2075136 parse_ms=54 rss=680313936 live=3244134
	csg_mem tag=forest_parsed src=209 arena=2075136 rss=680313936 live=3244134
	csg_mem tag=forest src=210 bytes=1023 rss=678233168 live=3244124
	csg_mem tag=forest_parse_begin pass=0 src=210 reserve=0 rss=678233168 live=3244137
	csg_mem tag=forest_parse_end pass=0 src=210 arena=52704 parse_ms=1 rss=678233168 live=3244233
	csg_mem tag=forest_parsed src=210 arena=52704 rss=678233168 live=3244233
	csg_mem tag=forest src=211 bytes=5533 rss=678249552 live=3244219
	csg_mem tag=forest_parse_begin pass=0 src=211 reserve=0 rss=678249552 live=3244238
	csg_mem tag=forest_parse_end pass=0 src=211 arena=431616 parse_ms=13 rss=678872144 live=3244638
	csg_mem tag=forest_parsed src=211 arena=431616 rss=678872144 live=3244638
	csg_mem tag=forest src=212 bytes=33495 rss=678429776 live=3244625
	csg_mem tag=forest_parse_begin pass=0 src=212 reserve=0 rss=678446160 live=3244648
	csg_mem tag=forest_parse_end pass=0 src=212 arena=2308384 parse_ms=77 rss=680854608 live=3247460
	csg_mem tag=forest_parsed src=212 arena=2308384 rss=680854608 live=3247460
	csg_mem tag=forest src=213 bytes=13512 rss=678544464 live=3247448
	csg_mem tag=forest_parse_begin pass=0 src=213 reserve=0 rss=678577232 live=3247469
	csg_mem tag=forest_parse_end pass=0 src=213 arena=1011200 parse_ms=30 rss=679674960 live=3248625
	csg_mem tag=forest_parsed src=213 arena=1011200 rss=679674960 live=3248625
	csg_mem tag=forest src=214 bytes=6401 rss=678659152 live=3248611
	csg_mem tag=forest_parse_begin pass=0 src=214 reserve=0 rss=678659152 live=3248632
	csg_mem tag=forest_parse_end pass=0 src=214 arena=482464 parse_ms=14 rss=679183440 live=3249058
	csg_mem tag=forest_parsed src=214 arena=482464 rss=679183440 live=3249058
	csg_mem tag=forest src=215 bytes=50615 rss=678691920 live=3249045
	csg_mem tag=forest_parse_begin pass=0 src=215 reserve=0 rss=678757456 live=3249070
	csg_mem tag=forest_parse_end pass=0 src=215 arena=3387296 parse_ms=103 rss=682378320 live=3252843
	csg_mem tag=forest_parsed src=215 arena=3387296 rss=682378320 live=3252843
	csg_mem tag=forest src=216 bytes=1052 rss=678986832 live=3252839
	csg_mem tag=forest_parse_begin pass=0 src=216 reserve=0 rss=678986832 live=3252854
	csg_mem tag=forest_parse_end pass=0 src=216 arena=57632 parse_ms=2 rss=679019600 live=3252918
	csg_mem tag=forest_parsed src=216 arena=57632 rss=679035984 live=3252918
	csg_mem tag=forest src=217 bytes=42707 rss=679052368 live=3252905
	csg_mem tag=forest_parse_begin pass=0 src=217 reserve=0 rss=679085136 live=3252930
	csg_mem tag=forest_parse_end pass=0 src=217 arena=3378816 parse_ms=94 rss=682656848 live=3256030
	csg_mem tag=forest_parsed src=217 arena=3378816 rss=682656848 live=3256030
	csg_mem tag=forest src=218 bytes=961 rss=679265360 live=3256023
	csg_mem tag=forest_parse_begin pass=0 src=218 reserve=0 rss=679265360 live=3256038
	csg_mem tag=forest_parse_end pass=0 src=218 arena=48704 parse_ms=1 rss=679298128 live=3256085
	csg_mem tag=forest_parsed src=218 arena=48704 rss=679298128 live=3256085
	csg_mem tag=forest src=219 bytes=142651 rss=679298128 live=3256073
	csg_mem tag=forest_parse_begin pass=0 src=219 reserve=0 rss=679412816 live=3256102
	csg_mem tag=forest_parse_end pass=0 src=219 arena=7740960 parse_ms=256 rss=687309904 live=3266548
	csg_mem tag=forest_parsed src=219 arena=7740960 rss=687309904 live=3266548
	csg_mem tag=forest src=220 bytes=37592 rss=679609424 live=3266563
	csg_mem tag=forest_parse_begin pass=0 src=220 reserve=0 rss=679609424 live=3266586
	csg_mem tag=forest_parse_end pass=0 src=220 arena=1904480 parse_ms=60 rss=681591888 live=3268611
	csg_mem tag=forest_parsed src=220 arena=1904480 rss=681591888 live=3268611
	csg_mem tag=forest src=221 bytes=4151 rss=679674960 live=3268597
	csg_mem tag=forest_parse_begin pass=0 src=221 reserve=0 rss=679674960 live=3268616
	csg_mem tag=forest_parse_end pass=0 src=221 arena=322112 parse_ms=12 rss=680019024 live=3269026
	csg_mem tag=forest_parsed src=221 arena=322112 rss=680019024 live=3269026
	csg_mem tag=forest src=222 bytes=7309 rss=679691344 live=3269013
	csg_mem tag=forest_parse_begin pass=0 src=222 reserve=0 rss=679691344 live=3269034
	csg_mem tag=forest_parse_end pass=0 src=222 arena=582336 parse_ms=17 rss=680297552 live=3269636
	csg_mem tag=forest_parsed src=222 arena=582336 rss=680297552 live=3269636
	csg_mem tag=forest src=223 bytes=10874 rss=679707728 live=3269622
	csg_mem tag=forest_parse_begin pass=0 src=223 reserve=0 rss=679724112 live=3269643
	csg_mem tag=forest_parse_end pass=0 src=223 arena=844128 parse_ms=23 rss=680625232 live=3270544
	csg_mem tag=forest_parsed src=223 arena=844128 rss=680625232 live=3270544
	csg_mem tag=forest src=224 bytes=2184 rss=679773264 live=3270533
	csg_mem tag=forest_parse_begin pass=0 src=224 reserve=0 rss=679773264 live=3270550
	csg_mem tag=forest_parse_end pass=0 src=224 arena=199136 parse_ms=6 rss=680002640 live=3270678
	csg_mem tag=forest_parsed src=224 arena=199136 rss=680002640 live=3270678
	csg_mem tag=forest src=225 bytes=2730 rss=679789648 live=3270664
	csg_mem tag=forest_parse_begin pass=0 src=225 reserve=0 rss=679789648 live=3270681
	csg_mem tag=forest_parse_end pass=0 src=225 arena=220992 parse_ms=6 rss=680019024 live=3270846
	csg_mem tag=forest_parsed src=225 arena=220992 rss=680019024 live=3270846
	csg_mem tag=forest src=226 bytes=13214 rss=679789648 live=3270834
	csg_mem tag=forest_parse_begin pass=0 src=226 reserve=0 rss=679789648 live=3270855
	csg_mem tag=forest_parse_end pass=0 src=226 arena=956544 parse_ms=29 rss=680821840 live=3271865
	csg_mem tag=forest_parsed src=226 arena=956544 rss=680821840 live=3271865
	csg_mem tag=forest src=227 bytes=170 rss=679855184 live=3271853
	csg_mem tag=forest_parse_begin pass=0 src=227 reserve=0 rss=679855184 live=3271864
	csg_mem tag=forest_parse_end pass=0 src=227 arena=10176 parse_ms=0 rss=679855184 live=3271885
	csg_mem tag=forest_parsed src=227 arena=10176 rss=679855184 live=3271885
	csg_mem tag=forest src=228 bytes=13660 rss=679855184 live=3271871
	csg_mem tag=forest_parse_begin pass=0 src=228 reserve=0 rss=679887952 live=3271894
	csg_mem tag=forest_parse_end pass=0 src=228 arena=1243744 parse_ms=36 rss=681182288 live=3272959
	csg_mem tag=forest_parsed src=228 arena=1243744 rss=681182288 live=3272959
	csg_mem tag=forest src=229 bytes=13065 rss=679937104 live=3272945
	csg_mem tag=forest_parse_begin pass=0 src=229 reserve=0 rss=679937104 live=3272966
	csg_mem tag=forest_parse_end pass=0 src=229 arena=1160288 parse_ms=34 rss=681149520 live=3274062
	csg_mem tag=forest_parsed src=229 arena=1160288 rss=681149520 live=3274062
	csg_mem tag=forest src=230 bytes=103363 rss=679986256 live=3274049
	csg_mem tag=forest_parse_begin pass=0 src=230 reserve=0 rss=680019024 live=3274076
	csg_mem tag=forest_parse_end pass=0 src=230 arena=5081696 parse_ms=174 rss=685130832 live=3282302
	csg_mem tag=forest_parsed src=230 arena=5081696 rss=685130832 live=3282302
	csg_mem tag=forest src=231 bytes=5655 rss=680068176 live=3282313
	csg_mem tag=forest_parse_begin pass=0 src=231 reserve=0 rss=680068176 live=3282332
	csg_mem tag=forest_parse_end pass=0 src=231 arena=473504 parse_ms=16 rss=680576080 live=3282947
	csg_mem tag=forest_parsed src=231 arena=473504 rss=680576080 live=3282947
	csg_mem tag=forest src=232 bytes=8447 rss=680100944 live=3282935
	csg_mem tag=forest_parse_begin pass=0 src=232 reserve=0 rss=680100944 live=3282956
	csg_mem tag=forest_parse_end pass=0 src=232 arena=448320 parse_ms=14 rss=680559696 live=3283423
	csg_mem tag=forest_parsed src=232 arena=448320 rss=680559696 live=3283423
	csg_mem tag=forest src=233 bytes=2526 rss=680100944 live=3283414
	csg_mem tag=forest_parse_begin pass=0 src=233 reserve=0 rss=680100944 live=3283431
	csg_mem tag=forest_parse_end pass=0 src=233 arena=117280 parse_ms=3 rss=680100944 live=3283502
	csg_mem tag=forest_parsed src=233 arena=117280 rss=680100944 live=3283502
	csg_mem tag=ta_limits tokens=3631950 type_syntax=158351 type_syntax_children=58789 enum_variants=975 declaration_symbols=1315 functions=17460 bracket_args=1277 generic_symbols=111 generic_symbol_children=0 column_rows=17859527 column_bytes=71438108 rss=680117328 live=3283487
	csg_mem tag=forest_build_done rss=680117328 live=3283487
	csg_mem tag=decl_index entries=1315 sources=234 type_syntax=158351 declarations=156076 verified=0 rss=680117328 live=3283487
	csg_mem tag=ta_limits tokens=3631950 type_syntax=158351 type_syntax_children=58789 enum_variants=975 declaration_symbols=1315 functions=17460 bracket_args=1277 generic_symbols=111 generic_symbol_children=0 column_rows=17859527 column_bytes=71438108 rss=694027368 live=5061897
	csg_mem tag=p1_arena_reserved rss=733627544 live=5062189
	csg_mem tag=p1_ctx_index_built rss=761824432 live=5375707
	csg_mem tag=forest src=0 bytes=7371 rss=761824432 live=5375709
	csg_mem tag=forest_parse_begin pass=1 src=0 reserve=332992 rss=761840816 live=5375735
	csg_mem tag=forest_appended src=0 forest_arena=86204808 rss=769328328 live=5377250
	csg_mem tag=ta_stream src=0 arena=86204808 rss=769328328 live=5377250
	csg_mem tag=forest src=1 bytes=9952 rss=769328328 live=5377244
	csg_mem tag=forest_parse_begin pass=1 src=1 reserve=590400 rss=769344712 live=5377272
	csg_mem tag=forest_appended src=1 forest_arena=86209928 rss=787219680 live=5379711
	csg_mem tag=ta_stream src=1 arena=86209928 rss=787219680 live=5379711
	csg_mem tag=forest src=2 bytes=817253 rss=787219680 live=5379705
	csg_mem tag=forest_parse_begin pass=1 src=2 reserve=33687488 rss=790824160 live=5379745
	csg_mem tag=forest_appended src=2 forest_arena=86347240 rss=859702568 live=5441958
	csg_mem tag=ta_stream src=2 arena=86347240 rss=859702568 live=5441958
	csg_mem tag=forest src=3 bytes=94454 rss=859702568 live=5441952
	csg_mem tag=forest_parse_begin pass=1 src=3 reserve=2989344 rss=859866408 live=5441984
	csg_mem tag=forest_appended src=3 forest_arena=86347240 rss=863143208 live=5449110
	csg_mem tag=ta_stream src=3 arena=86347240 rss=863143208 live=5449110
	csg_mem tag=forest src=4 bytes=59923 rss=863143208 live=5449104
	csg_mem tag=forest_parse_begin pass=1 src=4 reserve=2154880 rss=863307048 live=5449136
	csg_mem tag=forest_appended src=4 forest_arena=86347240 rss=864093480 live=5452403
	csg_mem tag=ta_stream src=4 arena=86347240 rss=864093480 live=5452403
	csg_mem tag=forest src=5 bytes=136411 rss=864093480 live=5452397
	csg_mem tag=forest_parse_begin pass=1 src=5 reserve=4724416 rss=864453928 live=5452431
	csg_mem tag=forest_appended src=5 forest_arena=86347240 rss=868418856 live=5464411
	csg_mem tag=ta_stream src=5 arena=86347240 rss=868418856 live=5464411
	csg_mem tag=forest src=6 bytes=164754 rss=868418856 live=5464405
	csg_mem tag=forest_parse_begin pass=1 src=6 reserve=7853632 rss=868828456 live=5464439
	csg_mem tag=forest_appended src=6 forest_arena=86363624 rss=870450472 live=5476006
	csg_mem tag=ta_stream src=6 arena=86363624 rss=870450472 live=5476006
	csg_mem tag=forest src=7 bytes=126542 rss=870450472 live=5476000
	csg_mem tag=forest_parse_begin pass=1 src=7 reserve=4609888 rss=870679848 live=5476034
	csg_mem tag=forest_appended src=7 forest_arena=86363624 rss=875431208 live=5486974
	csg_mem tag=ta_stream src=7 arena=86363624 rss=875431208 live=5486974
	csg_mem tag=forest src=8 bytes=108814 rss=875431208 live=5486968
	csg_mem tag=forest_parse_begin pass=1 src=8 reserve=4430240 rss=875513128 live=5487002
	csg_mem tag=forest_appended src=8 forest_arena=86363624 rss=879740200 live=5496986
	csg_mem tag=ta_stream src=8 arena=86363624 rss=879740200 live=5496986
	csg_mem tag=forest src=9 bytes=97046 rss=879740200 live=5496980
	csg_mem tag=forest_parse_begin pass=1 src=9 reserve=4022880 rss=879772968 live=5497012
	csg_mem tag=forest_appended src=9 forest_arena=86363624 rss=880035112 live=5503114
	csg_mem tag=ta_stream src=9 arena=86363624 rss=880035112 live=5503114
	csg_mem tag=forest src=10 bytes=263042 rss=880035112 live=5503108
	csg_mem tag=forest_parse_begin pass=1 src=10 reserve=9374496 rss=880313640 live=5503144
	csg_mem tag=forest_appended src=10 forest_arena=86495656 rss=944309568 live=5527194
	csg_mem tag=ta_stream src=10 arena=86495656 rss=944309568 live=5527194
	csg_mem tag=forest src=11 bytes=30477 rss=944309568 live=5527188
	csg_mem tag=forest_parse_begin pass=1 src=11 reserve=2329120 rss=944375104 live=5527218
	csg_mem tag=forest_appended src=11 forest_arena=86495656 rss=945046848 live=5534181
	csg_mem tag=ta_stream src=11 arena=86495656 rss=945046848 live=5534181
	csg_mem tag=forest src=12 bytes=17051 rss=945046848 live=5534175
	csg_mem tag=forest_parse_begin pass=1 src=12 reserve=844704 rss=945063232 live=5534203
	csg_mem tag=forest_appended src=12 forest_arena=86495656 rss=945210688 live=5535483
	csg_mem tag=ta_stream src=12 arena=86495656 rss=945227072 live=5535483
	csg_mem tag=forest src=13 bytes=11252 rss=945227072 live=5535477
	csg_mem tag=forest_parse_begin pass=1 src=13 reserve=640256 rss=945243456 live=5535503
	csg_mem tag=forest_appended src=13 forest_arena=86495656 rss=945866048 live=5538374
	csg_mem tag=ta_stream src=13 arena=86495656 rss=945866048 live=5538374
	csg_mem tag=forest src=14 bytes=520230 rss=945866048 live=5538368
	csg_mem tag=forest_parse_begin pass=1 src=14 reserve=42706688 rss=946619712 live=5538406
	csg_mem tag=forest_appended src=14 forest_arena=86495656 rss=949552448 live=5579194
	csg_mem tag=ta_stream src=14 arena=86495656 rss=949552448 live=5579194
	csg_mem tag=forest src=15 bytes=1170 rss=949552448 live=5579188
	csg_mem tag=forest_parse_begin pass=1 src=15 reserve=86080 rss=949552448 live=5579208
	csg_mem tag=forest_appended src=15 forest_arena=86495656 rss=949552448 live=5579313
	csg_mem tag=ta_stream src=15 arena=86495656 rss=949552448 live=5579313
	csg_mem tag=forest src=16 bytes=99478 rss=949552448 live=5579307
	csg_mem tag=forest_parse_begin pass=1 src=16 reserve=3501280 rss=949585216 live=5579339
	csg_mem tag=forest_appended src=16 forest_arena=86495656 rss=994182512 live=5594269
	csg_mem tag=ta_stream src=16 arena=86495656 rss=994182512 live=5594269
	csg_mem tag=forest src=17 bytes=1232 rss=994182512 live=5594263
	csg_mem tag=forest_parse_begin pass=1 src=17 reserve=74944 rss=994182512 live=5594283
	csg_mem tag=forest_appended src=17 forest_arena=86495656 rss=994215280 live=5594345
	csg_mem tag=ta_stream src=17 arena=86495656 rss=994215280 live=5594345
	csg_mem tag=forest src=18 bytes=1854 rss=994215280 live=5594339
	csg_mem tag=forest_parse_begin pass=1 src=18 reserve=77312 rss=994215280 live=5594359
	csg_mem tag=forest_appended src=18 forest_arena=86495656 rss=994428272 live=5594463
	csg_mem tag=ta_stream src=18 arena=86495656 rss=994428272 live=5594463
	csg_mem tag=forest src=19 bytes=3277 rss=994428272 live=5594457
	csg_mem tag=forest_parse_begin pass=1 src=19 reserve=148384 rss=994428272 live=5594479
	csg_mem tag=forest_appended src=19 forest_arena=86495656 rss=994952560 live=5594789
	csg_mem tag=ta_stream src=19 arena=86495656 rss=994952560 live=5594789
	csg_mem tag=forest src=20 bytes=7479 rss=994952560 live=5594783
	csg_mem tag=forest_parse_begin pass=1 src=20 reserve=347776 rss=994968944 live=5594809
	csg_mem tag=forest_appended src=20 forest_arena=86495656 rss=995313008 live=5595597
	csg_mem tag=ta_stream src=20 arena=86495656 rss=995313008 live=5595597
	csg_mem tag=forest src=21 bytes=3268 rss=995313008 live=5595591
	csg_mem tag=forest_parse_begin pass=1 src=21 reserve=149952 rss=995313008 live=5595615
	csg_mem tag=forest_appended src=21 forest_arena=86495656 rss=995509616 live=5596062
	csg_mem tag=ta_stream src=21 arena=86495656 rss=995509616 live=5596062
	csg_mem tag=forest src=22 bytes=89269 rss=995509616 live=5596056
	csg_mem tag=forest_parse_begin pass=1 src=22 reserve=4730080 rss=995673456 live=5596090
	csg_mem tag=forest_appended src=22 forest_arena=86528424 rss=1093141896 live=5608078
	csg_mem tag=ta_stream src=22 arena=86528424 rss=1093141896 live=5608078
	csg_mem tag=forest src=23 bytes=25398 rss=1093141896 live=5608072
	csg_mem tag=forest_parse_begin pass=1 src=23 reserve=2084096 rss=1093141896 live=5608102
	csg_mem tag=forest_appended src=23 forest_arena=86528424 rss=1093895560 live=5612401
	csg_mem tag=ta_stream src=23 arena=86528424 rss=1093895560 live=5612401
	csg_mem tag=forest src=24 bytes=36083 rss=1093895560 live=5612395
	csg_mem tag=forest_parse_begin pass=1 src=24 reserve=1605088 rss=1093977480 live=5612425
	csg_mem tag=forest_appended src=24 forest_arena=86528424 rss=1099285896 live=5616907
	csg_mem tag=ta_stream src=24 arena=86528424 rss=1099285896 live=5616907
	csg_mem tag=forest src=25 bytes=29310 rss=1099285896 live=5616901
	csg_mem tag=forest_parse_begin pass=1 src=25 reserve=1202464 rss=1099318664 live=5616931
	csg_mem tag=forest_appended src=25 forest_arena=86528424 rss=1099974024 live=5618990
	csg_mem tag=ta_stream src=25 arena=86528424 rss=1099974024 live=5618990
	csg_mem tag=forest src=26 bytes=21459 rss=1099974024 live=5618984
	csg_mem tag=forest_parse_begin pass=1 src=26 reserve=1165504 rss=1100006792 live=5619012
	csg_mem tag=forest_appended src=26 forest_arena=86528424 rss=1100596616 live=5621004
	csg_mem tag=ta_stream src=26 arena=86528424 rss=1100613000 live=5621004
	csg_mem tag=forest src=27 bytes=1082 rss=1100613000 live=5620998
	csg_mem tag=forest_parse_begin pass=1 src=27 reserve=130112 rss=1100629384 live=5621018
	csg_mem tag=forest_appended src=27 forest_arena=86528424 rss=1101186464 live=5621156
	csg_mem tag=ta_stream src=27 arena=86528424 rss=1101186464 live=5621156
	csg_mem tag=forest src=28 bytes=5750 rss=1101186464 live=5621150
	csg_mem tag=forest_parse_begin pass=1 src=28 reserve=325856 rss=1101219232 live=5621176
	csg_mem tag=forest_appended src=28 forest_arena=86528424 rss=1101628832 live=5621857
	csg_mem tag=ta_stream src=28 arena=86528424 rss=1101628832 live=5621857
	csg_mem tag=forest src=29 bytes=59609 rss=1101628832 live=5621851
	csg_mem tag=forest_parse_begin pass=1 src=29 reserve=3300512 rss=1101792672 live=5621883
	csg_mem tag=forest_appended src=29 forest_arena=86528424 rss=1111803320 live=5627513
	csg_mem tag=ta_stream src=29 arena=86528424 rss=1111803320 live=5627513
	csg_mem tag=forest src=30 bytes=50794 rss=1111803320 live=5627507
	csg_mem tag=forest_parse_begin pass=1 src=30 reserve=2303808 rss=1111918008 live=5627539
	csg_mem tag=forest_appended src=30 forest_arena=86528424 rss=1123812792 live=5633072
	csg_mem tag=ta_stream src=30 arena=86528424 rss=1123812792 live=5633072
	csg_mem tag=forest src=31 bytes=52710 rss=1123812792 live=5633066
	csg_mem tag=forest_parse_begin pass=1 src=31 reserve=2312960 rss=1123943864 live=5633098
	csg_mem tag=forest_appended src=31 forest_arena=86528424 rss=1129252280 live=5637589
	csg_mem tag=ta_stream src=31 arena=86528424 rss=1129268664 live=5637589
	csg_mem tag=forest src=32 bytes=2252 rss=1129268664 live=5637583
	csg_mem tag=forest_parse_begin pass=1 src=32 reserve=161120 rss=1129268664 live=5637605
	csg_mem tag=forest_appended src=32 forest_arena=86528424 rss=1131496888 live=5637954
	csg_mem tag=ta_stream src=32 arena=86528424 rss=1131496888 live=5637954
	csg_mem tag=forest src=33 bytes=48367 rss=1131496888 live=5637948
	csg_mem tag=forest_parse_begin pass=1 src=33 reserve=2049152 rss=1131513272 live=5637978
	csg_mem tag=forest_appended src=33 forest_arena=86528424 rss=1137575352 live=5642462
	csg_mem tag=ta_stream src=33 arena=86528424 rss=1137575352 live=5642462
	csg_mem tag=forest src=34 bytes=16779 rss=1137575352 live=5642456
	csg_mem tag=forest_parse_begin pass=1 src=34 reserve=1136064 rss=1137591736 live=5642484
	csg_mem tag=forest_appended src=34 forest_arena=86528424 rss=1142293944 live=5644546
	csg_mem tag=ta_stream src=34 arena=86528424 rss=1142293944 live=5644546
	csg_mem tag=forest src=35 bytes=241090 rss=1142293944 live=5644540
	csg_mem tag=forest_parse_begin pass=1 src=35 reserve=9308256 rss=1142736312 live=5644576
	csg_mem tag=forest_appended src=35 forest_arena=86790568 rss=1147405776 live=5664807
	csg_mem tag=ta_stream src=35 arena=86790568 rss=1147405776 live=5664807
	csg_mem tag=forest src=36 bytes=21751 rss=1147405776 live=5664801
	csg_mem tag=forest_parse_begin pass=1 src=36 reserve=1196704 rss=1147454928 live=5664831
	csg_mem tag=forest_appended src=36 forest_arena=86790568 rss=1153254864 live=5667024
	csg_mem tag=ta_stream src=36 arena=86790568 rss=1153254864 live=5667024
	csg_mem tag=forest src=37 bytes=91449 rss=1153254864 live=5667018
	csg_mem tag=forest_parse_begin pass=1 src=37 reserve=8008672 rss=1153451472 live=5667052
	csg_mem tag=forest_appended src=37 forest_arena=86790568 rss=1165526480 live=5679833
	csg_mem tag=ta_stream src=37 arena=86790568 rss=1165526480 live=5679833
	csg_mem tag=forest src=38 bytes=22555 rss=1165526480 live=5679827
	csg_mem tag=forest_parse_begin pass=1 src=38 reserve=1245440 rss=1165542864 live=5679857
	csg_mem tag=forest_appended src=38 forest_arena=86790568 rss=1165886928 live=5684007
	csg_mem tag=ta_stream src=38 arena=86790568 rss=1165886928 live=5684007
	csg_mem tag=forest src=39 bytes=16869 rss=1165886928 live=5684001
	csg_mem tag=forest_parse_begin pass=1 src=39 reserve=1177632 rss=1165903312 live=5684029
	csg_mem tag=forest_appended src=39 forest_arena=86790568 rss=1166050768 live=5687207
	csg_mem tag=ta_stream src=39 arena=86790568 rss=1166050768 live=5687207
	csg_mem tag=forest src=40 bytes=42339 rss=1166050768 live=5687201
	csg_mem tag=forest_parse_begin pass=1 src=40 reserve=3180768 rss=1166067152 live=5687231
	csg_mem tag=forest_appended src=40 forest_arena=86790568 rss=1176520144 live=5694895
	csg_mem tag=ta_stream src=40 arena=86790568 rss=1176520144 live=5694895
	csg_mem tag=forest src=41 bytes=16263 rss=1176520144 live=5694889
	csg_mem tag=forest_parse_begin pass=1 src=41 reserve=1110304 rss=1176520144 live=5694917
	csg_mem tag=forest_appended src=41 forest_arena=86790568 rss=1176782288 live=5697923
	csg_mem tag=ta_stream src=41 arena=86790568 rss=1176782288 live=5697923
	csg_mem tag=forest src=42 bytes=14980 rss=1176782288 live=5697917
	csg_mem tag=forest_parse_begin pass=1 src=42 reserve=1110176 rss=1176782288 live=5697945
	csg_mem tag=forest_appended src=42 forest_arena=86790568 rss=1176896976 live=5700856
	csg_mem tag=ta_stream src=42 arena=86790568 rss=1176896976 live=5700856
	csg_mem tag=forest src=43 bytes=1470 rss=1176896976 live=5700850
	csg_mem tag=forest_parse_begin pass=1 src=43 reserve=133856 rss=1176896976 live=5700872
	csg_mem tag=forest_appended src=43 forest_arena=86790568 rss=1181369808 live=5701233
	csg_mem tag=ta_stream src=43 arena=86790568 rss=1181369808 live=5701233
	csg_mem tag=forest src=44 bytes=45177 rss=1181369808 live=5701227
	csg_mem tag=forest_parse_begin pass=1 src=44 reserve=2249056 rss=1181369808 live=5701259
	csg_mem tag=forest_appended src=44 forest_arena=86790568 rss=1184040400 live=5705695
	csg_mem tag=ta_stream src=44 arena=86790568 rss=1184040400 live=5705695
	csg_mem tag=forest src=45 bytes=3258 rss=1184040400 live=5705689
	csg_mem tag=forest_parse_begin pass=1 src=45 reserve=270816 rss=1184040400 live=5705713
	csg_mem tag=forest_appended src=45 forest_arena=86790568 rss=1184417232 live=5706159
	csg_mem tag=ta_stream src=45 arena=86790568 rss=1184433616 live=5706159
	csg_mem tag=forest src=46 bytes=1452 rss=1184433616 live=5706153
	csg_mem tag=forest_parse_begin pass=1 src=46 reserve=107872 rss=1184450000 live=5706175
	csg_mem tag=forest_appended src=46 forest_arena=86790568 rss=1184908752 live=5706350
	csg_mem tag=ta_stream src=46 arena=86790568 rss=1184908752 live=5706350
	csg_mem tag=forest src=47 bytes=1498710 rss=1184908752 live=5706344
	csg_mem tag=forest_parse_begin pass=1 src=47 reserve=63084928 rss=1188005328 live=5706384
	csg_mem tag=forest_appended src=47 forest_arena=86856104 rss=1274349080 live=5813117
	csg_mem tag=ta_stream src=47 arena=86856104 rss=1274349080 live=5813117
	csg_mem tag=forest src=48 bytes=15407 rss=1274349080 live=5813111
	csg_mem tag=forest_parse_begin pass=1 src=48 reserve=1044512 rss=1274365464 live=5813139
	csg_mem tag=forest_appended src=48 forest_arena=86856104 rss=1279460912 live=5814689
	csg_mem tag=ta_stream src=48 arena=86856104 rss=1279460912 live=5814689
	csg_mem tag=forest src=49 bytes=36412 rss=1279460912 live=5814683
	csg_mem tag=forest_parse_begin pass=1 src=49 reserve=2292480 rss=1279542832 live=5814713
	csg_mem tag=forest_appended src=49 forest_arena=86856104 rss=1280312880 live=5819899
	csg_mem tag=ta_stream src=49 arena=86856104 rss=1280312880 live=5819899
	csg_mem tag=forest src=50 bytes=212055 rss=1280312880 live=5819893
	csg_mem tag=forest_parse_begin pass=1 src=50 reserve=9256128 rss=1280673328 live=5819927
	csg_mem tag=forest_appended src=50 forest_arena=86856104 rss=1301579312 live=5841036
	csg_mem tag=ta_stream src=50 arena=86856104 rss=1301579312 live=5841036
	csg_mem tag=forest src=51 bytes=714 rss=1301579312 live=5841030
	csg_mem tag=forest_parse_begin pass=1 src=51 reserve=103104 rss=1301579312 live=5841050
	csg_mem tag=forest_appended src=51 forest_arena=86856104 rss=1302087216 live=5841152
	csg_mem tag=ta_stream src=51 arena=86856104 rss=1302087216 live=5841152
	csg_mem tag=forest src=52 bytes=15736 rss=1302103600 live=5841146
	csg_mem tag=forest_parse_begin pass=1 src=52 reserve=631392 rss=1302119984 live=5841174
	csg_mem tag=forest_appended src=52 forest_arena=86856104 rss=1302578736 live=5842405
	csg_mem tag=ta_stream src=52 arena=86856104 rss=1302578736 live=5842405
	csg_mem tag=forest src=53 bytes=15907 rss=1302578736 live=5842399
	csg_mem tag=forest_parse_begin pass=1 src=53 reserve=813696 rss=1302595120 live=5842427
	csg_mem tag=forest_appended src=53 forest_arena=86856104 rss=1307133488 live=5844242
	csg_mem tag=ta_stream src=53 arena=86856104 rss=1307133488 live=5844242
	csg_mem tag=forest src=54 bytes=18039 rss=1307133488 live=5844236
	csg_mem tag=forest_parse_begin pass=1 src=54 reserve=1037600 rss=1307149872 live=5844264
	csg_mem tag=forest_appended src=54 forest_arena=86856104 rss=1312163376 live=5845790
	csg_mem tag=ta_stream src=54 arena=86856104 rss=1312163376 live=5845790
	csg_mem tag=forest src=55 bytes=7239 rss=1312163376 live=5845784
	csg_mem tag=forest_parse_begin pass=1 src=55 reserve=628384 rss=1312179760 live=5845810
	csg_mem tag=forest_appended src=55 forest_arena=86856104 rss=1314817584 live=5847022
	csg_mem tag=ta_stream src=55 arena=86856104 rss=1314817584 live=5847022
	csg_mem tag=forest src=56 bytes=11717 rss=1314817584 live=5847016
	csg_mem tag=forest_parse_begin pass=1 src=56 reserve=606176 rss=1314850352 live=5847044
	csg_mem tag=forest_appended src=56 forest_arena=86856104 rss=1319716400 live=5848447
	csg_mem tag=ta_stream src=56 arena=86856104 rss=1319716400 live=5848447
	csg_mem tag=forest src=57 bytes=2498 rss=1319716400 live=5848441
	csg_mem tag=forest_parse_begin pass=1 src=57 reserve=173568 rss=1319716400 live=5848465
	csg_mem tag=forest_appended src=57 forest_arena=86856104 rss=1324729904 live=5848916
	csg_mem tag=ta_stream src=57 arena=86856104 rss=1324729904 live=5848916
	csg_mem tag=forest src=58 bytes=9947 rss=1324729904 live=5848910
	csg_mem tag=forest_parse_begin pass=1 src=58 reserve=628064 rss=1324729904 live=5848938
	csg_mem tag=forest_appended src=58 forest_arena=86856104 rss=1329645104 live=5850176
	csg_mem tag=ta_stream src=58 arena=86856104 rss=1329645104 live=5850176
	csg_mem tag=forest src=59 bytes=59910 rss=1329645104 live=5850170
	csg_mem tag=forest_parse_begin pass=1 src=59 reserve=2395456 rss=1329743408 live=5850202
	csg_mem tag=forest_appended src=59 forest_arena=86856104 rss=1343915568 live=5856043
	csg_mem tag=ta_stream src=59 arena=86856104 rss=1343915568 live=5856043
	csg_mem tag=forest src=60 bytes=4463 rss=1343915568 live=5856037
	csg_mem tag=forest_parse_begin pass=1 src=60 reserve=311968 rss=1343915568 live=5856061
	csg_mem tag=forest_appended src=60 forest_arena=86856104 rss=1344308784 live=5856635
	csg_mem tag=ta_stream src=60 arena=86856104 rss=1344308784 live=5856635
	csg_mem tag=forest src=61 bytes=4513921 rss=1344308784 live=5856629
	csg_mem tag=forest_parse_begin pass=1 src=61 reserve=140326336 rss=1488717456 live=5856673
	csg_mem tag=forest_appended src=61 forest_arena=87380392 rss=1389102736 live=6132524
	csg_mem tag=ta_stream src=61 arena=87380392 rss=1389102736 live=6132524
	csg_mem tag=forest src=62 bytes=214132 rss=1386808976 live=6132518
	csg_mem tag=forest_parse_begin pass=1 src=62 reserve=9212704 rss=1387054736 live=6132554
	csg_mem tag=forest_appended src=62 forest_arena=87380392 rss=1397507776 live=6151937
	csg_mem tag=ta_stream src=62 arena=87380392 rss=1397507776 live=6151937
	csg_mem tag=forest src=63 bytes=146632 rss=1397507776 live=6151931
	csg_mem tag=forest_parse_begin pass=1 src=63 reserve=7960864 rss=1397688000 live=6151965
	csg_mem tag=forest_appended src=63 forest_arena=87380392 rss=1418938048 live=6165602
	csg_mem tag=ta_stream src=63 arena=87380392 rss=1418938048 live=6165602
	csg_mem tag=forest src=64 bytes=60278 rss=1418938048 live=6165596
	csg_mem tag=forest_parse_begin pass=1 src=64 reserve=2303296 rss=1418987200 live=6165628
	csg_mem tag=forest_appended src=64 forest_arena=87380392 rss=1426458304 live=6170651
	csg_mem tag=ta_stream src=64 arena=87380392 rss=1426458304 live=6170651
	csg_mem tag=forest src=65 bytes=26513 rss=1426458304 live=6170645
	csg_mem tag=forest_parse_begin pass=1 src=65 reserve=1995360 rss=1426474688 live=6170675
	csg_mem tag=forest_appended src=65 forest_arena=87380392 rss=1431439040 live=6174019
	csg_mem tag=ta_stream src=65 arena=87380392 rss=1431439040 live=6174019
	csg_mem tag=forest src=66 bytes=115864 rss=1431439040 live=6174013
	csg_mem tag=forest_parse_begin pass=1 src=66 reserve=7930400 rss=1431717568 live=6174047
	csg_mem tag=forest_appended src=66 forest_arena=87511464 rss=1442432728 live=6187285
	csg_mem tag=ta_stream src=66 arena=87511464 rss=1442432728 live=6187285
	csg_mem tag=forest src=67 bytes=342860 rss=1442432728 live=6187279
	csg_mem tag=forest_parse_begin pass=1 src=67 reserve=15800960 rss=1443219160 live=6187315
	csg_mem tag=forest_appended src=67 forest_arena=87511464 rss=1485948656 live=6222092
	csg_mem tag=ta_stream src=67 arena=87511464 rss=1485948656 live=6222092
	csg_mem tag=forest src=68 bytes=93793 rss=1485948656 live=6222086
	csg_mem tag=forest_parse_begin pass=1 src=68 reserve=4565024 rss=1486079728 live=6222120
	csg_mem tag=forest_appended src=68 forest_arena=87511464 rss=1490700016 live=6231443
	csg_mem tag=ta_stream src=68 arena=87511464 rss=1490700016 live=6231443
	csg_mem tag=forest src=69 bytes=18553 rss=1490700016 live=6231437
	csg_mem tag=forest_parse_begin pass=1 src=69 reserve=1625664 rss=1490700016 live=6231465
	csg_mem tag=forest_appended src=69 forest_arena=87511464 rss=1491142384 live=6237949
	csg_mem tag=ta_stream src=69 arena=87511464 rss=1491142384 live=6237949
	csg_mem tag=forest src=70 bytes=23302 rss=1491142384 live=6237943
	csg_mem tag=forest_parse_begin pass=1 src=70 reserve=1144480 rss=1491175152 live=6237973
	csg_mem tag=forest_appended src=70 forest_arena=87512488 rss=1495844592 live=6241151
	csg_mem tag=ta_stream src=70 arena=87512488 rss=1495844592 live=6241151
	csg_mem tag=forest src=71 bytes=12094 rss=1495844592 live=6241145
	csg_mem tag=forest_parse_begin pass=1 src=71 reserve=550048 rss=1495844592 live=6241171
	csg_mem tag=forest_appended src=71 forest_arena=87512488 rss=1496368880 live=6242318
	csg_mem tag=ta_stream src=71 arena=87512488 rss=1496368880 live=6242318
	csg_mem tag=forest src=72 bytes=373101 rss=1496368880 live=6242312
	csg_mem tag=forest_parse_begin pass=1 src=72 reserve=15859040 rss=1496696560 live=6242348
	csg_mem tag=forest_appended src=72 forest_arena=87512488 rss=1525040880 live=6270776
	csg_mem tag=ta_stream src=72 arena=87512488 rss=1525040880 live=6270776
	csg_mem tag=forest src=73 bytes=5619 rss=1525040880 live=6270770
	csg_mem tag=forest_parse_begin pass=1 src=73 reserve=271584 rss=1525057264 live=6270796
	csg_mem tag=forest_appended src=73 forest_arena=87512488 rss=1525155568 live=6271368
	csg_mem tag=ta_stream src=73 arena=87512488 rss=1525155568 live=6271368
	csg_mem tag=forest src=74 bytes=256078 rss=1525155568 live=6271362
	csg_mem tag=forest_parse_begin pass=1 src=74 reserve=9185664 rss=1525253872 live=6271398
	csg_mem tag=forest_appended src=74 forest_arena=87512488 rss=1537066736 live=6290069
	csg_mem tag=ta_stream src=74 arena=87512488 rss=1537066736 live=6290069
	csg_mem tag=forest src=75 bytes=228229 rss=1537066736 live=6290063
	csg_mem tag=forest_parse_begin pass=1 src=75 reserve=9063872 rss=1537230576 live=6290099
	csg_mem tag=forest_appended src=75 forest_arena=87512488 rss=1561462536 live=6310628
	csg_mem tag=ta_stream src=75 arena=87512488 rss=1561462536 live=6310628
	csg_mem tag=forest src=76 bytes=9159 rss=1561462536 live=6310622
	csg_mem tag=forest_parse_begin pass=1 src=76 reserve=546720 rss=1561495304 live=6310650
	csg_mem tag=forest_appended src=76 forest_arena=87512488 rss=1561659144 live=6311429
	csg_mem tag=ta_stream src=76 arena=87512488 rss=1561659144 live=6311429
	csg_mem tag=forest src=77 bytes=207027 rss=1561659144 live=6311423
	csg_mem tag=forest_parse_begin pass=1 src=77 reserve=9371904 rss=1561757448 live=6311459
	csg_mem tag=forest_appended src=77 forest_arena=87512488 rss=1563887368 live=6334656
	csg_mem tag=ta_stream src=77 arena=87512488 rss=1563887368 live=6334656
	csg_mem tag=forest src=78 bytes=21659 rss=1563887368 live=6334650
	csg_mem tag=forest_parse_begin pass=1 src=78 reserve=962688 rss=1563887368 live=6334678
	csg_mem tag=forest_appended src=78 forest_arena=87512488 rss=1563952904 live=6337192
	csg_mem tag=ta_stream src=78 arena=87512488 rss=1563952904 live=6337192
	csg_mem tag=forest src=79 bytes=138950 rss=1563952904 live=6337186
	csg_mem tag=forest_parse_begin pass=1 src=79 reserve=7739264 rss=1563952904 live=6337220
	csg_mem tag=forest_appended src=79 forest_arena=87512488 rss=1564739336 live=6350620
	csg_mem tag=ta_stream src=79 arena=87512488 rss=1564739336 live=6350620
	csg_mem tag=forest src=80 bytes=16818 rss=1564739336 live=6350614
	csg_mem tag=forest_parse_begin pass=1 src=80 reserve=645632 rss=1564739336 live=6350642
	csg_mem tag=forest_appended src=80 forest_arena=87512488 rss=1567508208 live=6352203
	csg_mem tag=ta_stream src=80 arena=87512488 rss=1567508208 live=6352203
	csg_mem tag=forest src=81 bytes=7011 rss=1567508208 live=6352197
	csg_mem tag=forest_parse_begin pass=1 src=81 reserve=91904 rss=1567524592 live=6352221
	csg_mem tag=forest_appended src=81 forest_arena=87512488 rss=1567983344 live=6352408
	csg_mem tag=ta_stream src=81 arena=87512488 rss=1567983344 live=6352408
	csg_mem tag=forest src=82 bytes=3088 rss=1567983344 live=6352402
	csg_mem tag=forest_parse_begin pass=1 src=82 reserve=200640 rss=1567983344 live=6352426
	csg_mem tag=forest_appended src=82 forest_arena=87512488 rss=1568671472 live=6352848
	csg_mem tag=ta_stream src=82 arena=87512488 rss=1568671472 live=6352848
	csg_mem tag=forest src=83 bytes=209875 rss=1568671472 live=6352842
	csg_mem tag=forest_parse_begin pass=1 src=83 reserve=8738208 rss=1569031920 live=6352878
	csg_mem tag=forest_appended src=83 forest_arena=87512488 rss=1588872968 live=6371039
	csg_mem tag=ta_stream src=83 arena=87512488 rss=1588872968 live=6371039
	csg_mem tag=forest src=84 bytes=113595 rss=1588872968 live=6371033
	csg_mem tag=forest_parse_begin pass=1 src=84 reserve=4164256 rss=1589233416 live=6371067
	csg_mem tag=forest_appended src=84 forest_arena=87512488 rss=1599112968 live=6380948
	csg_mem tag=ta_stream src=84 arena=87512488 rss=1599112968 live=6380948
	csg_mem tag=forest src=85 bytes=694424 rss=1599112968 live=6380942
	csg_mem tag=forest_parse_begin pass=1 src=85 reserve=31589856 rss=1599866632 live=6380980
	csg_mem tag=forest_appended src=85 forest_arena=87512488 rss=1609058080 live=6440269
	csg_mem tag=ta_stream src=85 arena=87512488 rss=1609058080 live=6440269
	csg_mem tag=forest src=86 bytes=84731 rss=1609058080 live=6440263
	csg_mem tag=forest_parse_begin pass=1 src=86 reserve=4720672 rss=1609140000 live=6440297
	csg_mem tag=forest_appended src=86 forest_arena=87512488 rss=1621624608 live=6450103
	csg_mem tag=ta_stream src=86 arena=87512488 rss=1621624608 live=6450103
	csg_mem tag=forest src=87 bytes=95381 rss=1621624608 live=6450097
	csg_mem tag=forest_parse_begin pass=1 src=87 reserve=4723168 rss=1621755680 live=6450131
	csg_mem tag=forest_appended src=87 forest_arena=87512488 rss=1628915512 live=6460893
	csg_mem tag=ta_stream src=87 arena=87512488 rss=1628915512 live=6460893
	csg_mem tag=forest src=88 bytes=100872 rss=1628915512 live=6460887
	csg_mem tag=forest_parse_begin pass=1 src=88 reserve=4625696 rss=1629210424 live=6460921
	csg_mem tag=forest_appended src=88 forest_arena=87512488 rss=1644382008 live=6472527
	csg_mem tag=ta_stream src=88 arena=87512488 rss=1644382008 live=6472527
	csg_mem tag=forest src=89 bytes=8802 rss=1644382008 live=6472521
	csg_mem tag=forest_parse_begin pass=1 src=89 reserve=616064 rss=1644398392 live=6472549
	csg_mem tag=forest_appended src=89 forest_arena=87512488 rss=1645037368 live=6473780
	csg_mem tag=ta_stream src=89 arena=87512488 rss=1645053752 live=6473780
	csg_mem tag=forest src=90 bytes=36472 rss=1645053752 live=6473774
	csg_mem tag=forest_parse_begin pass=1 src=90 reserve=2347904 rss=1645152056 live=6473806
	csg_mem tag=forest_appended src=90 forest_arena=88561064 rss=1660372816 live=6478474
	csg_mem tag=ta_stream src=90 arena=88561064 rss=1660372816 live=6478474
	csg_mem tag=forest src=91 bytes=9587 rss=1660372816 live=6478468
	csg_mem tag=forest_parse_begin pass=1 src=91 reserve=643104 rss=1660389200 live=6478496
	csg_mem tag=forest_appended src=91 forest_arena=88561064 rss=1660979024 live=6479883
	csg_mem tag=ta_stream src=91 arena=88561064 rss=1660979024 live=6479883
	csg_mem tag=forest src=92 bytes=146673 rss=1660979024 live=6479877
	csg_mem tag=forest_parse_begin pass=1 src=92 reserve=6091680 rss=1661683536 live=6479911
	csg_mem tag=forest_appended src=92 forest_arena=88561064 rss=1670907728 live=6495226
	csg_mem tag=ta_stream src=92 arena=88561064 rss=1670907728 live=6495226
	csg_mem tag=forest src=93 bytes=85404 rss=1670907728 live=6495220
	csg_mem tag=forest_parse_begin pass=1 src=93 reserve=4470880 rss=1671038800 live=6495254
	csg_mem tag=forest_appended src=93 forest_arena=88561064 rss=1702233960 live=6503685
	csg_mem tag=ta_stream src=93 arena=88561064 rss=1702233960 live=6503685
	csg_mem tag=forest src=94 bytes=60609 rss=1702233960 live=6503679
	csg_mem tag=forest_parse_begin pass=1 src=94 reserve=3070912 rss=1702315880 live=6503711
	csg_mem tag=forest_appended src=94 forest_arena=88561064 rss=1734379392 live=6510164
	csg_mem tag=ta_stream src=94 arena=88561064 rss=1734379392 live=6510164
	csg_mem tag=forest src=95 bytes=21133 rss=1734379392 live=6510158
	csg_mem tag=forest_parse_begin pass=1 src=95 reserve=1193184 rss=1734444928 live=6510188
	csg_mem tag=forest_appended src=95 forest_arena=88561064 rss=1734625152 live=6512311
	csg_mem tag=ta_stream src=95 arena=88561064 rss=1734641536 live=6512311
	csg_mem tag=forest src=96 bytes=3751 rss=1734641536 live=6512305
	csg_mem tag=forest_parse_begin pass=1 src=96 reserve=262016 rss=1734657920 live=6512329
	csg_mem tag=forest_appended src=96 forest_arena=88561064 rss=1735231360 live=6512685
	csg_mem tag=ta_stream src=96 arena=88561064 rss=1735231360 live=6512685
	csg_mem tag=forest src=97 bytes=97141 rss=1735231360 live=6512679
	csg_mem tag=forest_parse_begin pass=1 src=97 reserve=4720672 rss=1735542656 live=6512713
	csg_mem tag=forest_appended src=97 forest_arena=88561064 rss=1742473088 live=6523910
	csg_mem tag=ta_stream src=97 arena=88561064 rss=1742473088 live=6523910
	csg_mem tag=forest src=98 bytes=25148 rss=1742473088 live=6523904
	csg_mem tag=forest_parse_begin pass=1 src=98 reserve=1225728 rss=1742505856 live=6523934
	csg_mem tag=forest_appended src=98 forest_arena=88561064 rss=1744701312 live=6526223
	csg_mem tag=ta_stream src=98 arena=88561064 rss=1744701312 live=6526223
	csg_mem tag=forest src=99 bytes=67075 rss=1744701312 live=6526217
	csg_mem tag=forest_parse_begin pass=1 src=99 reserve=4002112 rss=1744783232 live=6526249
	csg_mem tag=forest_appended src=99 forest_arena=88561064 rss=1755924352 live=6532218
	csg_mem tag=ta_stream src=99 arena=88561064 rss=1755924352 live=6532218
	csg_mem tag=forest src=100 bytes=122136 rss=1755924352 live=6532212
	csg_mem tag=forest_parse_begin pass=1 src=100 reserve=4648800 rss=1756202880 live=6532246
	csg_mem tag=forest_appended src=100 forest_arena=88561064 rss=1763198848 live=6542934
	csg_mem tag=ta_stream src=100 arena=88561064 rss=1763198848 live=6542934
	csg_mem tag=forest src=101 bytes=477806 rss=1763198848 live=6542928
	csg_mem tag=forest_parse_begin pass=1 src=101 reserve=18413024 rss=1763608448 live=6542966
	csg_mem tag=forest_appended src=101 forest_arena=88561064 rss=1781204864 live=6594469
	csg_mem tag=ta_stream src=101 arena=88561064 rss=1781204864 live=6594469
	csg_mem tag=forest src=102 bytes=9251 rss=1781204864 live=6594463
	csg_mem tag=forest_parse_begin pass=1 src=102 reserve=476512 rss=1781204864 live=6594489
	csg_mem tag=forest_appended src=102 forest_arena=88561064 rss=1781254016 live=6595513
	csg_mem tag=ta_stream src=102 arena=88561064 rss=1781254016 live=6595513
	csg_mem tag=forest src=103 bytes=35254 rss=1781254016 live=6595507
	csg_mem tag=forest_parse_begin pass=1 src=103 reserve=1762176 rss=1781319552 live=6595539
	csg_mem tag=forest_appended src=103 forest_arena=88561064 rss=1785431936 live=6599397
	csg_mem tag=ta_stream src=103 arena=88561064 rss=1785431936 live=6599397
	csg_mem tag=forest src=104 bytes=207662 rss=1785431936 live=6599391
	csg_mem tag=forest_parse_begin pass=1 src=104 reserve=8878976 rss=1785694080 live=6599427
	csg_mem tag=forest_appended src=104 forest_arena=88561064 rss=1814071192 live=6618006
	csg_mem tag=ta_stream src=104 arena=88561064 rss=1814087576 live=6618006
	csg_mem tag=forest src=105 bytes=53041 rss=1814087576 live=6618000
	csg_mem tag=forest_parse_begin pass=1 src=105 reserve=2324608 rss=1814316952 live=6618032
	csg_mem tag=forest_appended src=105 forest_arena=88561064 rss=1820854168 live=6622413
	csg_mem tag=ta_stream src=105 arena=88561064 rss=1820854168 live=6622413
	csg_mem tag=forest src=106 bytes=19779 rss=1820854168 live=6622407
	csg_mem tag=forest_parse_begin pass=1 src=106 reserve=817280 rss=1820903320 live=6622435
	csg_mem tag=forest_appended src=106 forest_arena=88561064 rss=1823803288 live=6624196
	csg_mem tag=ta_stream src=106 arena=88561064 rss=1823803288 live=6624196
	csg_mem tag=forest src=107 bytes=274 rss=1823803288 live=6624190
	csg_mem tag=forest_parse_begin pass=1 src=107 reserve=74912 rss=1823803288 live=6624208
	csg_mem tag=forest_appended src=107 forest_arena=88561064 rss=1824327576 live=6624287
	csg_mem tag=ta_stream src=107 arena=88561064 rss=1824327576 live=6624287
	csg_mem tag=forest src=108 bytes=131447 rss=1824327576 live=6624281
	csg_mem tag=forest_parse_begin pass=1 src=108 reserve=4902496 rss=1824835480 live=6624315
	csg_mem tag=forest_appended src=108 forest_arena=88561064 rss=1859225544 live=6636322
	csg_mem tag=ta_stream src=108 arena=88561064 rss=1859225544 live=6636322
	csg_mem tag=forest src=109 bytes=204964 rss=1859225544 live=6636316
	csg_mem tag=forest_parse_begin pass=1 src=109 reserve=8876160 rss=1859602376 live=6636352
	csg_mem tag=forest_appended src=109 forest_arena=88561064 rss=1884686280 live=6652297
	csg_mem tag=ta_stream src=109 arena=88561064 rss=1884686280 live=6652297
	csg_mem tag=forest src=110 bytes=26073 rss=1884686280 live=6652291
	csg_mem tag=forest_parse_begin pass=1 src=110 reserve=1174464 rss=1884719048 live=6652321
	csg_mem tag=forest_appended src=110 forest_arena=88561064 rss=1887750088 live=6654620
	csg_mem tag=ta_stream src=110 arena=88561064 rss=1887750088 live=6654620
	csg_mem tag=forest src=111 bytes=52561 rss=1887750088 live=6654614
	csg_mem tag=forest_parse_begin pass=1 src=111 reserve=2368576 rss=1887864776 live=6654646
	csg_mem tag=forest_appended src=111 forest_arena=88561064 rss=1892829128 live=6659520
	csg_mem tag=ta_stream src=111 arena=88561064 rss=1892829128 live=6659520
	csg_mem tag=forest src=112 bytes=54759 rss=1892829128 live=6659514
	csg_mem tag=forest_parse_begin pass=1 src=112 reserve=2391104 rss=1892861896 live=6659546
	csg_mem tag=forest_appended src=112 forest_arena=88561064 rss=1912735712 live=6664901
	csg_mem tag=ta_stream src=112 arena=88561064 rss=1912735712 live=6664901
	csg_mem tag=forest src=113 bytes=22222 rss=1912735712 live=6664895
	csg_mem tag=forest_parse_begin pass=1 src=113 reserve=1071680 rss=1912752096 live=6664923
	csg_mem tag=forest_appended src=113 forest_arena=88561064 rss=1915537376 live=6667159
	csg_mem tag=ta_stream src=113 arena=88561064 rss=1915537376 live=6667159
	csg_mem tag=forest src=114 bytes=396704 rss=1915537376 live=6667153
	csg_mem tag=forest_parse_begin pass=1 src=114 reserve=15747456 rss=1916225504 live=6667191
	csg_mem tag=forest_appended src=114 forest_arena=88561064 rss=1922271224 live=6706130
	csg_mem tag=ta_stream src=114 arena=88561064 rss=1922271224 live=6706130
	csg_mem tag=forest src=115 bytes=5769 rss=1922271224 live=6706124
	csg_mem tag=forest_parse_begin pass=1 src=115 reserve=275744 rss=1922271224 live=6706150
	csg_mem tag=forest_appended src=115 forest_arena=88561064 rss=1924171744 live=6706726
	csg_mem tag=ta_stream src=115 arena=88561064 rss=1924171744 live=6706726
	csg_mem tag=forest src=116 bytes=3136 rss=1924171744 live=6706720
	csg_mem tag=forest_parse_begin pass=1 src=116 reserve=173312 rss=1924171744 live=6706744
	csg_mem tag=forest_appended src=116 forest_arena=88561064 rss=1926875104 live=6707078
	csg_mem tag=ta_stream src=116 arena=88561064 rss=1926875104 live=6707078
	csg_mem tag=forest src=117 bytes=281236 rss=1926875104 live=6707072
	csg_mem tag=forest_parse_begin pass=1 src=117 reserve=8688640 rss=1926907872 live=6707108
	csg_mem tag=forest_appended src=117 forest_arena=88561064 rss=1938049016 live=6728994
	csg_mem tag=ta_stream src=117 arena=88561064 rss=1938065400 live=6728994
	csg_mem tag=forest src=118 bytes=36339 rss=1938065400 live=6728988
	csg_mem tag=forest_parse_begin pass=1 src=118 reserve=2269312 rss=1938065400 live=6729018
	csg_mem tag=forest_appended src=118 forest_arena=88561064 rss=1943685112 live=6733149
	csg_mem tag=ta_stream src=118 arena=88561064 rss=1943685112 live=6733149
	csg_mem tag=forest src=119 bytes=66727 rss=1943685112 live=6733143
	csg_mem tag=forest_parse_begin pass=1 src=119 reserve=4620192 rss=1943816184 live=6733175
	csg_mem tag=forest_appended src=119 forest_arena=88561064 rss=1965017080 live=6741055
	csg_mem tag=ta_stream src=119 arena=88561064 rss=1965017080 live=6741055
	csg_mem tag=forest src=120 bytes=19895 rss=1965017080 live=6741049
	csg_mem tag=forest_parse_begin pass=1 src=120 reserve=782208 rss=1965099000 live=6741077
	csg_mem tag=forest_appended src=120 forest_arena=88561064 rss=1965737976 live=6742835
	csg_mem tag=ta_stream src=120 arena=88561064 rss=1965737976 live=6742835
	csg_mem tag=forest src=121 bytes=104630 rss=1965737976 live=6742829
	csg_mem tag=forest_parse_begin pass=1 src=121 reserve=4295776 rss=1965983736 live=6742863
	csg_mem tag=forest_appended src=121 forest_arena=88561064 rss=1978255352 live=6752669
	csg_mem tag=ta_stream src=121 arena=88561064 rss=1978255352 live=6752669
	csg_mem tag=forest src=122 bytes=21670 rss=1978255352 live=6752663
	csg_mem tag=forest_parse_begin pass=1 src=122 reserve=1223104 rss=1978288120 live=6752693
	csg_mem tag=forest_appended src=122 forest_arena=88561064 rss=1982941176 live=6755283
	csg_mem tag=ta_stream src=122 arena=88561064 rss=1982941176 live=6755283
	csg_mem tag=forest src=123 bytes=41012 rss=1982941176 live=6755277
	csg_mem tag=forest_parse_begin pass=1 src=123 reserve=2385152 rss=1983072248 live=6755309
	csg_mem tag=forest_appended src=123 forest_arena=88561064 rss=1985742864 live=6760592
	csg_mem tag=ta_stream src=123 arena=88561064 rss=1985742864 live=6760592
	csg_mem tag=forest src=124 bytes=602132 rss=1985742864 live=6760586
	csg_mem tag=forest_parse_begin pass=1 src=124 reserve=31538592 rss=1987495952 live=6760624
	csg_mem tag=forest_appended src=124 forest_arena=88561064 rss=2061617216 live=6827539
	csg_mem tag=ta_stream src=124 arena=88561064 rss=2061617216 live=6827539
	csg_mem tag=forest src=125 bytes=2984 rss=2061617216 live=6827533
	csg_mem tag=forest_parse_begin pass=1 src=125 reserve=168896 rss=2061633600 live=6827557
	csg_mem tag=forest_appended src=125 forest_arena=88561064 rss=2063599680 live=6827867
	csg_mem tag=ta_stream src=125 arena=88561064 rss=2063599680 live=6827867
	csg_mem tag=forest src=126 bytes=6234 rss=2063599680 live=6827861
	csg_mem tag=forest_parse_begin pass=1 src=126 reserve=339040 rss=2063599680 live=6827887
	csg_mem tag=forest_appended src=126 forest_arena=88561064 rss=2064091200 live=6828385
	csg_mem tag=ta_stream src=126 arena=88561064 rss=2064091200 live=6828385
	csg_mem tag=forest src=127 bytes=36702 rss=2064091200 live=6828379
	csg_mem tag=forest_parse_begin pass=1 src=127 reserve=1209024 rss=2064173120 live=6828409
	csg_mem tag=forest_appended src=127 forest_arena=88561064 rss=2067204160 live=6831227
	csg_mem tag=ta_stream src=127 arena=88561064 rss=2067204160 live=6831227
	csg_mem tag=forest src=128 bytes=49364 rss=2067204160 live=6831221
	csg_mem tag=forest_parse_begin pass=1 src=128 reserve=2388160 rss=2067253312 live=6831253
	csg_mem tag=forest_appended src=128 forest_arena=88561064 rss=2086488128 live=6837246
	csg_mem tag=ta_stream src=128 arena=88561064 rss=2086488128 live=6837246
	csg_mem tag=forest src=129 bytes=42894 rss=2086488128 live=6837240
	csg_mem tag=forest_parse_begin pass=1 src=129 reserve=2354976 rss=2086537280 live=6837270
	csg_mem tag=forest_appended src=129 forest_arena=88563112 rss=2094598208 live=6842020
	csg_mem tag=ta_stream src=129 arena=88563112 rss=2094598208 live=6842020
	csg_mem tag=forest src=130 bytes=32186 rss=2094598208 live=6842014
	csg_mem tag=forest_parse_begin pass=1 src=130 reserve=2063840 rss=2094712896 live=6842044
	csg_mem tag=forest_appended src=130 forest_arena=88563112 rss=2100086848 live=6845605
	csg_mem tag=ta_stream src=130 arena=88563112 rss=2100086848 live=6845605
	csg_mem tag=forest src=131 bytes=34873 rss=2100086848 live=6845599
	csg_mem tag=forest_parse_begin pass=1 src=131 reserve=1693152 rss=2100136000 live=6845629
	csg_mem tag=forest_appended src=131 forest_arena=88563112 rss=2112587912 live=6849463
	csg_mem tag=ta_stream src=131 arena=88563112 rss=2112587912 live=6849463
	csg_mem tag=forest src=132 bytes=1850073 rss=2112587912 live=6849457
	csg_mem tag=forest_parse_begin pass=1 src=132 reserve=72523584 rss=2115717256 live=6849499
	csg_mem tag=forest_appended src=132 forest_arena=88829352 rss=2223360208 live=7001587
	csg_mem tag=ta_stream src=132 arena=88829352 rss=2223360208 live=7001587
	csg_mem tag=forest src=133 bytes=41896 rss=2223016144 live=7001581
	csg_mem tag=forest_parse_begin pass=1 src=133 reserve=2011104 rss=2223032528 live=7001611
	csg_mem tag=forest_appended src=133 forest_arena=88829352 rss=2228308176 live=7005585
	csg_mem tag=ta_stream src=133 arena=88829352 rss=2228308176 live=7005585
	csg_mem tag=forest src=134 bytes=3550298 rss=2228308176 live=7005579
	csg_mem tag=forest_parse_begin pass=1 src=134 reserve=140668736 rss=2234124496 live=7005623
	csg_mem tag=forest_appended src=134 forest_arena=88829352 rss=2420869448 live=7284549
	csg_mem tag=ta_stream src=134 arena=88829352 rss=2420869448 live=7284549
	csg_mem tag=forest src=135 bytes=134144 rss=2418919752 live=7284543
	csg_mem tag=forest_parse_begin pass=1 src=135 reserve=7807872 rss=2419116360 live=7284577
	csg_mem tag=forest_appended src=135 forest_arena=88829352 rss=2429962592 live=7296691
	csg_mem tag=ta_stream src=135 arena=88829352 rss=2429962592 live=7296691
	csg_mem tag=forest src=136 bytes=592436 rss=2429962592 live=7296685
	csg_mem tag=forest_parse_begin pass=1 src=136 reserve=18570208 rss=2430962016 live=7296723
	csg_mem tag=forest_appended src=136 forest_arena=88829352 rss=2445052256 live=7340643
	csg_mem tag=ta_stream src=136 arena=88829352 rss=2445052256 live=7340643
	csg_mem tag=forest src=137 bytes=17351 rss=2445052256 live=7340637
	csg_mem tag=forest_parse_begin pass=1 src=137 reserve=1215776 rss=2445052256 live=7340665
	csg_mem tag=forest_appended src=137 forest_arena=88829352 rss=2452146528 live=7343609
	csg_mem tag=ta_stream src=137 arena=88829352 rss=2452146528 live=7343609
	csg_mem tag=forest src=138 bytes=2319 rss=2452162912 live=7343603
	csg_mem tag=forest_parse_begin pass=1 src=138 reserve=152416 rss=2452162912 live=7343625
	csg_mem tag=forest_appended src=138 forest_arena=88829352 rss=2452654432 live=7343943
	csg_mem tag=ta_stream src=138 arena=88829352 rss=2452654432 live=7343943
	csg_mem tag=forest src=139 bytes=1697 rss=2452654432 live=7343937
	csg_mem tag=forest_parse_begin pass=1 src=139 reserve=123040 rss=2452654432 live=7343959
	csg_mem tag=forest_appended src=139 forest_arena=88829352 rss=2452982112 live=7344252
	csg_mem tag=ta_stream src=139 arena=88829352 rss=2452982112 live=7344252
	csg_mem tag=forest src=140 bytes=1202 rss=2452982112 live=7344246
	csg_mem tag=forest_parse_begin pass=1 src=140 reserve=118240 rss=2452982112 live=7344268
	csg_mem tag=forest_appended src=140 forest_arena=88829352 rss=2453621088 live=7344469
	csg_mem tag=ta_stream src=140 arena=88829352 rss=2453621088 live=7344469
	csg_mem tag=forest src=141 bytes=5427 rss=2453621088 live=7344463
	csg_mem tag=forest_parse_begin pass=1 src=141 reserve=352192 rss=2453621088 live=7344489
	csg_mem tag=forest_appended src=141 forest_arena=88829352 rss=2454145376 live=7345211
	csg_mem tag=ta_stream src=141 arena=88829352 rss=2454145376 live=7345211
	csg_mem tag=forest src=142 bytes=53259 rss=2454145376 live=7345205
	csg_mem tag=forest_parse_begin pass=1 src=142 reserve=2567232 rss=2454145376 live=7345237
	csg_mem tag=forest_appended src=142 forest_arena=88829352 rss=2503641464 live=7358406
	csg_mem tag=ta_stream src=142 arena=88829352 rss=2503641464 live=7358406
	csg_mem tag=forest src=143 bytes=4821 rss=2503641464 live=7358400
	csg_mem tag=forest_parse_begin pass=1 src=143 reserve=342048 rss=2503657848 live=7358426
	csg_mem tag=forest_appended src=143 forest_arena=88829352 rss=2504018296 live=7359124
	csg_mem tag=ta_stream src=143 arena=88829352 rss=2504018296 live=7359124
	csg_mem tag=forest src=144 bytes=684 rss=2504018296 live=7359118
	csg_mem tag=forest_parse_begin pass=1 src=144 reserve=88800 rss=2504018296 live=7359138
	csg_mem tag=forest_appended src=144 forest_arena=88829352 rss=2504624504 live=7359228
	csg_mem tag=ta_stream src=144 arena=88829352 rss=2504624504 live=7359228
	csg_mem tag=forest src=145 bytes=706 rss=2504624504 live=7359222
	csg_mem tag=forest_parse_begin pass=1 src=145 reserve=89248 rss=2504624504 live=7359242
	csg_mem tag=forest_appended src=145 forest_arena=88829352 rss=2505279864 live=7359340
	csg_mem tag=ta_stream src=145 arena=88829352 rss=2505279864 live=7359340
	csg_mem tag=forest src=146 bytes=7097 rss=2505279864 live=7359334
	csg_mem tag=forest_parse_begin pass=1 src=146 reserve=457920 rss=2505312632 live=7359360
	csg_mem tag=forest_appended src=146 forest_arena=88829352 rss=2508048760 live=7360495
	csg_mem tag=ta_stream src=146 arena=88829352 rss=2508048760 live=7360495
	csg_mem tag=forest src=147 bytes=8518 rss=2508048760 live=7360489
	csg_mem tag=forest_parse_begin pass=1 src=147 reserve=551904 rss=2508065144 live=7360515
	csg_mem tag=forest_appended src=147 forest_arena=88829352 rss=2510850424 live=7361377
	csg_mem tag=ta_stream src=147 arena=88829352 rss=2510866808 live=7361377
	csg_mem tag=forest src=148 bytes=171411 rss=2510883192 live=7361371
	csg_mem tag=forest_parse_begin pass=1 src=148 reserve=8131232 rss=2511194488 live=7361405
	csg_mem tag=forest_appended src=148 forest_arena=88829352 rss=2528938384 live=7385725
	csg_mem tag=ta_stream src=148 arena=88829352 rss=2528938384 live=7385725
	csg_mem tag=forest src=149 bytes=49447 rss=2528938384 live=7385719
	csg_mem tag=forest_parse_begin pass=1 src=149 reserve=2269504 rss=2529069456 live=7385751
	csg_mem tag=forest_appended src=149 forest_arena=88829352 rss=2541308304 live=7390149
	csg_mem tag=ta_stream src=149 arena=88829352 rss=2541308304 live=7390149
	csg_mem tag=forest src=150 bytes=15928 rss=2541308304 live=7390143
	csg_mem tag=forest_parse_begin pass=1 src=150 reserve=825312 rss=2541357456 live=7390171
	csg_mem tag=forest_appended src=150 forest_arena=88829352 rss=2544388496 live=7392083
	csg_mem tag=ta_stream src=150 arena=88829352 rss=2544388496 live=7392083
	csg_mem tag=forest src=151 bytes=1861 rss=2544404880 live=7392077
	csg_mem tag=forest_parse_begin pass=1 src=151 reserve=152224 rss=2544404880 live=7392099
	csg_mem tag=forest_appended src=151 forest_arena=88829352 rss=2545142160 live=7392447
	csg_mem tag=ta_stream src=151 arena=88829352 rss=2545142160 live=7392447
	csg_mem tag=forest src=152 bytes=1128 rss=2545142160 live=7392441
	csg_mem tag=forest_parse_begin pass=1 src=152 reserve=131584 rss=2545142160 live=7392461
	csg_mem tag=forest_appended src=152 forest_arena=88829352 rss=2545830288 live=7392610
	csg_mem tag=ta_stream src=152 arena=88829352 rss=2545830288 live=7392610
	csg_mem tag=forest src=153 bytes=1513 rss=2545830288 live=7392604
	csg_mem tag=forest_parse_begin pass=1 src=153 reserve=119584 rss=2545830288 live=7392626
	csg_mem tag=forest_appended src=153 forest_arena=88829352 rss=2546518416 live=7392908
	csg_mem tag=ta_stream src=153 arena=88829352 rss=2546518416 live=7392908
	csg_mem tag=forest src=154 bytes=463934 rss=2546518416 live=7392902
	csg_mem tag=forest_parse_begin pass=1 src=154 reserve=18578528 rss=2547321232 live=7392940
	csg_mem tag=forest_appended src=154 forest_arena=88829352 rss=2581481920 live=7429421
	csg_mem tag=ta_stream src=154 arena=88829352 rss=2581481920 live=7429421
	csg_mem tag=forest src=155 bytes=13667 rss=2581481920 live=7429415
	csg_mem tag=forest_parse_begin pass=1 src=155 reserve=603616 rss=2581498304 live=7429441
	csg_mem tag=forest_appended src=155 forest_arena=88829352 rss=2581694912 live=7430279
	csg_mem tag=ta_stream src=155 arena=88829352 rss=2581694912 live=7430279
	csg_mem tag=forest src=156 bytes=38093 rss=2581694912 live=7430273
	csg_mem tag=forest_parse_begin pass=1 src=156 reserve=2080032 rss=2581727680 live=7430305
	csg_mem tag=forest_appended src=156 forest_arena=88829352 rss=2584365504 live=7434015
	csg_mem tag=ta_stream src=156 arena=88829352 rss=2584365504 live=7434015
	csg_mem tag=forest src=157 bytes=11977 rss=2584365504 live=7434009
	csg_mem tag=forest_parse_begin pass=1 src=157 reserve=644640 rss=2584381888 live=7434037
	csg_mem tag=forest_appended src=157 forest_arena=88829352 rss=2586544576 live=7435390
	csg_mem tag=ta_stream src=157 arena=88829352 rss=2586544576 live=7435390
	csg_mem tag=forest src=158 bytes=2184453 rss=2586544576 live=7435384
	csg_mem tag=forest_parse_begin pass=1 src=158 reserve=73477216 rss=2589133248 live=7435426
