	csg_mem tag=import_edges_resolved rss=399622960 live=886759
	csg_mem tag=metadata_contexts_built rss=594363328 live=1498581
	csg_mem tag=forest_build_start mode=reparse rss=600474560 live=1507613
	csg_mem tag=forest src=0 bytes=7371 rss=600474560 live=1507615
	csg_mem tag=forest_parse_begin pass=0 src=0 reserve=0 rss=600490944 live=1507634
	csg_mem tag=forest_parse_end pass=0 src=0 arena=267456 parse_ms=19 rss=600933312 live=1508137
	csg_mem tag=forest_parsed src=0 arena=267456 rss=600933312 live=1508137
	csg_mem tag=forest src=1 bytes=9952 rss=600654784 live=1508170
	csg_mem tag=forest_parse_begin pass=0 src=1 reserve=0 rss=600671168 live=1508191
	csg_mem tag=forest_parse_end pass=0 src=1 arena=524864 parse_ms=32 rss=601424832 live=1509265
	csg_mem tag=forest_parsed src=1 arena=524864 rss=601424832 live=1509265
	csg_mem tag=forest src=2 bytes=817253 rss=600884160 live=1509270
	csg_mem tag=forest_parse_begin pass=0 src=2 reserve=0 rss=605045696 live=1509303
	csg_mem tag=forest_parse_end pass=0 src=2 arena=33621952 parse_ms=1502 rss=641385480 live=1553143
	csg_mem tag=forest_parsed src=2 arena=33621952 rss=641385480 live=1553143
	csg_mem tag=forest src=3 bytes=94454 rss=606929880 live=1553153
	csg_mem tag=forest_parse_begin pass=0 src=3 reserve=0 rss=607028184 live=1553178
	csg_mem tag=forest_parse_end pass=0 src=3 arena=2923808 parse_ms=132 rss=610370520 live=1557032
	csg_mem tag=forest_parsed src=3 arena=2923808 rss=610370520 live=1557032
	csg_mem tag=forest src=4 bytes=59923 rss=607437784 live=1557019
	csg_mem tag=forest_parse_begin pass=0 src=4 reserve=0 rss=607486936 live=1557044
	csg_mem tag=forest_parse_end pass=0 src=4 arena=2089344 parse_ms=75 rss=610010072 live=1559643
	csg_mem tag=forest_parsed src=4 arena=2089344 rss=610010072 live=1559643
	csg_mem tag=forest src=5 bytes=136411 rss=607912920 live=1559639
	csg_mem tag=forest_parse_begin pass=0 src=5 reserve=0 rss=608207832 live=1559666
	csg_mem tag=forest_parse_end pass=0 src=5 arena=4658880 parse_ms=198 rss=613811184 live=1566204
	csg_mem tag=forest_parsed src=5 arena=4658880 rss=613811184 live=1566204
	csg_mem tag=forest src=6 bytes=164754 rss=609141720 live=1566194
	csg_mem tag=forest_parse_begin pass=0 src=6 reserve=0 rss=609371096 live=1566221
	csg_mem tag=forest_parse_end pass=0 src=6 arena=7788096 parse_ms=245 rss=617415664 live=1573474
	csg_mem tag=forest_parsed src=6 arena=7788096 rss=617415664 live=1573474
	csg_mem tag=forest src=7 bytes=126542 rss=610550744 live=1573460
	csg_mem tag=forest_parse_begin pass=0 src=7 reserve=0 rss=610943960 live=1573487
	csg_mem tag=forest_parse_end pass=0 src=7 arena=4544352 parse_ms=195 rss=616121328 live=1580245
	csg_mem tag=forest_parsed src=7 arena=4544352 rss=616121328 live=1580245
	csg_mem tag=forest src=8 bytes=108814 rss=611550168 live=1580235
	csg_mem tag=forest_parse_begin pass=0 src=8 reserve=0 rss=611861464 live=1580262
	csg_mem tag=forest_parse_end pass=0 src=8 arena=4364704 parse_ms=189 rss=616776688 live=1586389
	csg_mem tag=forest_parsed src=8 arena=4364704 rss=616776688 live=1586389
	csg_mem tag=forest src=9 bytes=97046 rss=612385752 live=1586389
	csg_mem tag=forest_parse_begin pass=0 src=9 reserve=0 rss=612434904 live=1586414
	csg_mem tag=forest_parse_end pass=0 src=9 arena=3957344 parse_ms=125 rss=616465368 live=1591154
	csg_mem tag=forest_parsed src=9 arena=3957344 rss=616465368 live=1591154
	csg_mem tag=forest src=10 bytes=263042 rss=612500440 live=1591141
	csg_mem tag=forest_parse_begin pass=0 src=10 reserve=0 rss=612778968 live=1591170
	csg_mem tag=forest_parse_end pass=0 src=10 arena=9308960 parse_ms=419 rss=622461936 live=1605886
	csg_mem tag=forest_parsed src=10 arena=9308960 rss=622461936 live=1605886
	csg_mem tag=forest src=11 bytes=30477 rss=612910040 live=1605909
	csg_mem tag=forest_parse_begin pass=0 src=11 reserve=0 rss=612926424 live=1605932
	csg_mem tag=forest_parse_end pass=0 src=11 arena=2263584 parse_ms=77 rss=615334872 live=1609801
	csg_mem tag=forest_parsed src=11 arena=2263584 rss=615334872 live=1609801
	csg_mem tag=forest src=12 bytes=17051 rss=613057496 live=1609787
	csg_mem tag=forest_parse_begin pass=0 src=12 reserve=0 rss=613073880 live=1609808
	csg_mem tag=forest_parse_end pass=0 src=12 arena=779168 parse_ms=25 rss=614024152 live=1610774
	csg_mem tag=forest_parsed src=12 arena=779168 rss=614024152 live=1610774
	csg_mem tag=forest src=13 bytes=11252 rss=613237720 live=1610760
	csg_mem tag=forest_parse_begin pass=0 src=13 reserve=0 rss=613237720 live=1610779
	csg_mem tag=forest_parse_end pass=0 src=13 arena=574720 parse_ms=29 rss=613925848 live=1611637
	csg_mem tag=forest_parsed src=13 arena=574720 rss=613925848 live=1611637
	csg_mem tag=forest src=14 bytes=520230 rss=613352408 live=1611623
	csg_mem tag=forest_parse_begin pass=0 src=14 reserve=0 rss=613499864 live=1611654
	csg_mem tag=forest_parse_end pass=0 src=14 arena=42641152 parse_ms=1283 rss=656851976 live=1651195
	csg_mem tag=forest_parsed src=14 arena=42641152 rss=656851976 live=1651195
	csg_mem tag=forest src=15 bytes=1170 rss=614138840 live=1651181
	csg_mem tag=forest_parse_begin pass=0 src=15 reserve=0 rss=614138840 live=1651194
	csg_mem tag=forest_parse_end pass=0 src=15 arena=20544 parse_ms=1 rss=614138840 live=1651230
	csg_mem tag=forest_parsed src=15 arena=20544 rss=614138840 live=1651230
	csg_mem tag=forest src=16 bytes=99478 rss=614138840 live=1651216
	csg_mem tag=forest_parse_begin pass=0 src=16 reserve=0 rss=614237144 live=1651241
	csg_mem tag=forest_parse_end pass=0 src=16 arena=3435744 parse_ms=112 rss=617726936 live=1657227
	csg_mem tag=forest_parsed src=16 arena=3435744 rss=617726936 live=1657227
	csg_mem tag=forest src=17 bytes=1232 rss=614286296 live=1657233
	csg_mem tag=forest_parse_begin pass=0 src=17 reserve=0 rss=614286296 live=1657246
	csg_mem tag=forest_parse_end pass=0 src=17 arena=9408 parse_ms=0 rss=614286296 live=1657277
	csg_mem tag=forest_parsed src=17 arena=9408 rss=614286296 live=1657277
	csg_mem tag=forest src=18 bytes=1854 rss=614286296 live=1657263
	csg_mem tag=forest_parse_begin pass=0 src=18 reserve=0 rss=614286296 live=1657276
	csg_mem tag=forest_parse_end pass=0 src=18 arena=11776 parse_ms=0 rss=614286296 live=1657317
	csg_mem tag=forest_parsed src=18 arena=11776 rss=614286296 live=1657317
	csg_mem tag=forest src=19 bytes=3277 rss=614286296 live=1657303
	csg_mem tag=forest_parse_begin pass=0 src=19 reserve=0 rss=614302680 live=1657318
	csg_mem tag=forest_parse_end pass=0 src=19 arena=82848 parse_ms=3 rss=614302680 live=1657501
	csg_mem tag=forest_parsed src=19 arena=82848 rss=614302680 live=1657501
	csg_mem tag=forest src=20 bytes=7479 rss=614302680 live=1657487
	csg_mem tag=forest_parse_begin pass=0 src=20 reserve=0 rss=614319064 live=1657506
	csg_mem tag=forest_parse_end pass=0 src=20 arena=282240 parse_ms=12 rss=614630360 live=1657939
	csg_mem tag=forest_parsed src=20 arena=282240 rss=614630360 live=1657939
	csg_mem tag=forest src=21 bytes=3268 rss=614335448 live=1657925
	csg_mem tag=forest_parse_begin pass=0 src=21 reserve=0 rss=614335448 live=1657942
	csg_mem tag=forest_parse_end pass=0 src=21 arena=84416 parse_ms=3 rss=614335448 live=1658031
	csg_mem tag=forest_parsed src=21 arena=84416 rss=614335448 live=1658031
	csg_mem tag=forest src=22 bytes=89269 rss=614335448 live=1658017
	csg_mem tag=forest_parse_begin pass=0 src=22 reserve=0 rss=614368216 live=1658044
	csg_mem tag=forest_parse_end pass=0 src=22 arena=4664544 parse_ms=238 rss=619086832 live=1665919
	csg_mem tag=forest_parsed src=22 arena=4664544 rss=619086832 live=1665919
	csg_mem tag=forest src=23 bytes=25398 rss=614433752 live=1665911
	csg_mem tag=forest_parse_begin pass=0 src=23 reserve=0 rss=614433752 live=1665934
	csg_mem tag=forest_parse_end pass=0 src=23 arena=2018560 parse_ms=68 rss=616481752 live=1668809
	csg_mem tag=forest_parsed src=23 arena=2018560 rss=616481752 live=1668809
	csg_mem tag=forest src=24 bytes=36083 rss=614450136 live=1668796
	csg_mem tag=forest_parse_begin pass=0 src=24 reserve=0 rss=614466520 live=1668819
	csg_mem tag=forest_parse_end pass=0 src=24 arena=1539552 parse_ms=66 rss=616121304 live=1671532
	csg_mem tag=forest_parsed src=24 arena=1539552 rss=616121304 live=1671532
	csg_mem tag=forest src=25 bytes=29310 rss=614581208 live=1671533
	csg_mem tag=forest_parse_begin pass=0 src=25 reserve=0 rss=614597592 live=1671556
	csg_mem tag=forest_parse_end pass=0 src=25 arena=1136928 parse_ms=44 rss=615842776 live=1672838
	csg_mem tag=forest_parsed src=25 arena=1136928 rss=615842776 live=1672838
	csg_mem tag=forest src=26 bytes=21459 rss=614695896 live=1672824
	csg_mem tag=forest_parse_begin pass=0 src=26 reserve=0 rss=614695896 live=1672845
	csg_mem tag=forest_parse_end pass=0 src=26 arena=1099968 parse_ms=45 rss=615842776 live=1673942
	csg_mem tag=forest_parsed src=26 arena=1099968 rss=615842776 live=1673942
	csg_mem tag=forest src=27 bytes=1082 rss=614728664 live=1673928
	csg_mem tag=forest_parse_begin pass=0 src=27 reserve=0 rss=614728664 live=1673941
	csg_mem tag=forest_parse_end pass=0 src=27 arena=64576 parse_ms=3 rss=614728664 live=1674007
	csg_mem tag=forest_parsed src=27 arena=64576 rss=614728664 live=1674007
	csg_mem tag=forest src=28 bytes=5750 rss=614728664 live=1673993
	csg_mem tag=forest_parse_begin pass=0 src=28 reserve=0 rss=614728664 live=1674012
	csg_mem tag=forest_parse_end pass=0 src=28 arena=260320 parse_ms=12 rss=615023576 live=1674519
	csg_mem tag=forest_parsed src=28 arena=260320 rss=615023576 live=1674519
	csg_mem tag=forest src=29 bytes=59609 rss=614761432 live=1674506
	csg_mem tag=forest_parse_begin pass=0 src=29 reserve=0 rss=614761432 live=1674531
	csg_mem tag=forest_parse_end pass=0 src=29 arena=3234976 parse_ms=111 rss=618169304 live=1678347
	csg_mem tag=forest_parsed src=29 arena=3234976 rss=618169304 live=1678347
	csg_mem tag=forest src=30 bytes=50794 rss=614925272 live=1678337
	csg_mem tag=forest_parse_begin pass=0 src=30 reserve=0 rss=614941656 live=1678362
	csg_mem tag=forest_parse_end pass=0 src=30 arena=2238272 parse_ms=120 rss=617399256 live=1682101
	csg_mem tag=forest_parsed src=30 arena=2238272 rss=617399256 live=1682101
	csg_mem tag=forest src=31 bytes=52710 rss=615154648 live=1682095
	csg_mem tag=forest_parse_begin pass=0 src=31 reserve=0 rss=615187416 live=1682120
	csg_mem tag=forest_parse_end pass=0 src=31 arena=2247424 parse_ms=102 rss=617759704 live=1685228
	csg_mem tag=forest_parsed src=31 arena=2247424 rss=617759704 live=1685228
	csg_mem tag=forest src=32 bytes=2252 rss=615498712 live=1685216
	csg_mem tag=forest_parse_begin pass=0 src=32 reserve=0 rss=615498712 live=1685231
	csg_mem tag=forest_parse_end pass=0 src=32 arena=95584 parse_ms=3 rss=615531480 live=1685379
	csg_mem tag=forest_parsed src=32 arena=95584 rss=615531480 live=1685379
	csg_mem tag=forest src=33 bytes=48367 rss=615531480 live=1685376
	csg_mem tag=forest_parse_begin pass=0 src=33 reserve=0 rss=615613400 live=1685399
	csg_mem tag=forest_parse_end pass=0 src=33 arena=1983616 parse_ms=79 rss=617956312 live=1688592
	csg_mem tag=forest_parsed src=33 arena=1983616 rss=617956312 live=1688592
	csg_mem tag=forest src=34 bytes=16779 rss=615973848 live=1688581
	csg_mem tag=forest_parse_begin pass=0 src=34 reserve=0 rss=616039384 live=1688602
	csg_mem tag=forest_parse_end pass=0 src=34 arena=1070528 parse_ms=47 rss=617186264 live=1689809
	csg_mem tag=forest_parsed src=34 arena=1070528 rss=617186264 live=1689809
	csg_mem tag=forest src=35 bytes=241090 rss=616121304 live=1689806
	csg_mem tag=forest_parse_begin pass=0 src=35 reserve=0 rss=616514520 live=1689835
	csg_mem tag=forest_parse_end pass=0 src=35 arena=9242720 parse_ms=433 rss=625886192 live=1701971
	csg_mem tag=forest_parsed src=35 arena=9242720 rss=625886192 live=1701971
	csg_mem tag=forest src=36 bytes=21751 rss=616678360 live=1701958
	csg_mem tag=forest_parse_begin pass=0 src=36 reserve=0 rss=616694744 live=1701981
	csg_mem tag=forest_parse_end pass=0 src=36 arena=1131168 parse_ms=37 rss=617841624 live=1703222
	csg_mem tag=forest_parsed src=36 arena=1131168 rss=617841624 live=1703222
	csg_mem tag=forest src=37 bytes=91449 rss=616711128 live=1703211
	csg_mem tag=forest_parse_begin pass=0 src=37 reserve=0 rss=616727512 live=1703238
	csg_mem tag=forest_parse_end pass=0 src=37 arena=7943136 parse_ms=243 rss=624247792 live=1713026
	csg_mem tag=forest_parsed src=37 arena=7943136 rss=624247792 live=1713026
	csg_mem tag=forest src=38 bytes=22555 rss=616793048 live=1713018
	csg_mem tag=forest_parse_begin pass=0 src=38 reserve=0 rss=616809432 live=1713041
	csg_mem tag=forest_parse_end pass=0 src=38 arena=1179904 parse_ms=56 rss=618120152 live=1715754
	csg_mem tag=forest_parsed src=38 arena=1179904 rss=618120152 live=1715754
	csg_mem tag=forest src=39 bytes=16869 rss=616924120 live=1715741
	csg_mem tag=forest_parse_begin pass=0 src=39 reserve=0 rss=616924120 live=1715762
	csg_mem tag=forest_parse_end pass=0 src=39 arena=1112096 parse_ms=44 rss=618120152 live=1717859
	csg_mem tag=forest_parsed src=39 arena=1112096 rss=618120152 live=1717859
	csg_mem tag=forest src=40 bytes=42339 rss=617006040 live=1717846
	csg_mem tag=forest_parse_begin pass=0 src=40 reserve=0 rss=617071576 live=1717869
	csg_mem tag=forest_parse_end pass=0 src=40 arena=3115232 parse_ms=165 rss=620348376 live=1723106
	csg_mem tag=forest_parsed src=40 arena=3115232 rss=620348376 live=1723106
	csg_mem tag=forest src=41 bytes=16263 rss=617235416 live=1723097
	csg_mem tag=forest_parse_begin pass=0 src=41 reserve=0 rss=617235416 live=1723118
	csg_mem tag=forest_parse_end pass=0 src=41 arena=1044768 parse_ms=52 rss=618415064 live=1725319
	csg_mem tag=forest_parsed src=41 arena=1044768 rss=618415064 live=1725319
	csg_mem tag=forest src=42 bytes=14980 rss=617366488 live=1725306
	csg_mem tag=forest_parse_begin pass=0 src=42 reserve=0 rss=617415640 live=1725327
	csg_mem tag=forest_parse_end pass=0 src=42 arena=1044640 parse_ms=51 rss=618496984 live=1727382
	csg_mem tag=forest_parsed src=42 arena=1044640 rss=618496984 live=1727382
	csg_mem tag=forest src=43 bytes=1470 rss=617448408 live=1727369
	csg_mem tag=forest_parse_begin pass=0 src=43 reserve=0 rss=617448408 live=1727384
	csg_mem tag=forest_parse_end pass=0 src=43 arena=68320 parse_ms=3 rss=617464792 live=1727475
	csg_mem tag=forest_parsed src=43 arena=68320 rss=617464792 live=1727475
	csg_mem tag=forest src=44 bytes=45177 rss=617464792 live=1727461
	csg_mem tag=forest_parse_begin pass=0 src=44 reserve=0 rss=617513944 live=1727486
	csg_mem tag=forest_parse_end pass=0 src=44 arena=2183520 parse_ms=96 rss=619774936 live=1730084
	csg_mem tag=forest_parsed src=44 arena=2183520 rss=619774936 live=1730084
	csg_mem tag=forest src=45 bytes=3258 rss=617579480 live=1730072
	csg_mem tag=forest_parse_begin pass=0 src=45 reserve=0 rss=617579480 live=1730089
	csg_mem tag=forest_parse_end pass=0 src=45 arena=205280 parse_ms=10 rss=617956312 live=1730301
	csg_mem tag=forest_parsed src=45 arena=205280 rss=617956312 live=1730301
	csg_mem tag=forest src=46 bytes=1452 rss=617743320 live=1730287
	csg_mem tag=forest_parse_begin pass=0 src=46 reserve=0 rss=617743320 live=1730302
	csg_mem tag=forest_parse_end pass=0 src=46 arena=42336 parse_ms=2 rss=617743320 live=1730406
	csg_mem tag=forest_parsed src=46 arena=42336 rss=617743320 live=1730406
	csg_mem tag=forest src=47 bytes=1498710 rss=617743320 live=1730392
	csg_mem tag=forest_parse_begin pass=0 src=47 reserve=0 rss=620905432 live=1730425
	csg_mem tag=forest_parse_end pass=0 src=47 arena=63019392 parse_ms=3076 rss=680461344 live=1798592
	csg_mem tag=forest_parsed src=47 arena=63019392 rss=680461344 live=1798592
	csg_mem tag=forest src=48 bytes=15407 rss=622216152 live=1798638
	csg_mem tag=forest_parse_begin pass=0 src=48 reserve=0 rss=622216152 live=1798659
	csg_mem tag=forest_parse_end pass=0 src=48 arena=978976 parse_ms=33 rss=623248344 live=1799569
	csg_mem tag=forest_parsed src=48 arena=978976 rss=623248344 live=1799569
	csg_mem tag=forest src=49 bytes=36412 rss=622265304 live=1799556
	csg_mem tag=forest_parse_begin pass=0 src=49 reserve=0 rss=622265304 live=1799579
	csg_mem tag=forest_parse_end pass=0 src=49 arena=2226944 parse_ms=149 rss=624640984 live=1803440
	csg_mem tag=forest_parsed src=49 arena=2226944 rss=624640984 live=1803440
	csg_mem tag=forest src=50 bytes=212055 rss=622412760 live=1803427
	csg_mem tag=forest_parse_begin pass=0 src=50 reserve=0 rss=622609368 live=1803454
	csg_mem tag=forest_parse_end pass=0 src=50 arena=9190592 parse_ms=554 rss=632767472 live=1817933
	csg_mem tag=forest_parsed src=50 arena=9190592 rss=632767472 live=1817933
	csg_mem tag=forest src=51 bytes=714 rss=623608792 live=1817931
	csg_mem tag=forest_parse_begin pass=0 src=51 reserve=0 rss=623608792 live=1817944
	csg_mem tag=forest_parse_end pass=0 src=51 arena=37568 parse_ms=1 rss=623608792 live=1818004
	csg_mem tag=forest_parsed src=51 arena=37568 rss=623608792 live=1818004
	csg_mem tag=forest src=52 bytes=15736 rss=623608792 live=1817990
	csg_mem tag=forest_parse_begin pass=0 src=52 reserve=0 rss=623657944 live=1818011
	csg_mem tag=forest_parse_end pass=0 src=52 arena=565856 parse_ms=24 rss=624247768 live=1818882
	csg_mem tag=forest_parsed src=52 arena=565856 rss=624247768 live=1818882
	csg_mem tag=forest src=53 bytes=15907 rss=623674328 live=1818868
	csg_mem tag=forest_parse_begin pass=0 src=53 reserve=0 rss=623674328 live=1818889
	csg_mem tag=forest_parse_end pass=0 src=53 arena=748160 parse_ms=29 rss=624444376 live=1819950
	csg_mem tag=forest_parsed src=53 arena=748160 rss=624444376 live=1819950
	csg_mem tag=forest src=54 bytes=18039 rss=623690712 live=1819939
	csg_mem tag=forest_parse_begin pass=0 src=54 reserve=0 rss=623707096 live=1819960
	csg_mem tag=forest_parse_end pass=0 src=54 arena=972064 parse_ms=31 rss=624690136 live=1820900
	csg_mem tag=forest_parsed src=54 arena=972064 rss=624690136 live=1820900
	csg_mem tag=forest src=55 bytes=7239 rss=623707096 live=1820888
	csg_mem tag=forest_parse_begin pass=0 src=55 reserve=0 rss=623723480 live=1820907
	csg_mem tag=forest_parse_end pass=0 src=55 arena=562848 parse_ms=22 rss=624296920 live=1821535
	csg_mem tag=forest_parsed src=55 arena=562848 rss=624296920 live=1821535
	csg_mem tag=forest src=56 bytes=11717 rss=623723480 live=1821522
	csg_mem tag=forest_parse_begin pass=0 src=56 reserve=0 rss=623756248 live=1821543
	csg_mem tag=forest_parse_end pass=0 src=56 arena=540640 parse_ms=21 rss=624296920 live=1822350
	csg_mem tag=forest_parsed src=56 arena=540640 rss=624296920 live=1822350
	csg_mem tag=forest src=57 bytes=2498 rss=623756248 live=1822338
	csg_mem tag=forest_parse_begin pass=0 src=57 reserve=0 rss=623772632 live=1822355
	csg_mem tag=forest_parse_end pass=0 src=57 arena=108032 parse_ms=4 rss=623772632 live=1822503
	csg_mem tag=forest_parsed src=57 arena=108032 rss=623772632 live=1822503
	csg_mem tag=forest src=58 bytes=9947 rss=623789016 live=1822492
	csg_mem tag=forest_parse_begin pass=0 src=58 reserve=0 rss=623805400 live=1822513
	csg_mem tag=forest_parse_end pass=0 src=58 arena=562528 parse_ms=22 rss=624395224 live=1823183
	csg_mem tag=forest_parsed src=58 arena=562528 rss=624395224 live=1823183
	csg_mem tag=forest src=59 bytes=59910 rss=623821784 live=1823171
	csg_mem tag=forest_parse_begin pass=0 src=59 reserve=0 rss=623870936 live=1823196
	csg_mem tag=forest_parse_end pass=0 src=59 arena=2329920 parse_ms=104 rss=626410456 live=1826409
	csg_mem tag=forest_parsed src=59 arena=2329920 rss=626410456 live=1826409
	csg_mem tag=forest src=60 bytes=4463 rss=624083928 live=1826398
	csg_mem tag=forest_parse_begin pass=0 src=60 reserve=0 rss=624083928 live=1826415
	csg_mem tag=forest_parse_end pass=0 src=60 arena=246432 parse_ms=7 rss=624493528 live=1826728
	csg_mem tag=forest_parsed src=60 arena=246432 rss=624493528 live=1826728
	csg_mem tag=forest src=61 bytes=4513921 rss=624231384 live=1826714
	csg_mem tag=forest_parse_begin pass=0 src=61 reserve=0 rss=633750488 live=1826751
	csg_mem tag=forest_parse_end pass=0 src=61 arena=140260800 parse_ms=8298 rss=782730368 live=2024755
	csg_mem tag=forest_parsed src=61 arena=140260800 rss=782730368 live=2024755
	csg_mem tag=forest src=62 bytes=214132 rss=637141976 live=2024768
	csg_mem tag=forest_parse_begin pass=0 src=62 reserve=0 rss=637305816 live=2024797
	csg_mem tag=forest_parse_end pass=0 src=62 arena=9147168 parse_ms=352 rss=646595568 live=2037701
	csg_mem tag=forest_parsed src=62 arena=9147168 rss=646595568 live=2037701
	csg_mem tag=forest src=63 bytes=146632 rss=637469656 live=2037687
	csg_mem tag=forest_parse_begin pass=0 src=63 reserve=0 rss=637551576 live=2037714
	csg_mem tag=forest_parse_end pass=0 src=63 arena=7895328 parse_ms=216 rss=645530608 live=2046399
	csg_mem tag=forest_parsed src=63 arena=7895328 rss=645530608 live=2046399
	csg_mem tag=forest src=64 bytes=60278 rss=637617112 live=2046393
	csg_mem tag=forest_parse_begin pass=0 src=64 reserve=0 rss=637649880 live=2046418
	csg_mem tag=forest_parse_end pass=0 src=64 arena=2237760 parse_ms=76 rss=639927256 live=2049781
	csg_mem tag=forest_parsed src=64 arena=2237760 rss=639927256 live=2049781
	csg_mem tag=forest src=65 bytes=26513 rss=637682648 live=2049780
	csg_mem tag=forest_parse_begin pass=0 src=65 reserve=0 rss=637682648 live=2049803
	csg_mem tag=forest_parse_end pass=0 src=65 arena=1929824 parse_ms=45 rss=639615960 live=2052135
	csg_mem tag=forest_parsed src=65 arena=1929824 rss=639615960 live=2052135
	csg_mem tag=forest src=66 bytes=115864 rss=637682648 live=2052121
	csg_mem tag=forest_parse_begin pass=0 src=66 reserve=0 rss=637682648 live=2052148
	csg_mem tag=forest_parse_end pass=0 src=66 arena=7864864 parse_ms=189 rss=645104624 live=2061354
	csg_mem tag=forest_parsed src=66 arena=7864864 rss=645104624 live=2061354
	csg_mem tag=forest src=67 bytes=342860 rss=637731800 live=2061342
	csg_mem tag=forest_parse_begin pass=0 src=67 reserve=0 rss=637731800 live=2061371
	csg_mem tag=forest_parse_end pass=0 src=67 arena=15735424 parse_ms=495 rss=652903408 live=2087194
	csg_mem tag=forest_parsed src=67 arena=15735424 rss=652903408 live=2087194
	csg_mem tag=forest src=68 bytes=93793 rss=637830104 live=2087193
	csg_mem tag=forest_parse_begin pass=0 src=68 reserve=0 rss=637862872 live=2087220
	csg_mem tag=forest_parse_end pass=0 src=68 arena=4499488 parse_ms=157 rss=642466800 live=2093338
	csg_mem tag=forest_parsed src=68 arena=4499488 rss=642466800 live=2093338
	csg_mem tag=forest src=69 bytes=18553 rss=637944792 live=2093325
	csg_mem tag=forest_parse_begin pass=0 src=69 reserve=0 rss=637961176 live=2093346
	csg_mem tag=forest_parse_end pass=0 src=69 arena=1560128 parse_ms=105 rss=639583192 live=2096603
	csg_mem tag=forest_parsed src=69 arena=1560128 rss=639583192 live=2096603
	csg_mem tag=forest src=70 bytes=23302 rss=638010328 live=2096589
	csg_mem tag=forest_parse_begin pass=0 src=70 reserve=0 rss=638010328 live=2096612
	csg_mem tag=forest_parse_end pass=0 src=70 arena=1078944 parse_ms=67 rss=639091672 live=2098679
	csg_mem tag=forest_parsed src=70 arena=1078944 rss=639091672 live=2098679
	csg_mem tag=forest src=71 bytes=12094 rss=638010328 live=2098674
	csg_mem tag=forest_parse_begin pass=0 src=71 reserve=0 rss=638010328 live=2098693
	csg_mem tag=forest_parse_end pass=0 src=71 arena=484512 parse_ms=24 rss=638501848 live=2099321
	csg_mem tag=forest_parsed src=71 arena=484512 rss=638501848 live=2099321
	csg_mem tag=forest src=72 bytes=373101 rss=638010328 live=2099309
	csg_mem tag=forest_parse_begin pass=0 src=72 reserve=0 rss=638157784 live=2099338
	csg_mem tag=forest_parse_end pass=0 src=72 arena=15793504 parse_ms=434 rss=653411312 live=2117380
	csg_mem tag=forest_parsed src=72 arena=15793504 rss=653411312 live=2117380
	csg_mem tag=forest src=73 bytes=5619 rss=638256088 live=2117383
	csg_mem tag=forest_parse_begin pass=0 src=73 reserve=0 rss=638256088 live=2117402
	csg_mem tag=forest_parse_end pass=0 src=73 arena=206048 parse_ms=7 rss=638469080 live=2117821
	csg_mem tag=forest_parsed src=73 arena=206048 rss=638469080 live=2117821
	csg_mem tag=forest src=74 bytes=256078 rss=638256088 live=2117807
	csg_mem tag=forest_parse_begin pass=0 src=74 reserve=0 rss=638338008 live=2117836
	csg_mem tag=forest_parse_end pass=0 src=74 arena=9120128 parse_ms=325 rss=647463920 live=2129193
	csg_mem tag=forest_parsed src=74 arena=9120128 rss=647463920 live=2129193
	csg_mem tag=forest src=75 bytes=228229 rss=638370776 live=2129185
	csg_mem tag=forest_parse_begin pass=0 src=75 reserve=0 rss=638419928 live=2129214
	csg_mem tag=forest_parse_end pass=0 src=75 arena=8998336 parse_ms=300 rss=647463920 live=2140675
	csg_mem tag=forest_parsed src=75 arena=8998336 rss=647463920 live=2140675
	csg_mem tag=forest src=76 bytes=9159 rss=638436312 live=2140671
	csg_mem tag=forest_parse_begin pass=0 src=76 reserve=0 rss=638436312 live=2140692
	csg_mem tag=forest_parse_end pass=0 src=76 arena=481184 parse_ms=12 rss=638927832 live=2140957
	csg_mem tag=forest_parsed src=76 arena=481184 rss=638927832 live=2140957
	csg_mem tag=forest src=77 bytes=207027 rss=638436312 live=2140943
	csg_mem tag=forest_parse_begin pass=0 src=77 reserve=0 rss=638485464 live=2140972
	csg_mem tag=forest_parse_end pass=0 src=77 arena=9306368 parse_ms=336 rss=648381424 live=2155180
	csg_mem tag=forest_parsed src=77 arena=9306368 rss=648381424 live=2155180
	csg_mem tag=forest src=78 bytes=21659 rss=639091672 live=2155166
	csg_mem tag=forest_parse_begin pass=0 src=78 reserve=0 rss=639091672 live=2155187
	csg_mem tag=forest_parse_end pass=0 src=78 arena=897152 parse_ms=26 rss=640025560 live=2156248
	csg_mem tag=forest_parsed src=78 arena=897152 rss=640025560 live=2156248
	csg_mem tag=forest src=79 bytes=138950 rss=639124440 live=2156234
	csg_mem tag=forest_parse_begin pass=0 src=79 reserve=0 rss=639124440 live=2156261
	csg_mem tag=forest_parse_end pass=0 src=79 arena=7673728 parse_ms=195 rss=646841328 live=2165953
	csg_mem tag=forest_parsed src=79 arena=7673728 rss=646841328 live=2165953
	csg_mem tag=forest src=80 bytes=16818 rss=639665112 live=2165939
	csg_mem tag=forest_parse_begin pass=0 src=80 reserve=0 rss=639681496 live=2165960
	csg_mem tag=forest_parse_end pass=0 src=80 arena=580096 parse_ms=25 rss=640353240 live=2166865
	csg_mem tag=forest_parsed src=80 arena=580096 rss=640353240 live=2166865
	csg_mem tag=forest src=81 bytes=7011 rss=639763416 live=2166852
	csg_mem tag=forest_parse_begin pass=0 src=81 reserve=0 rss=639763416 live=2166869
	csg_mem tag=forest_parse_end pass=0 src=81 arena=26368 parse_ms=1 rss=639763416 live=2166942
	csg_mem tag=forest_parsed src=81 arena=26368 rss=639763416 live=2166942
	csg_mem tag=forest src=82 bytes=3088 rss=639763416 live=2166930
	csg_mem tag=forest_parse_begin pass=0 src=82 reserve=0 rss=639763416 live=2166947
	csg_mem tag=forest_parse_end pass=0 src=82 arena=135104 parse_ms=4 rss=639910872 live=2167189
	csg_mem tag=forest_parsed src=82 arena=135104 rss=639910872 live=2167189
	csg_mem tag=forest src=83 bytes=209875 rss=639763416 live=2167175
	csg_mem tag=forest_parse_begin pass=0 src=83 reserve=0 rss=639878104 live=2167204
	csg_mem tag=forest_parse_end pass=0 src=83 arena=8672672 parse_ms=290 rss=648807408 live=2180421
	csg_mem tag=forest_parsed src=83 arena=8672672 rss=648807408 live=2180421
	csg_mem tag=forest src=84 bytes=113595 rss=640156632 live=2180421
	csg_mem tag=forest_parse_begin pass=0 src=84 reserve=0 rss=640254936 live=2180448
	csg_mem tag=forest_parse_end pass=0 src=84 arena=4098720 parse_ms=125 rss=644400112 live=2185654
	csg_mem tag=forest_parsed src=84 arena=4098720 rss=644400112 live=2185654
	csg_mem tag=forest src=85 bytes=694424 rss=640287704 live=2185647
	csg_mem tag=forest_parse_begin pass=0 src=85 reserve=0 rss=640762840 live=2185678
	csg_mem tag=forest_parse_end pass=0 src=85 arena=31524320 parse_ms=928 rss=670860296 live=2234124
	csg_mem tag=forest_parsed src=85 arena=31524320 rss=670860296 live=2234124
	csg_mem tag=forest src=86 bytes=84731 rss=641237976 live=2234138
	csg_mem tag=forest_parse_begin pass=0 src=86 reserve=0 rss=641287128 live=2234165
	csg_mem tag=forest_parse_end pass=0 src=86 arena=4655136 parse_ms=155 rss=646087664 live=2239945
	csg_mem tag=forest_parsed src=86 arena=4655136 rss=646087664 live=2239945
	csg_mem tag=forest src=87 bytes=95381 rss=641418200 live=2239951
	csg_mem tag=forest_parse_begin pass=0 src=87 reserve=0 rss=641434584 live=2239978
	csg_mem tag=forest_parse_end pass=0 src=87 arena=4657632 parse_ms=173 rss=646300656 live=2246711
	csg_mem tag=forest_parsed src=87 arena=4657632 rss=646300656 live=2246711
	csg_mem tag=forest src=88 bytes=100872 rss=641631192 live=2246713
	csg_mem tag=forest_parse_begin pass=0 src=88 reserve=0 rss=641680344 live=2246740
	csg_mem tag=forest_parse_end pass=0 src=88 arena=4560160 parse_ms=168 rss=646431728 live=2253689
	csg_mem tag=forest_parsed src=88 arena=4560160 rss=646431728 live=2253689
	csg_mem tag=forest src=89 bytes=8802 rss=641844184 live=2253687
	csg_mem tag=forest_parse_begin pass=0 src=89 reserve=0 rss=641844184 live=2253708
	csg_mem tag=forest_parse_end pass=0 src=89 arena=550528 parse_ms=16 rss=642466776 live=2254315
	csg_mem tag=forest_parsed src=89 arena=550528 rss=642466776 live=2254315
	csg_mem tag=forest src=90 bytes=36472 rss=641909720 live=2254302
	csg_mem tag=forest_parse_begin pass=0 src=90 reserve=0 rss=641975256 live=2254327
	csg_mem tag=forest_parse_end pass=0 src=90 arena=2282368 parse_ms=75 rss=644350936 live=2257270
	csg_mem tag=forest_parsed src=90 arena=2282368 rss=644350936 live=2257270
	csg_mem tag=forest src=91 bytes=9587 rss=642073560 live=2257260
	csg_mem tag=forest_parse_begin pass=0 src=91 reserve=0 rss=642089944 live=2257281
	csg_mem tag=forest_parse_end pass=0 src=91 arena=577568 parse_ms=19 rss=642728920 live=2258073
	csg_mem tag=forest_parsed src=91 arena=577568 rss=642728920 live=2258073
	csg_mem tag=forest src=92 bytes=146673 rss=642139096 live=2258060
	csg_mem tag=forest_parse_begin pass=0 src=92 reserve=0 rss=642532312 live=2258087
	csg_mem tag=forest_parse_end pass=0 src=92 arena=6026144 parse_ms=196 rss=648741872 live=2267068
	csg_mem tag=forest_parsed src=92 arena=6026144 rss=648741872 live=2267068
	csg_mem tag=forest src=93 bytes=85404 rss=642696152 live=2267078
	csg_mem tag=forest_parse_begin pass=0 src=93 reserve=0 rss=642827224 live=2267105
	csg_mem tag=forest_parse_end pass=0 src=93 arena=4405344 parse_ms=137 rss=647513072 live=2271782
	csg_mem tag=forest_parsed src=93 arena=4405344 rss=647513072 live=2271782
	csg_mem tag=forest src=94 bytes=60609 rss=643089368 live=2271785
	csg_mem tag=forest_parse_begin pass=0 src=94 reserve=0 rss=643204056 live=2271810
	csg_mem tag=forest_parse_end pass=0 src=94 arena=3005376 parse_ms=90 rss=646300632 live=2275229
	csg_mem tag=forest_parsed src=94 arena=3005376 rss=646300632 live=2275229
	csg_mem tag=forest src=95 bytes=21133 rss=643285976 live=2275222
	csg_mem tag=forest_parse_begin pass=0 src=95 reserve=0 rss=643318744 live=2275245
	csg_mem tag=forest_parse_end pass=0 src=95 arena=1127648 parse_ms=36 rss=644514776 live=2276469
	csg_mem tag=forest_parsed src=95 arena=1127648 rss=644514776 live=2276469
	csg_mem tag=forest src=96 bytes=3751 rss=643384280 live=2276456
	csg_mem tag=forest_parse_begin pass=0 src=96 reserve=0 rss=643384280 live=2276473
	csg_mem tag=forest_parse_end pass=0 src=96 arena=196480 parse_ms=6 rss=643613656 live=2276708
	csg_mem tag=forest_parsed src=96 arena=196480 rss=643613656 live=2276708
	csg_mem tag=forest src=97 bytes=97141 rss=643417048 live=2276694
	csg_mem tag=forest_parse_begin pass=0 src=97 reserve=0 rss=643613656 live=2276721
	csg_mem tag=forest_parse_end pass=0 src=97 arena=4655136 parse_ms=158 rss=648332272 live=2282796
	csg_mem tag=forest_parsed src=97 arena=4655136 rss=648332272 live=2282796
	csg_mem tag=forest src=98 bytes=25148 rss=643662808 live=2282793
	csg_mem tag=forest_parse_begin pass=0 src=98 reserve=0 rss=643711960 live=2282816
	csg_mem tag=forest_parse_end pass=0 src=98 arena=1160192 parse_ms=41 rss=644940760 live=2284210
	csg_mem tag=forest_parsed src=98 arena=1160192 rss=644940760 live=2284210
	csg_mem tag=forest src=99 bytes=67075 rss=643777496 live=2284198
	csg_mem tag=forest_parse_begin pass=0 src=99 reserve=0 rss=643793880 live=2284223
	csg_mem tag=forest_parse_end pass=0 src=99 arena=3936576 parse_ms=100 rss=647791600 live=2287727
	csg_mem tag=forest_parsed src=99 arena=3936576 rss=647791600 live=2287727
	csg_mem tag=forest src=100 bytes=122136 rss=643843032 live=2287720
	csg_mem tag=forest_parse_begin pass=0 src=100 reserve=0 rss=643924952 live=2287747
	csg_mem tag=forest_parse_end pass=0 src=100 arena=4583264 parse_ms=170 rss=648561648 live=2294686
	csg_mem tag=forest_parsed src=100 arena=4583264 rss=648561648 live=2294686
	csg_mem tag=forest src=101 bytes=477806 rss=644006872 live=2294691
	csg_mem tag=forest_parse_begin pass=0 src=101 reserve=0 rss=644400088 live=2294722
	csg_mem tag=forest_parse_end pass=0 src=101 arena=18347488 parse_ms=708 rss=663454728 live=2333612
	csg_mem tag=forest_parsed src=101 arena=18347488 rss=663454728 live=2333612
	csg_mem tag=forest src=102 bytes=9251 rss=644727768 live=2333616
	csg_mem tag=forest_parse_begin pass=0 src=102 reserve=0 rss=644727768 live=2333635
	csg_mem tag=forest_parse_end pass=0 src=102 arena=410976 parse_ms=14 rss=645153752 live=2334357
	csg_mem tag=forest_parsed src=102 arena=410976 rss=645153752 live=2334357
	csg_mem tag=forest src=103 bytes=35254 rss=644727768 live=2334343
	csg_mem tag=forest_parse_begin pass=0 src=103 reserve=0 rss=644744152 live=2334368
	csg_mem tag=forest_parse_end pass=0 src=103 arena=1696640 parse_ms=50 rss=646448088 live=2336279
	csg_mem tag=forest_parsed src=103 arena=1696640 rss=646448088 live=2336279
	csg_mem tag=forest src=104 bytes=207662 rss=644744152 live=2336271
	csg_mem tag=forest_parse_begin pass=0 src=104 reserve=0 rss=644973528 live=2336300
	csg_mem tag=forest_parse_end pass=0 src=104 arena=8813440 parse_ms=277 rss=653902832 live=2347566
	csg_mem tag=forest_parsed src=104 arena=8813440 rss=653902832 live=2347566
	csg_mem tag=forest src=105 bytes=53041 rss=645071832 live=2347584
	csg_mem tag=forest_parse_begin pass=0 src=105 reserve=0 rss=645104600 live=2347609
	csg_mem tag=forest_parse_end pass=0 src=105 arena=2259072 parse_ms=76 rss=647365592 live=2350380
	csg_mem tag=forest_parsed src=105 arena=2259072 rss=647365592 live=2350380
	csg_mem tag=forest src=106 bytes=19779 rss=645104600 live=2350372
	csg_mem tag=forest_parse_begin pass=0 src=106 reserve=0 rss=645104600 live=2350393
	csg_mem tag=forest_parse_end pass=0 src=106 arena=751744 parse_ms=25 rss=645858264 live=2351356
	csg_mem tag=forest_parsed src=106 arena=751744 rss=645858264 live=2351356
	csg_mem tag=forest src=107 bytes=274 rss=645104600 live=2351345
	csg_mem tag=forest_parse_begin pass=0 src=107 reserve=0 rss=645104600 live=2351356
	csg_mem tag=forest_parse_end pass=0 src=107 arena=9376 parse_ms=0 rss=645104600 live=2351393
	csg_mem tag=forest_parsed src=107 arena=9376 rss=645104600 live=2351393
	csg_mem tag=forest src=108 bytes=131447 rss=645104600 live=2351380
	csg_mem tag=forest_parse_begin pass=0 src=108 reserve=0 rss=645235672 live=2351407
	csg_mem tag=forest_parse_end pass=0 src=108 arena=4836960 parse_ms=185 rss=650331120 live=2357881
	csg_mem tag=forest_parsed src=108 arena=4836960 rss=650331120 live=2357881
	csg_mem tag=forest src=109 bytes=204964 rss=645481432 live=2357875
	csg_mem tag=forest_parse_begin pass=0 src=109 reserve=0 rss=645874648 live=2357904
	csg_mem tag=forest_parse_end pass=0 src=109 arena=8810624 parse_ms=274 rss=655311856 live=2367963
	csg_mem tag=forest_parsed src=109 arena=8810624 rss=655311856 live=2367963
	csg_mem tag=forest src=110 bytes=26073 rss=646480856 live=2367971
	csg_mem tag=forest_parse_begin pass=0 src=110 reserve=0 rss=646546392 live=2367994
	csg_mem tag=forest_parse_end pass=0 src=110 arena=1108928 parse_ms=35 rss=647693272 live=2369379
	csg_mem tag=forest_parsed src=110 arena=1108928 rss=647693272 live=2369379
	csg_mem tag=forest src=111 bytes=52561 rss=646579160 live=2369367
	csg_mem tag=forest_parse_begin pass=0 src=111 reserve=0 rss=646644696 live=2369392
	csg_mem tag=forest_parse_end pass=0 src=111 arena=2303040 parse_ms=74 rss=649069528 live=2372392
	csg_mem tag=forest_parsed src=111 arena=2303040 rss=649069528 live=2372392
	csg_mem tag=forest src=112 bytes=54759 rss=646759384 live=2372382
	csg_mem tag=forest_parse_begin pass=0 src=112 reserve=0 rss=646824920 live=2372407
	csg_mem tag=forest_parse_end pass=0 src=112 arena=2325568 parse_ms=80 rss=649266136 live=2375470
	csg_mem tag=forest_parsed src=112 arena=2325568 rss=649266136 live=2375470
	csg_mem tag=forest src=113 bytes=22222 rss=646939608 live=2375466
	csg_mem tag=forest_parse_begin pass=0 src=113 reserve=0 rss=646955992 live=2375487
	csg_mem tag=forest_parse_end pass=0 src=113 arena=1006144 parse_ms=28 rss=648020952 live=2377032
	csg_mem tag=forest_parsed src=113 arena=1006144 rss=648020952 live=2377032
	csg_mem tag=forest src=114 bytes=396704 rss=647005144 live=2377019
	csg_mem tag=forest_parse_begin pass=0 src=114 reserve=0 rss=647283672 live=2377050
	csg_mem tag=forest_parse_end pass=0 src=114 arena=15681920 parse_ms=558 rss=663978992 live=2409842
	csg_mem tag=forest_parsed src=114 arena=15681920 rss=663978992 live=2409842
	csg_mem tag=forest src=115 bytes=5769 rss=647906264 live=2409831
	csg_mem tag=forest_parse_begin pass=0 src=115 reserve=0 rss=647906264 live=2409850
	csg_mem tag=forest_parse_end pass=0 src=115 arena=210208 parse_ms=7 rss=648283096 live=2410206
	csg_mem tag=forest_parsed src=115 arena=210208 rss=648283096 live=2410206
	csg_mem tag=forest src=116 bytes=3136 rss=648070104 live=2410194
	csg_mem tag=forest_parse_begin pass=0 src=116 reserve=0 rss=648070104 live=2410211
	csg_mem tag=forest_parse_end pass=0 src=116 arena=107776 parse_ms=3 rss=648070104 live=2410401
	csg_mem tag=forest_parsed src=116 arena=107776 rss=648070104 live=2410401
	csg_mem tag=forest src=117 bytes=281236 rss=648070104 live=2410389
	csg_mem tag=forest_parse_begin pass=0 src=117 reserve=0 rss=648512472 live=2410418
	csg_mem tag=forest_parse_end pass=0 src=117 arena=8623104 parse_ms=354 rss=657523696 live=2427336
	csg_mem tag=forest_parsed src=117 arena=8623104 rss=657523696 live=2427336
	csg_mem tag=forest src=118 bytes=36339 rss=648594392 live=2427327
	csg_mem tag=forest_parse_begin pass=0 src=118 reserve=0 rss=648594392 live=2427350
	csg_mem tag=forest_parse_end pass=0 src=118 arena=2203776 parse_ms=78 rss=650888152 live=2430098
	csg_mem tag=forest_parsed src=118 arena=2203776 rss=650888152 live=2430098
	csg_mem tag=forest src=119 bytes=66727 rss=648676312 live=2430085
	csg_mem tag=forest_parse_begin pass=0 src=119 reserve=0 rss=648692696 live=2430110
	csg_mem tag=forest_parse_end pass=0 src=119 arena=4554656 parse_ms=135 rss=653444080 live=2434956
	csg_mem tag=forest_parsed src=119 arena=4554656 rss=653444080 live=2434956
	csg_mem tag=forest src=120 bytes=19895 rss=648872920 live=2434948
	csg_mem tag=forest_parse_begin pass=0 src=120 reserve=0 rss=648872920 live=2434969
	csg_mem tag=forest_parse_end pass=0 src=120 arena=716672 parse_ms=22 rss=649790424 live=2436125
	csg_mem tag=forest_parsed src=120 arena=716672 rss=649790424 live=2436125
	csg_mem tag=forest src=121 bytes=104630 rss=649069528 live=2436113
	csg_mem tag=forest_parse_begin pass=0 src=121 reserve=0 rss=649085912 live=2436140
	csg_mem tag=forest_parse_end pass=0 src=121 arena=4230240 parse_ms=155 rss=653673456 live=2443559
	csg_mem tag=forest_parsed src=121 arena=4230240 rss=653673456 live=2443559
	csg_mem tag=forest src=122 bytes=21670 rss=649413592 live=2443551
	csg_mem tag=forest_parse_begin pass=0 src=122 reserve=0 rss=649495512 live=2443574
	csg_mem tag=forest_parse_end pass=0 src=122 arena=1157568 parse_ms=40 rss=650806232 live=2445038
	csg_mem tag=forest_parsed src=122 arena=1157568 rss=650806232 live=2445038
	csg_mem tag=forest src=123 bytes=41012 rss=649642968 live=2445026
	csg_mem tag=forest_parse_begin pass=0 src=123 reserve=0 rss=649757656 live=2445051
	csg_mem tag=forest_parse_end pass=0 src=123 arena=2319616 parse_ms=69 rss=652133336 live=2447860
	csg_mem tag=forest_parsed src=123 arena=2319616 rss=652133336 live=2447860
	csg_mem tag=forest src=124 bytes=602132 rss=649806808 live=2447848
	csg_mem tag=forest_parse_begin pass=0 src=124 reserve=0 rss=650281944 live=2447879
	csg_mem tag=forest_parse_end pass=0 src=124 arena=31473056 parse_ms=856 rss=680756232 live=2498832
	csg_mem tag=forest_parsed src=124 arena=31473056 rss=680756232 live=2498832
	csg_mem tag=forest src=125 bytes=2984 rss=651264984 live=2498868
	csg_mem tag=forest_parse_begin pass=0 src=125 reserve=0 rss=651264984 live=2498885
	csg_mem tag=forest_parse_end pass=0 src=125 arena=103360 parse_ms=3 rss=651264984 live=2499042
	csg_mem tag=forest_parsed src=125 arena=103360 rss=651264984 live=2499042
	csg_mem tag=forest src=126 bytes=6234 rss=651264984 live=2499030
	csg_mem tag=forest_parse_begin pass=0 src=126 reserve=0 rss=651264984 live=2499049
	csg_mem tag=forest_parse_end pass=0 src=126 arena=273504 parse_ms=8 rss=651543512 live=2499412
	csg_mem tag=forest_parsed src=126 arena=273504 rss=651543512 live=2499412
	csg_mem tag=forest src=127 bytes=36702 rss=651264984 live=2499399
	csg_mem tag=forest_parse_begin pass=0 src=127 reserve=0 rss=651297752 live=2499422
	csg_mem tag=forest_parse_end pass=0 src=127 arena=1143488 parse_ms=43 rss=652461016 live=2501182
	csg_mem tag=forest_parsed src=127 arena=1143488 rss=652461016 live=2501182
	csg_mem tag=forest src=128 bytes=49364 rss=651314136 live=2501171
	csg_mem tag=forest_parse_begin pass=0 src=128 reserve=0 rss=651314136 live=2501196
	csg_mem tag=forest_parse_end pass=0 src=128 arena=2322624 parse_ms=80 rss=653657048 live=2504479
	csg_mem tag=forest_parsed src=128 arena=2322624 rss=653657048 live=2504479
	csg_mem tag=forest src=129 bytes=42894 rss=651330520 live=2504487
	csg_mem tag=forest_parse_begin pass=0 src=129 reserve=0 rss=651330520 live=2504510
	csg_mem tag=forest_parse_end pass=0 src=129 arena=2289440 parse_ms=67 rss=653673432 live=2506606
	csg_mem tag=forest_parsed src=129 arena=2289440 rss=653673432 live=2506606
	csg_mem tag=forest src=130 bytes=32186 rss=651379672 live=2506602
	csg_mem tag=forest_parse_begin pass=0 src=130 reserve=0 rss=651396056 live=2506625
	csg_mem tag=forest_parse_end pass=0 src=130 arena=1998304 parse_ms=48 rss=653493208 live=2508675
	csg_mem tag=forest_parsed src=130 arena=1998304 rss=653493208 live=2508675
	csg_mem tag=forest src=131 bytes=34873 rss=651494360 live=2508663
	csg_mem tag=forest_parse_begin pass=0 src=131 reserve=0 rss=651510744 live=2508686
	csg_mem tag=forest_parse_end pass=0 src=131 arena=1627616 parse_ms=49 rss=653247472 live=2510779
	csg_mem tag=forest_parsed src=131 arena=1627616 rss=653247472 live=2510779
	csg_mem tag=forest src=132 bytes=1850073 rss=651609072 live=2510772
	csg_mem tag=forest_parse_begin pass=0 src=132 reserve=0 rss=654197744 live=2510807
	csg_mem tag=forest_parse_end pass=0 src=132 arena=72458048 parse_ms=3836 rss=730465336 live=2611932
	csg_mem tag=forest_parsed src=132 arena=72458048 rss=730465336 live=2611932
	csg_mem tag=forest src=133 bytes=41896 rss=656999408 live=2611980
	csg_mem tag=forest_parse_begin pass=0 src=133 reserve=0 rss=690652168 live=2612003
	csg_mem tag=forest_parse_end pass=0 src=133 arena=1945568 parse_ms=63 rss=692765704 live=2614613
	csg_mem tag=forest_parsed src=133 arena=1945568 rss=692765704 live=2614613
	csg_mem tag=forest src=134 bytes=3550288 rss=690816008 live=2614601
	csg_mem tag=forest_parse_begin pass=0 src=134 reserve=0 rss=695059464 live=2614638
	csg_mem tag=forest_parse_end pass=0 src=134 arena=140603200 parse_ms=7898 rss=842138800 live=2802337
	csg_mem tag=forest_parsed src=134 arena=140603200 rss=842138800 live=2802337
	csg_mem tag=forest src=135 bytes=134144 rss=697500680 live=2802415
	csg_mem tag=forest_parse_begin pass=0 src=135 reserve=0 rss=697566216 live=2802442
	csg_mem tag=forest_parse_end pass=0 src=135 arena=7742336 parse_ms=440 rss=704922656 live=2811508
	csg_mem tag=forest_parsed src=135 arena=7742336 rss=704922656 live=2811508
	csg_mem tag=forest src=136 bytes=592436 rss=697680904 live=2811500
	csg_mem tag=forest_parse_begin pass=0 src=136 reserve=0 rss=697959432 live=2811531
	csg_mem tag=forest_parse_end pass=0 src=136 arena=18504672 parse_ms=1425 rss=716997688 live=2842232
	csg_mem tag=forest_parsed src=136 arena=18504672 rss=716997688 live=2842232
	csg_mem tag=forest src=137 bytes=17351 rss=697959432 live=2842231
	csg_mem tag=forest_parse_begin pass=0 src=137 reserve=0 rss=697959432 live=2842252
	csg_mem tag=forest_parse_end pass=0 src=137 arena=1150240 parse_ms=41 rss=699106312 live=2843421
	csg_mem tag=forest_parsed src=137 arena=1150240 rss=699106312 live=2843421
	csg_mem tag=forest src=138 bytes=2319 rss=697959432 live=2843411
	csg_mem tag=forest_parse_begin pass=0 src=138 reserve=0 rss=697959432 live=2843426
	csg_mem tag=forest_parse_end pass=0 src=138 arena=86880 parse_ms=4 rss=697959432 live=2843535
	csg_mem tag=forest_parsed src=138 arena=86880 rss=697959432 live=2843535
	csg_mem tag=forest src=139 bytes=1697 rss=697959432 live=2843523
	csg_mem tag=forest_parse_begin pass=0 src=139 reserve=0 rss=697959432 live=2843538
	csg_mem tag=forest_parse_end pass=0 src=139 arena=57504 parse_ms=3 rss=697959432 live=2843638
	csg_mem tag=forest_parsed src=139 arena=57504 rss=697959432 live=2843638
	csg_mem tag=forest src=140 bytes=1202 rss=697959432 live=2843627
	csg_mem tag=forest_parse_begin pass=0 src=140 reserve=0 rss=697959432 live=2843642
	csg_mem tag=forest_parse_end pass=0 src=140 arena=52704 parse_ms=2 rss=697959432 live=2843722
	csg_mem tag=forest_parsed src=140 arena=52704 rss=697959432 live=2843722
	csg_mem tag=forest src=141 bytes=5427 rss=697959432 live=2843709
	csg_mem tag=forest_parse_begin pass=0 src=141 reserve=0 rss=697959432 live=2843728
	csg_mem tag=forest_parse_end pass=0 src=141 arena=286656 parse_ms=15 rss=698270728 live=2844142
	csg_mem tag=forest_parsed src=141 arena=286656 rss=698270728 live=2844142
	csg_mem tag=forest src=142 bytes=53259 rss=697975816 live=2844128
	csg_mem tag=forest_parse_begin pass=0 src=142 reserve=0 rss=697992200 live=2844153
	csg_mem tag=forest_parse_end pass=0 src=142 arena=2501696 parse_ms=153 rss=700498952 live=2853744
	csg_mem tag=forest_parsed src=142 arena=2501696 rss=700498952 live=2853744
	csg_mem tag=forest src=143 bytes=4821 rss=698008584 live=2853736
	csg_mem tag=forest_parse_begin pass=0 src=143 reserve=0 rss=698008584 live=2853755
	csg_mem tag=forest_parse_end pass=0 src=143 arena=276512 parse_ms=12 rss=698287112 live=2854034
	csg_mem tag=forest_parsed src=143 arena=276512 rss=698287112 live=2854034
	csg_mem tag=forest src=144 bytes=684 rss=698008584 live=2854022
	csg_mem tag=forest_parse_begin pass=0 src=144 reserve=0 rss=698008584 live=2854035
	csg_mem tag=forest_parse_end pass=0 src=144 arena=23264 parse_ms=1 rss=698024968 live=2854064
	csg_mem tag=forest_parsed src=144 arena=23264 rss=698024968 live=2854064
	csg_mem tag=forest src=145 bytes=706 rss=698024968 live=2854050
	csg_mem tag=forest_parse_begin pass=0 src=145 reserve=0 rss=698024968 live=2854063
	csg_mem tag=forest_parse_end pass=0 src=145 arena=23712 parse_ms=2 rss=698024968 live=2854115
	csg_mem tag=forest_parsed src=145 arena=23712 rss=698024968 live=2854115
	csg_mem tag=forest src=146 bytes=7097 rss=698024968 live=2854101
	csg_mem tag=forest_parse_begin pass=0 src=146 reserve=0 rss=698024968 live=2854120
	csg_mem tag=forest_parse_end pass=0 src=146 arena=392384 parse_ms=21 rss=698434568 live=2854520
	csg_mem tag=forest_parsed src=146 arena=392384 rss=698434568 live=2854520
	csg_mem tag=forest src=147 bytes=8518 rss=698041352 live=2854507
	csg_mem tag=forest_parse_begin pass=0 src=147 reserve=0 rss=698041352 live=2854526
	csg_mem tag=forest_parse_end pass=0 src=147 arena=486368 parse_ms=20 rss=698549256 live=2855065
	csg_mem tag=forest_parsed src=147 arena=486368 rss=698549256 live=2855065
	csg_mem tag=forest src=148 bytes=171411 rss=698057736 live=2855052
	csg_mem tag=forest_parse_begin pass=0 src=148 reserve=0 rss=698106888 live=2855079
	csg_mem tag=forest_parse_end pass=0 src=148 arena=8065696 parse_ms=318 rss=705676320 live=2873783
	csg_mem tag=forest_parsed src=148 arena=8065696 rss=705676320 live=2873783
	csg_mem tag=forest src=149 bytes=49447 rss=698106888 live=2873781
	csg_mem tag=forest_parse_begin pass=0 src=149 reserve=0 rss=698123272 live=2873806
	csg_mem tag=forest_parse_end pass=0 src=149 arena=2203968 parse_ms=858 rss=700384264 live=2876143
	csg_mem tag=forest_parsed src=149 arena=2203968 rss=700384264 live=2876143
	csg_mem tag=forest src=150 bytes=15928 rss=698172424 live=2876133
	csg_mem tag=forest_parse_begin pass=0 src=150 reserve=0 rss=698188808 live=2876154
	csg_mem tag=forest_parse_end pass=0 src=150 arena=759776 parse_ms=35 rss=698975240 live=2877102
	csg_mem tag=forest_parsed src=150 arena=759776 rss=698975240 live=2877102
	csg_mem tag=forest src=151 bytes=1861 rss=698205192 live=2877089
	csg_mem tag=forest_parse_begin pass=0 src=151 reserve=0 rss=698205192 live=2877104
	csg_mem tag=forest_parse_end pass=0 src=151 arena=86688 parse_ms=4 rss=698221576 live=2877233
	csg_mem tag=forest_parsed src=151 arena=86688 rss=698221576 live=2877233
	csg_mem tag=forest src=152 bytes=1128 rss=698221576 live=2877220
	csg_mem tag=forest_parse_begin pass=0 src=152 reserve=0 rss=698221576 live=2877233
	csg_mem tag=forest_parse_end pass=0 src=152 arena=66048 parse_ms=3 rss=698237960 live=2877331
	csg_mem tag=forest_parsed src=152 arena=66048 rss=698237960 live=2877331
	csg_mem tag=forest src=153 bytes=1513 rss=698237960 live=2877317
	csg_mem tag=forest_parse_begin pass=0 src=153 reserve=0 rss=698237960 live=2877332
	csg_mem tag=forest_parse_end pass=0 src=153 arena=54048 parse_ms=2 rss=698237960 live=2877471
	csg_mem tag=forest_parsed src=153 arena=54048 rss=698237960 live=2877471
	csg_mem tag=forest src=154 bytes=463934 rss=698237960 live=2877457
	csg_mem tag=forest_parse_begin pass=0 src=154 reserve=0 rss=698450952 live=2877488
	csg_mem tag=forest_parse_end pass=0 src=154 arena=18512992 parse_ms=2557 rss=717571128 live=2899481
	csg_mem tag=forest_parsed src=154 arena=18512992 rss=717571128 live=2899481
	csg_mem tag=forest src=155 bytes=13667 rss=698696712 live=2899484
	csg_mem tag=forest_parse_begin pass=0 src=155 reserve=0 rss=698696712 live=2899503
	csg_mem tag=forest_parse_end pass=0 src=155 arena=538080 parse_ms=34 rss=699253768 live=2900078
	csg_mem tag=forest_parsed src=155 arena=538080 rss=699253768 live=2900078
	csg_mem tag=forest src=156 bytes=38093 rss=698713096 live=2900064
	csg_mem tag=forest_parse_begin pass=0 src=156 reserve=0 rss=698762248 live=2900089
	csg_mem tag=forest_parse_end pass=0 src=156 arena=2014496 parse_ms=94 rss=700793864 live=2902238
	csg_mem tag=forest_parsed src=156 arena=2014496 rss=700793864 live=2902238
	csg_mem tag=forest src=157 bytes=11977 rss=698778632 live=2902225
	csg_mem tag=forest_parse_begin pass=0 src=157 reserve=0 rss=698795016 live=2902246
	csg_mem tag=forest_parse_end pass=0 src=157 arena=579104 parse_ms=28 rss=699384840 live=2902998
	csg_mem tag=forest_parsed src=157 arena=579104 rss=699384840 live=2902998
	csg_mem tag=forest src=158 bytes=2184453 rss=698795016 live=2902985
	csg_mem tag=forest_parse_begin pass=0 src=158 reserve=0 rss=767706168 live=2903020
	csg_mem tag=forest_parse_end pass=0 src=158 arena=73411680 parse_ms=3558 rss=845710488 live=3028252
	csg_mem tag=forest_parsed src=158 arena=73411680 rss=845710488 live=3028252
	csg_mem tag=forest src=159 bytes=10933 rss=770737208 live=3028332
	csg_mem tag=forest_parse_begin pass=0 src=159 reserve=0 rss=770769976 live=3028351
	csg_mem tag=forest_parse_end pass=0 src=159 arena=501088 parse_ms=13 rss=771310648 live=3028989
	csg_mem tag=forest_parsed src=159 arena=501088 rss=771310648 live=3028989
	csg_mem tag=forest src=160 bytes=1240 rss=770802744 live=3028978
	csg_mem tag=forest_parse_begin pass=0 src=160 reserve=0 rss=770802744 live=3028991
	csg_mem tag=forest_parse_end pass=0 src=160 arena=64000 parse_ms=2 rss=770802744 live=3029066
	csg_mem tag=forest_parsed src=160 arena=64000 rss=770802744 live=3029066
	csg_mem tag=forest src=161 bytes=9410 rss=770802744 live=3029052
	csg_mem tag=forest_parse_begin pass=0 src=161 reserve=0 rss=770819128 live=3029071
	csg_mem tag=forest_parse_end pass=0 src=161 arena=369024 parse_ms=11 rss=771228728 live=3029453
	csg_mem tag=forest_parsed src=161 arena=369024 rss=771228728 live=3029453
	csg_mem tag=forest src=162 bytes=68635 rss=770851896 live=3029440
	csg_mem tag=forest_parse_begin pass=0 src=162 reserve=0 rss=770982968 live=3029465
	csg_mem tag=forest_parse_end pass=0 src=162 arena=2996384 parse_ms=89 rss=774046776 live=3032721
	csg_mem tag=forest_parsed src=162 arena=2996384 rss=774046776 live=3032721
	csg_mem tag=forest src=163 bytes=50465 rss=771048504 live=3032709
	csg_mem tag=forest_parse_begin pass=0 src=163 reserve=0 rss=771081272 live=3032734
	csg_mem tag=forest_parse_end pass=0 src=163 arena=2227648 parse_ms=65 rss=773473336 live=3035811
	csg_mem tag=forest_parsed src=163 arena=2227648 rss=773473336 live=3035811
	csg_mem tag=forest src=164 bytes=17907 rss=771245112 live=3035801
	csg_mem tag=forest_parse_begin pass=0 src=164 reserve=0 rss=771261496 live=3035822
	csg_mem tag=forest_parse_end pass=0 src=164 arena=742784 parse_ms=25 rss=772179000 live=3036894
	csg_mem tag=forest_parsed src=164 arena=742784 rss=772179000 live=3036894
	csg_mem tag=forest src=165 bytes=5027 rss=771425336 live=3036881
	csg_mem tag=forest_parse_begin pass=0 src=165 reserve=0 rss=771425336 live=3036898
	csg_mem tag=forest_parse_end pass=0 src=165 arena=255104 parse_ms=7 rss=771851320 live=3037200
	csg_mem tag=forest_parsed src=165 arena=255104 rss=771851320 live=3037200
	csg_mem tag=forest src=166 bytes=660119 rss=771589176 live=3037186
	csg_mem tag=forest_parse_begin pass=0 src=166 reserve=0 rss=771933240 live=3037217
	csg_mem tag=forest_parse_end pass=0 src=166 arena=31122080 parse_ms=983 rss=801342568 live=3080192
	csg_mem tag=forest_parsed src=166 arena=31122080 rss=801342568 live=3080192
	csg_mem tag=forest src=167 bytes=20497 rss=772129848 live=3080192
	csg_mem tag=forest_parse_begin pass=0 src=167 reserve=0 rss=772146232 live=3080213
	csg_mem tag=forest_parse_end pass=0 src=167 arena=970752 parse_ms=25 rss=773129272 live=3081318
	csg_mem tag=forest_parsed src=167 arena=970752 rss=773129272 live=3081318
	csg_mem tag=forest src=168 bytes=40593 rss=772146232 live=3081309
	csg_mem tag=forest_parse_begin pass=0 src=168 reserve=0 rss=772146232 live=3081334
	csg_mem tag=forest_parse_end pass=0 src=168 arena=2318432 parse_ms=78 rss=774489144 live=3083583
	csg_mem tag=forest_parsed src=168 arena=2318432 rss=774489144 live=3083583
	csg_mem tag=forest src=169 bytes=46446 rss=772162616 live=3083572
	csg_mem tag=forest_parse_begin pass=0 src=169 reserve=0 rss=772162616 live=3083595
	csg_mem tag=forest_parse_end pass=0 src=169 arena=1915136 parse_ms=66 rss=774079544 live=3085701
	csg_mem tag=forest_parsed src=169 arena=1915136 rss=774079544 live=3085701
	csg_mem tag=forest src=170 bytes=1303220 rss=772162616 live=3085689
	csg_mem tag=forest_parse_begin pass=0 src=170 reserve=0 rss=773080120 live=3085722
	csg_mem tag=forest_parse_end pass=0 src=170 arena=62341184 parse_ms=2294 rss=830686336 live=3152178
	csg_mem tag=forest_parsed src=170 arena=62341184 rss=830686336 live=3152178
	csg_mem tag=forest src=171 bytes=251029 rss=773588024 live=3152176
	csg_mem tag=forest_parse_begin pass=0 src=171 reserve=0 rss=773637176 live=3152205
	csg_mem tag=forest_parse_end pass=0 src=171 arena=8745120 parse_ms=425 rss=782894160 live=3165101
	csg_mem tag=forest_parsed src=171 arena=8745120 rss=782894160 live=3165101
	csg_mem tag=forest src=172 bytes=16374 rss=774128696 live=3165099
	csg_mem tag=forest_parse_begin pass=0 src=172 reserve=0 rss=774145080 live=3165120
	csg_mem tag=forest_parse_end pass=0 src=172 arena=601984 parse_ms=28 rss=774800440 live=3166053
	csg_mem tag=forest_parsed src=172 arena=601984 rss=774800440 live=3166053
	csg_mem tag=forest src=173 bytes=25800 rss=774194232 live=3166040
	csg_mem tag=forest_parse_begin pass=0 src=173 reserve=0 rss=774227000 live=3166063
	csg_mem tag=forest_parse_end pass=0 src=173 arena=1098720 parse_ms=50 rss=775390264 live=3167257
	csg_mem tag=forest_parsed src=173 arena=1098720 rss=775390264 live=3167257
	csg_mem tag=forest src=174 bytes=148845 rss=774276152 live=3167245
	csg_mem tag=forest_parse_begin pass=0 src=174 reserve=0 rss=774620216 live=3167272
	csg_mem tag=forest_parse_end pass=0 src=174 arena=8091232 parse_ms=291 rss=782435408 live=3174582
	csg_mem tag=forest_parsed src=174 arena=8091232 rss=782435408 live=3174582
	csg_mem tag=forest src=175 bytes=67128 rss=774833208 live=3174578
	csg_mem tag=forest_parse_begin pass=0 src=175 reserve=0 rss=774964280 live=3174603
	csg_mem tag=forest_parse_end pass=0 src=175 arena=3947680 parse_ms=112 rss=779387984 live=3177953
	csg_mem tag=forest_parsed src=175 arena=3947680 rss=779387984 live=3177953
	csg_mem tag=forest src=176 bytes=78825 rss=775423032 live=3177941
	csg_mem tag=forest_parse_begin pass=0 src=176 reserve=0 rss=775570488 live=3177966
	csg_mem tag=forest_parse_end pass=0 src=176 arena=3980928 parse_ms=135 rss=780092496 live=3181803
	csg_mem tag=forest_parsed src=176 arena=3980928 rss=780092496 live=3181803
	csg_mem tag=forest src=177 bytes=21900 rss=776094776 live=3181794
	csg_mem tag=forest_parse_begin pass=0 src=177 reserve=0 rss=776127544 live=3181817
	csg_mem tag=forest_parse_end pass=0 src=177 arena=1123968 parse_ms=45 rss=777339960 live=3183008
	csg_mem tag=forest_parsed src=177 arena=1123968 rss=777339960 live=3183008
	csg_mem tag=forest src=178 bytes=23417 rss=776209464 live=3182996
	csg_mem tag=forest_parse_begin pass=0 src=178 reserve=0 rss=776242232 live=3183019
	csg_mem tag=forest_parse_end pass=0 src=178 arena=1161856 parse_ms=63 rss=777503800 live=3184625
	csg_mem tag=forest_parsed src=178 arena=1161856 rss=777503800 live=3184625
	csg_mem tag=forest src=179 bytes=22043 rss=776340536 live=3184613
	csg_mem tag=forest_parse_begin pass=0 src=179 reserve=0 rss=776373304 live=3184636
	csg_mem tag=forest_parse_end pass=0 src=179 arena=1141856 parse_ms=57 rss=777552952 live=3185917
	csg_mem tag=forest_parsed src=179 arena=1141856 rss=777552952 live=3185917
	csg_mem tag=forest src=180 bytes=47225 rss=776406072 live=3185904
	csg_mem tag=forest_parse_begin pass=0 src=180 reserve=0 rss=776471608 live=3185929
	csg_mem tag=forest_parse_end pass=0 src=180 arena=2339200 parse_ms=129 rss=778863672 live=3189176
	csg_mem tag=forest_parsed src=180 arena=2339200 rss=778863672 live=3189176
	csg_mem tag=forest src=181 bytes=30262 rss=776520760 live=3189165
	csg_mem tag=forest_parse_begin pass=0 src=181 reserve=0 rss=776553528 live=3189188
	csg_mem tag=forest_parse_end pass=0 src=181 arena=1158624 parse_ms=52 rss=777749560 live=3190979
	csg_mem tag=forest_parsed src=181 arena=1158624 rss=777749560 live=3190979
	csg_mem tag=forest src=182 bytes=48950 rss=776586296 live=3190970
	csg_mem tag=forest_parse_begin pass=0 src=182 reserve=0 rss=776635448 live=3190995
	csg_mem tag=forest_parse_end pass=0 src=182 arena=3265760 parse_ms=112 rss=780043320 live=3194309
	csg_mem tag=forest_parsed src=182 arena=3265760 rss=780043320 live=3194309
	csg_mem tag=forest src=183 bytes=1838 rss=776766520 live=3194299
	csg_mem tag=forest_parse_begin pass=0 src=183 reserve=0 rss=776766520 live=3194314
	csg_mem tag=forest_parse_end pass=0 src=183 arena=134464 parse_ms=4 rss=776979512 live=3194460
	csg_mem tag=forest_parsed src=183 arena=134464 rss=776979512 live=3194460
	csg_mem tag=forest src=184 bytes=77801 rss=776832056 live=3194446
	csg_mem tag=forest_parse_begin pass=0 src=184 reserve=0 rss=776946744 live=3194471
	csg_mem tag=forest_parse_end pass=0 src=184 arena=4007232 parse_ms=129 rss=781075536 live=3199194
	csg_mem tag=forest_parsed src=184 arena=4007232 rss=781075536 live=3199194
	csg_mem tag=forest src=185 bytes=48122 rss=777045048 live=3199188
	csg_mem tag=forest_parse_begin pass=0 src=185 reserve=0 rss=777176120 live=3199213
	csg_mem tag=forest_parse_end pass=0 src=185 arena=2178528 parse_ms=78 rss=779404344 live=3202367
	csg_mem tag=forest_parsed src=185 arena=2178528 rss=779404344 live=3202367
	csg_mem tag=forest src=186 bytes=184731 rss=777225272 live=3202356
	csg_mem tag=forest_parse_begin pass=0 src=186 reserve=0 rss=777307192 live=3202383
	csg_mem tag=forest_parse_end pass=0 src=186 arena=8187936 parse_ms=361 rss=785695824 live=3213099
	csg_mem tag=forest_parsed src=186 arena=8187936 rss=785695824 live=3213099
	csg_mem tag=forest src=187 bytes=149931 rss=777487416 live=3213098
	csg_mem tag=forest_parse_begin pass=0 src=187 reserve=0 rss=777536568 live=3213125
	csg_mem tag=forest_parse_end pass=0 src=187 arena=7709984 parse_ms=232 rss=785302608 live=3220371
	csg_mem tag=forest_parsed src=187 arena=7709984 rss=785302608 live=3220371
	csg_mem tag=forest src=188 bytes=57852 rss=777569336 live=3220364
	csg_mem tag=forest_parse_begin pass=0 src=188 reserve=0 rss=777585720 live=3220389
	csg_mem tag=forest_parse_end pass=0 src=188 arena=3874400 parse_ms=121 rss=781485136 live=3224105
	csg_mem tag=forest_parsed src=188 arena=3874400 rss=781485136 live=3224105
	csg_mem tag=forest src=189 bytes=34561 rss=777602104 live=3224094
	csg_mem tag=forest_parse_begin pass=0 src=189 reserve=0 rss=777602104 live=3224117
	csg_mem tag=forest_parse_end pass=0 src=189 arena=1181056 parse_ms=61 rss=778781752 live=3226014
	csg_mem tag=forest_parsed src=189 arena=1181056 rss=778781752 live=3226014
	csg_mem tag=forest src=190 bytes=10968 rss=777602104 live=3226002
	csg_mem tag=forest_parse_begin pass=0 src=190 reserve=0 rss=777602104 live=3226021
	csg_mem tag=forest_parse_end pass=0 src=190 arena=299616 parse_ms=14 rss=777913400 live=3226401
	csg_mem tag=forest_parsed src=190 arena=299616 rss=777913400 live=3226401
	csg_mem tag=forest src=191 bytes=8297 rss=777602104 live=3226387
	csg_mem tag=forest_parse_begin pass=0 src=191 reserve=0 rss=777602104 live=3226406
	csg_mem tag=forest_parse_end pass=0 src=191 arena=265824 parse_ms=10 rss=777880632 live=3226658
	csg_mem tag=forest_parsed src=191 arena=265824 rss=777880632 live=3226658
	csg_mem tag=forest src=192 bytes=15897 rss=777602104 live=3226644
	csg_mem tag=forest_parse_begin pass=0 src=192 reserve=0 rss=777602104 live=3226665
	csg_mem tag=forest_parse_end pass=0 src=192 arena=778688 parse_ms=32 rss=778388536 live=3227438
	csg_mem tag=forest_parsed src=192 arena=778688 rss=778388536 live=3227438
	csg_mem tag=forest src=193 bytes=4281 rss=777602104 live=3227428
	csg_mem tag=forest_parse_begin pass=0 src=193 reserve=0 rss=777602104 live=3227445
	csg_mem tag=forest_parse_end pass=0 src=193 arena=140192 parse_ms=6 rss=777749560 live=3227620
	csg_mem tag=forest_parsed src=193 arena=140192 rss=777749560 live=3227620
	csg_mem tag=forest src=194 bytes=16679 rss=777602104 live=3227608
	csg_mem tag=forest_parse_begin pass=0 src=194 reserve=0 rss=777618488 live=3227629
	csg_mem tag=forest_parse_end pass=0 src=194 arena=730336 parse_ms=26 rss=778355768 live=3228627
	csg_mem tag=forest_parsed src=194 arena=730336 rss=778355768 live=3228627
	csg_mem tag=forest src=195 bytes=22255 rss=777618488 live=3228613
	csg_mem tag=forest_parse_begin pass=0 src=195 reserve=0 rss=777618488 live=3228636
	csg_mem tag=forest_parse_end pass=0 src=195 arena=1077184 parse_ms=40 rss=778716216 live=3229859
	csg_mem tag=forest_parsed src=195 arena=1077184 rss=778716216 live=3229859
	csg_mem tag=forest src=196 bytes=11418 rss=777634872 live=3229847
	csg_mem tag=forest_parse_begin pass=0 src=196 reserve=0 rss=777634872 live=3229868
	csg_mem tag=forest_parse_end pass=0 src=196 arena=562144 parse_ms=25 rss=778224696 live=3230543
	csg_mem tag=forest_parsed src=196 arena=562144 rss=778224696 live=3230543
	csg_mem tag=forest src=197 bytes=55565 rss=777651256 live=3230530
	csg_mem tag=forest_parse_begin pass=0 src=197 reserve=0 rss=777700408 live=3230555
	csg_mem tag=forest_parse_end pass=0 src=197 arena=2286496 parse_ms=118 rss=780010552 live=3233519
	csg_mem tag=forest_parsed src=197 arena=2286496 rss=780010552 live=3233519
	csg_mem tag=forest src=198 bytes=12852 rss=777716792 live=3233508
	csg_mem tag=forest_parse_begin pass=0 src=198 reserve=0 rss=777716792 live=3233529
	csg_mem tag=forest_parse_end pass=0 src=198 arena=551392 parse_ms=25 rss=778290232 live=3234324
	csg_mem tag=forest_parsed src=198 arena=551392 rss=778290232 live=3234324
	csg_mem tag=forest src=199 bytes=16279 rss=777733176 live=3234310
	csg_mem tag=forest_parse_begin pass=0 src=199 reserve=0 rss=777733176 live=3234331
	csg_mem tag=forest_parse_end pass=0 src=199 arena=725472 parse_ms=28 rss=778486840 live=3235224
	csg_mem tag=forest_parsed src=199 arena=725472 rss=778486840 live=3235224
	csg_mem tag=forest src=200 bytes=13988 rss=777749560 live=3235211
	csg_mem tag=forest_parse_begin pass=0 src=200 reserve=0 rss=777782328 live=3235232
	csg_mem tag=forest_parse_end pass=0 src=200 arena=556256 parse_ms=29 rss=778372152 live=3236074
	csg_mem tag=forest_parsed src=200 arena=556256 rss=778372152 live=3236074
	csg_mem tag=forest src=201 bytes=16582 rss=777815096 live=3236060
	csg_mem tag=forest_parse_begin pass=0 src=201 reserve=0 rss=777815096 live=3236081
	csg_mem tag=forest_parse_end pass=0 src=201 arena=980576 parse_ms=31 rss=778847288 live=3236850
	csg_mem tag=forest_parsed src=201 arena=980576 rss=778847288 live=3236850
	csg_mem tag=forest src=202 bytes=13467 rss=777864248 live=3236837
	csg_mem tag=forest_parse_begin pass=0 src=202 reserve=0 rss=777864248 live=3236858
	csg_mem tag=forest_parse_end pass=0 src=202 arena=556256 parse_ms=23 rss=778437688 live=3237608
	csg_mem tag=forest_parsed src=202 arena=556256 rss=778437688 live=3237608
	csg_mem tag=forest src=203 bytes=9353 rss=777880632 live=3237594
	csg_mem tag=forest_parse_begin pass=0 src=203 reserve=0 rss=777897016 live=3237613
	csg_mem tag=forest_parse_end pass=0 src=203 arena=486272 parse_ms=16 rss=778437688 live=3238139
	csg_mem tag=forest_parsed src=203 arena=486272 rss=778437688 live=3238139
	csg_mem tag=forest src=204 bytes=1551 rss=777946168 live=3238125
	csg_mem tag=forest_parse_begin pass=0 src=204 reserve=0 rss=777946168 live=3238142
	csg_mem tag=forest_parse_end pass=0 src=204 arena=116288 parse_ms=4 rss=777946168 live=3238236
	csg_mem tag=forest_parsed src=204 arena=116288 rss=777946168 live=3238236
	csg_mem tag=forest src=205 bytes=5930 rss=777946168 live=3238223
	csg_mem tag=forest_parse_begin pass=0 src=205 reserve=0 rss=777946168 live=3238242
	csg_mem tag=forest_parse_end pass=0 src=205 arena=244416 parse_ms=11 rss=778208312 live=3238587
	csg_mem tag=forest_parsed src=205 arena=244416 rss=778208312 live=3238587
	csg_mem tag=forest src=206 bytes=7319 rss=777962552 live=3238574
	csg_mem tag=forest_parse_begin pass=0 src=206 reserve=0 rss=778011704 live=3238595
	csg_mem tag=forest_parse_end pass=0 src=206 arena=621280 parse_ms=27 rss=778667064 live=3239262
	csg_mem tag=forest_parsed src=206 arena=621280 rss=778667064 live=3239262
	csg_mem tag=forest src=207 bytes=14020 rss=778044472 live=3239250
	csg_mem tag=forest_parse_begin pass=0 src=207 reserve=0 rss=778044472 live=3239271
	csg_mem tag=forest_parse_end pass=0 src=207 arena=1135904 parse_ms=47 rss=779207736 live=3240403
	csg_mem tag=forest_parsed src=207 arena=1135904 rss=779207736 live=3240403
	csg_mem tag=forest src=208 bytes=13488 rss=778060856 live=3240394
	csg_mem tag=forest_parse_begin pass=0 src=208 reserve=0 rss=778077240 live=3240415
	csg_mem tag=forest_parse_end pass=0 src=208 arena=904928 parse_ms=42 rss=779142200 live=3241347
	csg_mem tag=forest_parsed src=208 arena=904928 rss=779142200 live=3241347
	csg_mem tag=forest src=209 bytes=20084 rss=778224696 live=3241333
	csg_mem tag=forest_parse_begin pass=0 src=209 reserve=0 rss=778273848 live=3241356
	csg_mem tag=forest_parse_end pass=0 src=209 arena=2075136 parse_ms=67 rss=780436536 live=3244129
	csg_mem tag=forest_parsed src=209 arena=2075136 rss=780436536 live=3244129
	csg_mem tag=forest src=210 bytes=1023 rss=778355768 live=3244119
	csg_mem tag=forest_parse_begin pass=0 src=210 reserve=0 rss=778355768 live=3244132
	csg_mem tag=forest_parse_end pass=0 src=210 arena=52704 parse_ms=2 rss=778355768 live=3244228
	csg_mem tag=forest_parsed src=210 arena=52704 rss=778355768 live=3244228
	csg_mem tag=forest src=211 bytes=5533 rss=778355768 live=3244214
	csg_mem tag=forest_parse_begin pass=0 src=211 reserve=0 rss=778372152 live=3244233
	csg_mem tag=forest_parse_end pass=0 src=211 arena=431616 parse_ms=15 rss=778994744 live=3244633
	csg_mem tag=forest_parsed src=211 arena=431616 rss=778994744 live=3244633
	csg_mem tag=forest src=212 bytes=33495 rss=778552376 live=3244620
	csg_mem tag=forest_parse_begin pass=0 src=212 reserve=0 rss=778568760 live=3244643
	csg_mem tag=forest_parse_end pass=0 src=212 arena=2308384 parse_ms=108 rss=781108280 live=3247455
	csg_mem tag=forest_parsed src=212 arena=2308384 rss=781108280 live=3247455
	csg_mem tag=forest src=213 bytes=13512 rss=778798136 live=3247443
	csg_mem tag=forest_parse_begin pass=0 src=213 reserve=0 rss=778847288 live=3247464
	csg_mem tag=forest_parse_end pass=0 src=213 arena=1011200 parse_ms=41 rss=779928632 live=3248620
	csg_mem tag=forest_parsed src=213 arena=1011200 rss=779928632 live=3248620
	csg_mem tag=forest src=214 bytes=6401 rss=778912824 live=3248606
	csg_mem tag=forest_parse_begin pass=0 src=214 reserve=0 rss=778929208 live=3248627
	csg_mem tag=forest_parse_end pass=0 src=214 arena=482464 parse_ms=17 rss=779437112 live=3249053
	csg_mem tag=forest_parsed src=214 arena=482464 rss=779437112 live=3249053
	csg_mem tag=forest src=215 bytes=50615 rss=778945592 live=3249040
	csg_mem tag=forest_parse_begin pass=0 src=215 reserve=0 rss=779043896 live=3249065
	csg_mem tag=forest_parse_end pass=0 src=215 arena=3387296 parse_ms=143 rss=782582840 live=3252838
	csg_mem tag=forest_parsed src=215 arena=3387296 rss=782582840 live=3252838
	csg_mem tag=forest src=216 bytes=1052 rss=779191352 live=3252834
	csg_mem tag=forest_parse_begin pass=0 src=216 reserve=0 rss=779191352 live=3252849
	csg_mem tag=forest_parse_end pass=0 src=216 arena=57632 parse_ms=3 rss=779207736 live=3252913
	csg_mem tag=forest_parsed src=216 arena=57632 rss=779207736 live=3252913
	csg_mem tag=forest src=217 bytes=42707 rss=779207736 live=3252900
	csg_mem tag=forest_parse_begin pass=0 src=217 reserve=0 rss=779256888 live=3252925
	csg_mem tag=forest_parse_end pass=0 src=217 arena=3378816 parse_ms=115 rss=782828600 live=3256025
	csg_mem tag=forest_parsed src=217 arena=3378816 rss=782828600 live=3256025
	csg_mem tag=forest src=218 bytes=961 rss=779437112 live=3256018
	csg_mem tag=forest_parse_begin pass=0 src=218 reserve=0 rss=779437112 live=3256033
	csg_mem tag=forest_parse_end pass=0 src=218 arena=48704 parse_ms=2 rss=779453496 live=3256080
	csg_mem tag=forest_parsed src=218 arena=48704 rss=779453496 live=3256080
	csg_mem tag=forest src=219 bytes=142651 rss=779453496 live=3256068
	csg_mem tag=forest_parse_begin pass=0 src=219 reserve=0 rss=779584568 live=3256097
	csg_mem tag=forest_parse_end pass=0 src=219 arena=7740960 parse_ms=342 rss=787481680 live=3266543
	csg_mem tag=forest_parsed src=219 arena=7740960 rss=787481680 live=3266543
	csg_mem tag=forest src=220 bytes=37592 rss=779764792 live=3266558
	csg_mem tag=forest_parse_begin pass=0 src=220 reserve=0 rss=779764792 live=3266581
	csg_mem tag=forest_parse_end pass=0 src=220 arena=1904480 parse_ms=74 rss=781747256 live=3268606
	csg_mem tag=forest_parsed src=220 arena=1904480 rss=781747256 live=3268606
	csg_mem tag=forest src=221 bytes=4151 rss=779830328 live=3268592
	csg_mem tag=forest_parse_begin pass=0 src=221 reserve=0 rss=779830328 live=3268611
	csg_mem tag=forest_parse_end pass=0 src=221 arena=322112 parse_ms=15 rss=780190776 live=3269021
	csg_mem tag=forest_parsed src=221 arena=322112 rss=780190776 live=3269021
	csg_mem tag=forest src=222 bytes=7309 rss=779863096 live=3269008
	csg_mem tag=forest_parse_begin pass=0 src=222 reserve=0 rss=779879480 live=3269029
	csg_mem tag=forest_parse_end pass=0 src=222 arena=582336 parse_ms=23 rss=780485688 live=3269631
	csg_mem tag=forest_parsed src=222 arena=582336 rss=780485688 live=3269631
	csg_mem tag=forest src=223 bytes=10874 rss=779895864 live=3269617
	csg_mem tag=forest_parse_begin pass=0 src=223 reserve=0 rss=779912248 live=3269638
	csg_mem tag=forest_parse_end pass=0 src=223 arena=844128 parse_ms=32 rss=780780600 live=3270539
	csg_mem tag=forest_parsed src=223 arena=844128 rss=780780600 live=3270539
	csg_mem tag=forest src=224 bytes=2184 rss=779928632 live=3270528
	csg_mem tag=forest_parse_begin pass=0 src=224 reserve=0 rss=779928632 live=3270545
	csg_mem tag=forest_parse_end pass=0 src=224 arena=199136 parse_ms=8 rss=780174392 live=3270673
	csg_mem tag=forest_parsed src=224 arena=199136 rss=780174392 live=3270673
	csg_mem tag=forest src=225 bytes=2730 rss=779961400 live=3270659
	csg_mem tag=forest_parse_begin pass=0 src=225 reserve=0 rss=779961400 live=3270676
	csg_mem tag=forest_parse_end pass=0 src=225 arena=220992 parse_ms=9 rss=780239928 live=3270841
	csg_mem tag=forest_parsed src=225 arena=220992 rss=780239928 live=3270841
	csg_mem tag=forest src=226 bytes=13214 rss=780010552 live=3270829
	csg_mem tag=forest_parse_begin pass=0 src=226 reserve=0 rss=780010552 live=3270850
	csg_mem tag=forest_parse_end pass=0 src=226 arena=956544 parse_ms=36 rss=781009976 live=3271860
	csg_mem tag=forest_parsed src=226 arena=956544 rss=781009976 live=3271860
	csg_mem tag=forest src=227 bytes=170 rss=780043320 live=3271848
	csg_mem tag=forest_parse_begin pass=0 src=227 reserve=0 rss=780043320 live=3271859
	csg_mem tag=forest_parse_end pass=0 src=227 arena=10176 parse_ms=0 rss=780043320 live=3271880
	csg_mem tag=forest_parsed src=227 arena=10176 rss=780043320 live=3271880
	csg_mem tag=forest src=228 bytes=13660 rss=780059704 live=3271866
	csg_mem tag=forest_parse_begin pass=0 src=228 reserve=0 rss=780092472 live=3271889
	csg_mem tag=forest_parse_end pass=0 src=228 arena=1243744 parse_ms=45 rss=781386808 live=3272954
	csg_mem tag=forest_parsed src=228 arena=1243744 rss=781386808 live=3272954
	csg_mem tag=forest src=229 bytes=13065 rss=780141624 live=3272940
	csg_mem tag=forest_parse_begin pass=0 src=229 reserve=0 rss=780141624 live=3272961
	csg_mem tag=forest_parse_end pass=0 src=229 arena=1160288 parse_ms=42 rss=781354040 live=3274057
	csg_mem tag=forest_parsed src=229 arena=1160288 rss=781354040 live=3274057
	csg_mem tag=forest src=230 bytes=103363 rss=780190776 live=3274044
	csg_mem tag=forest_parse_begin pass=0 src=230 reserve=0 rss=780305464 live=3274071
	csg_mem tag=forest_parse_end pass=0 src=230 arena=5081696 parse_ms=224 rss=785433680 live=3282297
	csg_mem tag=forest_parsed src=230 arena=5081696 rss=785433680 live=3282297
	csg_mem tag=forest src=231 bytes=5655 rss=780354616 live=3282308
	csg_mem tag=forest_parse_begin pass=0 src=231 reserve=0 rss=780354616 live=3282327
	csg_mem tag=forest_parse_end pass=0 src=231 arena=473504 parse_ms=20 rss=780862520 live=3282942
	csg_mem tag=forest_parsed src=231 arena=473504 rss=780862520 live=3282942
	csg_mem tag=forest src=232 bytes=8447 rss=780387384 live=3282930
	csg_mem tag=forest_parse_begin pass=0 src=232 reserve=0 rss=780387384 live=3282951
	csg_mem tag=forest_parse_end pass=0 src=232 arena=448320 parse_ms=16 rss=780993592 live=3283418
	csg_mem tag=forest_parsed src=232 arena=448320 rss=780993592 live=3283418
	csg_mem tag=forest src=233 bytes=2526 rss=780534840 live=3283409
	csg_mem tag=forest_parse_begin pass=0 src=233 reserve=0 rss=780534840 live=3283426
	csg_mem tag=forest_parse_end pass=0 src=233 arena=117280 parse_ms=4 rss=780682296 live=3283497
	csg_mem tag=forest_parsed src=233 arena=117280 rss=780682296 live=3283497
	csg_mem tag=ta_limits tokens=3631948 type_syntax=158351 type_syntax_children=58789 enum_variants=975 declaration_symbols=1315 functions=17460 bracket_args=1277 generic_symbols=111 generic_symbol_children=0 column_rows=17859519 column_bytes=71438076 rss=780682296 live=3283482
	csg_mem tag=forest_build_done rss=780682296 live=3283482
	csg_mem tag=decl_index entries=1315 sources=234 type_syntax=158351 declarations=156076 verified=0 rss=780682296 live=3283482
	csg_mem tag=ta_limits tokens=3631948 type_syntax=158351 type_syntax_children=58789 enum_variants=975 declaration_symbols=1315 functions=17460 bracket_args=1277 generic_symbols=111 generic_symbol_children=0 column_rows=17859519 column_bytes=71438076 rss=780682296 live=3283533
	csg_mem tag=p1_arena_reserved rss=820495488 live=3283825
	csg_mem tag=p1_ctx_index_built rss=848512176 live=3597343
	csg_mem tag=forest src=0 bytes=7371 rss=848512176 live=3597345
	csg_mem tag=forest_parse_begin pass=1 src=0 reserve=332992 rss=848512176 live=3597371
	csg_mem tag=forest_appended src=0 forest_arena=86204776 rss=855655624 live=3598886
	csg_mem tag=ta_stream src=0 arena=86204776 rss=855655624 live=3598886
	csg_mem tag=forest src=1 bytes=9952 rss=855655624 live=3598880
	csg_mem tag=forest_parse_begin pass=1 src=1 reserve=590400 rss=855672008 live=3598908
	csg_mem tag=forest_appended src=1 forest_arena=86209896 rss=872334536 live=3601347
	csg_mem tag=ta_stream src=1 arena=86209896 rss=872334536 live=3601347
	csg_mem tag=forest src=2 bytes=817253 rss=872334536 live=3601341
	csg_mem tag=forest_parse_begin pass=1 src=2 reserve=33687488 rss=875889864 live=3601381
	csg_mem tag=forest_appended src=2 forest_arena=86347208 rss=945505552 live=3663594
	csg_mem tag=ta_stream src=2 arena=86347208 rss=945505552 live=3663594
	csg_mem tag=forest src=3 bytes=94454 rss=945505552 live=3663588
	csg_mem tag=forest_parse_begin pass=1 src=3 reserve=2989344 rss=945685776 live=3663620
	csg_mem tag=forest_appended src=3 forest_arena=86347208 rss=948946192 live=3670746
	csg_mem tag=ta_stream src=3 arena=86347208 rss=948946192 live=3670746
	csg_mem tag=forest src=4 bytes=59923 rss=948946192 live=3670740
	csg_mem tag=forest_parse_begin pass=1 src=4 reserve=2154880 rss=949142800 live=3670772
	csg_mem tag=forest_appended src=4 forest_arena=86347208 rss=949847312 live=3674039
	csg_mem tag=ta_stream src=4 arena=86347208 rss=949847312 live=3674039
	csg_mem tag=forest src=5 bytes=136411 rss=949847312 live=3674033
	csg_mem tag=forest_parse_begin pass=1 src=5 reserve=4724416 rss=950191376 live=3674067
	csg_mem tag=forest_appended src=5 forest_arena=86347208 rss=954451216 live=3686047
	csg_mem tag=ta_stream src=5 arena=86347208 rss=954451216 live=3686047
	csg_mem tag=forest src=6 bytes=164754 rss=954451216 live=3686041
	csg_mem tag=forest_parse_begin pass=1 src=6 reserve=7853632 rss=954795280 live=3686075
	csg_mem tag=forest_appended src=6 forest_arena=86363592 rss=956548368 live=3697642
	csg_mem tag=ta_stream src=6 arena=86363592 rss=956548368 live=3697642
	csg_mem tag=forest src=7 bytes=126542 rss=956548368 live=3697636
	csg_mem tag=forest_parse_begin pass=1 src=7 reserve=4609888 rss=956663056 live=3697670
	csg_mem tag=forest_appended src=7 forest_arena=86363592 rss=961365264 live=3708610
	csg_mem tag=ta_stream src=7 arena=86363592 rss=961365264 live=3708610
	csg_mem tag=forest src=8 bytes=108814 rss=961365264 live=3708604
	csg_mem tag=forest_parse_begin pass=1 src=8 reserve=4430240 rss=961447184 live=3708638
	csg_mem tag=forest_appended src=8 forest_arena=86363592 rss=966198544 live=3718622
	csg_mem tag=ta_stream src=8 arena=86363592 rss=966198544 live=3718622
	csg_mem tag=forest src=9 bytes=97046 rss=966198544 live=3718616
	csg_mem tag=forest_parse_begin pass=1 src=9 reserve=4022880 rss=966198544 live=3718648
	csg_mem tag=forest_appended src=9 forest_arena=86363592 rss=967034128 live=3724750
	csg_mem tag=ta_stream src=9 arena=86363592 rss=967034128 live=3724750
	csg_mem tag=forest src=10 bytes=263042 rss=967034128 live=3724744
	csg_mem tag=forest_parse_begin pass=1 src=10 reserve=9374496 rss=967460112 live=3724780
	csg_mem tag=forest_appended src=10 forest_arena=86495624 rss=1031030080 live=3748830
	csg_mem tag=ta_stream src=10 arena=86495624 rss=1031030080 live=3748830
	csg_mem tag=forest src=11 bytes=30477 rss=1031030080 live=3748824
	csg_mem tag=forest_parse_begin pass=1 src=11 reserve=2329120 rss=1031112000 live=3748854
	csg_mem tag=forest_appended src=11 forest_arena=86495624 rss=1031800128 live=3755817
	csg_mem tag=ta_stream src=11 arena=86495624 rss=1031800128 live=3755817
	csg_mem tag=forest src=12 bytes=17051 rss=1031800128 live=3755811
	csg_mem tag=forest_parse_begin pass=1 src=12 reserve=844704 rss=1031816512 live=3755839
	csg_mem tag=forest_appended src=12 forest_arena=86495624 rss=1031865664 live=3757119
	csg_mem tag=ta_stream src=12 arena=86495624 rss=1031865664 live=3757119
	csg_mem tag=forest src=13 bytes=11252 rss=1031865664 live=3757113
	csg_mem tag=forest_parse_begin pass=1 src=13 reserve=640256 rss=1031865664 live=3757139
	csg_mem tag=forest_appended src=13 forest_arena=86495624 rss=1032586560 live=3760010
	csg_mem tag=ta_stream src=13 arena=86495624 rss=1032586560 live=3760010
	csg_mem tag=forest src=14 bytes=520230 rss=1032586560 live=3760004
	csg_mem tag=forest_parse_begin pass=1 src=14 reserve=42706688 rss=1033340224 live=3760042
	csg_mem tag=forest_appended src=14 forest_arena=86495624 rss=1036240192 live=3800830
	csg_mem tag=ta_stream src=14 arena=86495624 rss=1036240192 live=3800830
	csg_mem tag=forest src=15 bytes=1170 rss=1036240192 live=3800824
	csg_mem tag=forest_parse_begin pass=1 src=15 reserve=86080 rss=1036240192 live=3800844
	csg_mem tag=forest_appended src=15 forest_arena=86495624 rss=1036256576 live=3800949
	csg_mem tag=ta_stream src=15 arena=86495624 rss=1036256576 live=3800949
	csg_mem tag=forest src=16 bytes=99478 rss=1036256576 live=3800943
	csg_mem tag=forest_parse_begin pass=1 src=16 reserve=3501280 rss=1036289344 live=3800975
	csg_mem tag=forest_appended src=16 forest_arena=86495624 rss=1080837464 live=3815905
	csg_mem tag=ta_stream src=16 arena=86495624 rss=1080837464 live=3815905
	csg_mem tag=forest src=17 bytes=1232 rss=1080837464 live=3815899
	csg_mem tag=forest_parse_begin pass=1 src=17 reserve=74944 rss=1080837464 live=3815919
	csg_mem tag=forest_appended src=17 forest_arena=86495624 rss=1080952152 live=3815981
	csg_mem tag=ta_stream src=17 arena=86495624 rss=1080952152 live=3815981
	csg_mem tag=forest src=18 bytes=1854 rss=1080952152 live=3815975
	csg_mem tag=forest_parse_begin pass=1 src=18 reserve=77312 rss=1080952152 live=3815995
	csg_mem tag=forest_appended src=18 forest_arena=86495624 rss=1081394520 live=3816099
	csg_mem tag=ta_stream src=18 arena=86495624 rss=1081394520 live=3816099
	csg_mem tag=forest src=19 bytes=3277 rss=1081394520 live=3816093
	csg_mem tag=forest_parse_begin pass=1 src=19 reserve=148384 rss=1081394520 live=3816115
	csg_mem tag=forest_appended src=19 forest_arena=86495624 rss=1081918808 live=3816425
	csg_mem tag=ta_stream src=19 arena=86495624 rss=1081918808 live=3816425
	csg_mem tag=forest src=20 bytes=7479 rss=1081918808 live=3816419
	csg_mem tag=forest_parse_begin pass=1 src=20 reserve=347776 rss=1081918808 live=3816445
	csg_mem tag=forest_appended src=20 forest_arena=86495624 rss=1082295640 live=3817233
	csg_mem tag=ta_stream src=20 arena=86495624 rss=1082295640 live=3817233
	csg_mem tag=forest src=21 bytes=3268 rss=1082295640 live=3817227
	csg_mem tag=forest_parse_begin pass=1 src=21 reserve=149952 rss=1082295640 live=3817251
	csg_mem tag=forest_appended src=21 forest_arena=86495624 rss=1082574168 live=3817698
	csg_mem tag=ta_stream src=21 arena=86495624 rss=1082574168 live=3817698
	csg_mem tag=forest src=22 bytes=89269 rss=1082574168 live=3817692
	csg_mem tag=forest_parse_begin pass=1 src=22 reserve=4730080 rss=1082754392 live=3817726
	csg_mem tag=forest_appended src=22 forest_arena=86528392 rss=1112622448 live=3829714
	csg_mem tag=ta_stream src=22 arena=86528392 rss=1112622448 live=3829714
	csg_mem tag=forest src=23 bytes=25398 rss=1112622448 live=3829708
	csg_mem tag=forest_parse_begin pass=1 src=23 reserve=2084096 rss=1112655216 live=3829738
	csg_mem tag=forest_appended src=23 forest_arena=86528392 rss=1113458032 live=3834037
	csg_mem tag=ta_stream src=23 arena=86528392 rss=1113458032 live=3834037
	csg_mem tag=forest src=24 bytes=36083 rss=1113458032 live=3834031
	csg_mem tag=forest_parse_begin pass=1 src=24 reserve=1605088 rss=1113474416 live=3834061
	csg_mem tag=forest_appended src=24 forest_arena=86528392 rss=1118766448 live=3838543
	csg_mem tag=ta_stream src=24 arena=86528392 rss=1118766448 live=3838543
	csg_mem tag=forest src=25 bytes=29310 rss=1118766448 live=3838537
	csg_mem tag=forest_parse_begin pass=1 src=25 reserve=1202464 rss=1118782832 live=3838567
	csg_mem tag=forest_appended src=25 forest_arena=86528392 rss=1119454576 live=3840626
	csg_mem tag=ta_stream src=25 arena=86528392 rss=1119454576 live=3840626
	csg_mem tag=forest src=26 bytes=21459 rss=1119454576 live=3840620
	csg_mem tag=forest_parse_begin pass=1 src=26 reserve=1165504 rss=1119470960 live=3840648
	csg_mem tag=forest_appended src=26 forest_arena=86528392 rss=1120093552 live=3842640
	csg_mem tag=ta_stream src=26 arena=86528392 rss=1120093552 live=3842640
	csg_mem tag=forest src=27 bytes=1082 rss=1120093552 live=3842634
	csg_mem tag=forest_parse_begin pass=1 src=27 reserve=130112 rss=1120093552 live=3842654
	csg_mem tag=forest_appended src=27 forest_arena=86528392 rss=1120617840 live=3842792
	csg_mem tag=ta_stream src=27 arena=86528392 rss=1120617840 live=3842792
	csg_mem tag=forest src=28 bytes=5750 rss=1120617840 live=3842786
	csg_mem tag=forest_parse_begin pass=1 src=28 reserve=325856 rss=1120650608 live=3842812
	csg_mem tag=forest_appended src=28 forest_arena=86528392 rss=1121092976 live=3843493
	csg_mem tag=ta_stream src=28 arena=86528392 rss=1121092976 live=3843493
	csg_mem tag=forest src=29 bytes=59609 rss=1121092976 live=3843487
	csg_mem tag=forest_parse_begin pass=1 src=29 reserve=3300512 rss=1121256816 live=3843519
	csg_mem tag=forest_appended src=29 forest_arena=86528392 rss=1131283824 live=3849149
	csg_mem tag=ta_stream src=29 arena=86528392 rss=1131283824 live=3849149
	csg_mem tag=forest src=30 bytes=50794 rss=1131283824 live=3849143
	csg_mem tag=forest_parse_begin pass=1 src=30 reserve=2303808 rss=1131414896 live=3849175
	csg_mem tag=forest_appended src=30 forest_arena=86528392 rss=1143342472 live=3854708
	csg_mem tag=ta_stream src=30 arena=86528392 rss=1143342472 live=3854708
	csg_mem tag=forest src=31 bytes=52710 rss=1143342472 live=3854702
	csg_mem tag=forest_parse_begin pass=1 src=31 reserve=2312960 rss=1143473544 live=3854734
	csg_mem tag=forest_appended src=31 forest_arena=86528392 rss=1148716424 live=3859225
	csg_mem tag=ta_stream src=31 arena=86528392 rss=1148716424 live=3859225
	csg_mem tag=forest src=32 bytes=2252 rss=1148716424 live=3859219
	csg_mem tag=forest_parse_begin pass=1 src=32 reserve=161120 rss=1148716424 live=3859241
	csg_mem tag=forest_appended src=32 forest_arena=86528392 rss=1151272328 live=3859590
	csg_mem tag=ta_stream src=32 arena=86528392 rss=1151272328 live=3859590
	csg_mem tag=forest src=33 bytes=48367 rss=1151272328 live=3859584
	csg_mem tag=forest_parse_begin pass=1 src=33 reserve=2049152 rss=1151272328 live=3859614
	csg_mem tag=forest_appended src=33 forest_arena=86528392 rss=1157744008 live=3864098
	csg_mem tag=ta_stream src=33 arena=86528392 rss=1157744008 live=3864098
	csg_mem tag=forest src=34 bytes=16779 rss=1157744008 live=3864092
	csg_mem tag=forest_parse_begin pass=1 src=34 reserve=1136064 rss=1157760392 live=3864120
	csg_mem tag=forest_appended src=34 forest_arena=86528392 rss=1162282376 live=3866182
	csg_mem tag=ta_stream src=34 arena=86528392 rss=1162282376 live=3866182
	csg_mem tag=forest src=35 bytes=241090 rss=1162282376 live=3866176
	csg_mem tag=forest_parse_begin pass=1 src=35 reserve=9308256 rss=1162691976 live=3866212
	csg_mem tag=forest_appended src=35 forest_arena=86790536 rss=1167639944 live=3886443
	csg_mem tag=ta_stream src=35 arena=86790536 rss=1167639944 live=3886443
	csg_mem tag=forest src=36 bytes=21751 rss=1167639944 live=3886437
	csg_mem tag=forest_parse_begin pass=1 src=36 reserve=1196704 rss=1167689096 live=3886467
	csg_mem tag=forest_appended src=36 forest_arena=86790536 rss=1173505416 live=3888660
	csg_mem tag=ta_stream src=36 arena=86790536 rss=1173505416 live=3888660
	csg_mem tag=forest src=37 bytes=91449 rss=1173505416 live=3888654
	csg_mem tag=forest_parse_begin pass=1 src=37 reserve=8008672 rss=1173669256 live=3888688
	csg_mem tag=forest_appended src=37 forest_arena=86790536 rss=1185777056 live=3901469
	csg_mem tag=ta_stream src=37 arena=86790536 rss=1185777056 live=3901469
	csg_mem tag=forest src=38 bytes=22555 rss=1185777056 live=3901463
	csg_mem tag=forest_parse_begin pass=1 src=38 reserve=1245440 rss=1185777056 live=3901493
	csg_mem tag=forest_appended src=38 forest_arena=86790536 rss=1186121120 live=3905643
	csg_mem tag=ta_stream src=38 arena=86790536 rss=1186121120 live=3905643
	csg_mem tag=forest src=39 bytes=16869 rss=1186121120 live=3905637
	csg_mem tag=forest_parse_begin pass=1 src=39 reserve=1177632 rss=1186153888 live=3905665
	csg_mem tag=forest_appended src=39 forest_arena=86790536 rss=1186366880 live=3908843
	csg_mem tag=ta_stream src=39 arena=86790536 rss=1186366880 live=3908843
	csg_mem tag=forest src=40 bytes=42339 rss=1186366880 live=3908837
	csg_mem tag=forest_parse_begin pass=1 src=40 reserve=3180768 rss=1186383264 live=3908867
	csg_mem tag=forest_appended src=40 forest_arena=86790536 rss=1196852640 live=3916531
	csg_mem tag=ta_stream src=40 arena=86790536 rss=1196852640 live=3916531
	csg_mem tag=forest src=41 bytes=16263 rss=1196852640 live=3916525
	csg_mem tag=forest_parse_begin pass=1 src=41 reserve=1110304 rss=1196869024 live=3916553
	csg_mem tag=forest_appended src=41 forest_arena=86790536 rss=1197082016 live=3919559
	csg_mem tag=ta_stream src=41 arena=86790536 rss=1197082016 live=3919559
	csg_mem tag=forest src=42 bytes=14980 rss=1197082016 live=3919553
	csg_mem tag=forest_parse_begin pass=1 src=42 reserve=1110176 rss=1197114784 live=3919581
	csg_mem tag=forest_appended src=42 forest_arena=86790536 rss=1197475232 live=3922492
	csg_mem tag=ta_stream src=42 arena=86790536 rss=1197475232 live=3922492
	csg_mem tag=forest src=43 bytes=1470 rss=1197475232 live=3922486
	csg_mem tag=forest_parse_begin pass=1 src=43 reserve=133856 rss=1197475232 live=3922508
	csg_mem tag=forest_appended src=43 forest_arena=86790536 rss=1201997216 live=3922869
	csg_mem tag=ta_stream src=43 arena=86790536 rss=1201997216 live=3922869
	csg_mem tag=forest src=44 bytes=45177 rss=1201997216 live=3922863
	csg_mem tag=forest_parse_begin pass=1 src=44 reserve=2249056 rss=1201997216 live=3922895
	csg_mem tag=forest_appended src=44 forest_arena=86790536 rss=1204569528 live=3927331
	csg_mem tag=ta_stream src=44 arena=86790536 rss=1204569528 live=3927331
	csg_mem tag=forest src=45 bytes=3258 rss=1204569528 live=3927325
	csg_mem tag=forest_parse_begin pass=1 src=45 reserve=270816 rss=1204585912 live=3927349
	csg_mem tag=forest_appended src=45 forest_arena=86790536 rss=1204733368 live=3927795
	csg_mem tag=ta_stream src=45 arena=86790536 rss=1204733368 live=3927795
	csg_mem tag=forest src=46 bytes=1452 rss=1204733368 live=3927789
	csg_mem tag=forest_parse_begin pass=1 src=46 reserve=107872 rss=1204733368 live=3927811
	csg_mem tag=forest_appended src=46 forest_arena=86790536 rss=1205142968 live=3927986
	csg_mem tag=ta_stream src=46 arena=86790536 rss=1205142968 live=3927986
	csg_mem tag=forest src=47 bytes=1498710 rss=1205142968 live=3927980
	csg_mem tag=forest_parse_begin pass=1 src=47 reserve=63084928 rss=1208239544 live=3928020
	csg_mem tag=forest_appended src=47 forest_arena=86856072 rss=1291224576 live=4034753
	csg_mem tag=ta_stream src=47 arena=86856072 rss=1291224576 live=4034753
	csg_mem tag=forest src=48 bytes=15407 rss=1291224576 live=4034747
	csg_mem tag=forest_parse_begin pass=1 src=48 reserve=1044512 rss=1291224576 live=4034775
	csg_mem tag=forest_appended src=48 forest_arena=86856072 rss=1296254464 live=4036325
	csg_mem tag=ta_stream src=48 arena=86856072 rss=1296254464 live=4036325
	csg_mem tag=forest src=49 bytes=36412 rss=1296254464 live=4036319
	csg_mem tag=forest_parse_begin pass=1 src=49 reserve=2292480 rss=1296336384 live=4036349
	csg_mem tag=forest_appended src=49 forest_arena=86856072 rss=1297139200 live=4041535
	csg_mem tag=ta_stream src=49 arena=86856072 rss=1297139200 live=4041535
	csg_mem tag=forest src=50 bytes=212055 rss=1297139200 live=4041529
	csg_mem tag=forest_parse_begin pass=1 src=50 reserve=9256128 rss=1297450496 live=4041563
	csg_mem tag=forest_appended src=50 forest_arena=86856072 rss=1318372888 live=4062672
	csg_mem tag=ta_stream src=50 arena=86856072 rss=1318372888 live=4062672
	csg_mem tag=forest src=51 bytes=714 rss=1318372888 live=4062666
	csg_mem tag=forest_parse_begin pass=1 src=51 reserve=103104 rss=1318372888 live=4062686
	csg_mem tag=forest_appended src=51 forest_arena=86856072 rss=1318897176 live=4062788
	csg_mem tag=ta_stream src=51 arena=86856072 rss=1318897176 live=4062788
	csg_mem tag=forest src=52 bytes=15736 rss=1318897176 live=4062782
	csg_mem tag=forest_parse_begin pass=1 src=52 reserve=631392 rss=1318913560 live=4062810
	csg_mem tag=forest_appended src=52 forest_arena=86856072 rss=1319405080 live=4064041
	csg_mem tag=ta_stream src=52 arena=86856072 rss=1319405080 live=4064041
	csg_mem tag=forest src=53 bytes=15907 rss=1319405080 live=4064035
	csg_mem tag=forest_parse_begin pass=1 src=53 reserve=813696 rss=1319421464 live=4064063
	csg_mem tag=forest_appended src=53 forest_arena=86856072 rss=1323976216 live=4065878
	csg_mem tag=ta_stream src=53 arena=86856072 rss=1323976216 live=4065878
	csg_mem tag=forest src=54 bytes=18039 rss=1323976216 live=4065872
	csg_mem tag=forest_parse_begin pass=1 src=54 reserve=1037600 rss=1323992600 live=4065900
	csg_mem tag=forest_appended src=54 forest_arena=86856072 rss=1328924184 live=4067426
	csg_mem tag=ta_stream src=54 arena=86856072 rss=1328924184 live=4067426
	csg_mem tag=forest src=55 bytes=7239 rss=1328924184 live=4067420
	csg_mem tag=forest_parse_begin pass=1 src=55 reserve=628384 rss=1328940568 live=4067446
	csg_mem tag=forest_appended src=55 forest_arena=86856072 rss=1331611160 live=4068658
	csg_mem tag=ta_stream src=55 arena=86856072 rss=1331611160 live=4068658
	csg_mem tag=forest src=56 bytes=11717 rss=1331611160 live=4068652
	csg_mem tag=forest_parse_begin pass=1 src=56 reserve=606176 rss=1331643928 live=4068680
	csg_mem tag=forest_appended src=56 forest_arena=86856072 rss=1336526360 live=4070083
	csg_mem tag=ta_stream src=56 arena=86856072 rss=1336526360 live=4070083
	csg_mem tag=forest src=57 bytes=2498 rss=1336526360 live=4070077
	csg_mem tag=forest_parse_begin pass=1 src=57 reserve=173568 rss=1336526360 live=4070101
	csg_mem tag=forest_appended src=57 forest_arena=86856072 rss=1341523480 live=4070552
	csg_mem tag=ta_stream src=57 arena=86856072 rss=1341523480 live=4070552
	csg_mem tag=forest src=58 bytes=9947 rss=1341523480 live=4070546
	csg_mem tag=forest_parse_begin pass=1 src=58 reserve=628064 rss=1341523480 live=4070574
	csg_mem tag=forest_appended src=58 forest_arena=86856072 rss=1346471448 live=4071812
	csg_mem tag=ta_stream src=58 arena=86856072 rss=1346471448 live=4071812
	csg_mem tag=forest src=59 bytes=59910 rss=1346471448 live=4071806
	csg_mem tag=forest_parse_begin pass=1 src=59 reserve=2395456 rss=1346586136 live=4071838
	csg_mem tag=forest_appended src=59 forest_arena=86856072 rss=1360791064 live=4077679
	csg_mem tag=ta_stream src=59 arena=86856072 rss=1360791064 live=4077679
	csg_mem tag=forest src=60 bytes=4463 rss=1360791064 live=4077673
	csg_mem tag=forest_parse_begin pass=1 src=60 reserve=311968 rss=1360791064 live=4077697
	csg_mem tag=forest_appended src=60 forest_arena=86856072 rss=1361233432 live=4078271
	csg_mem tag=ta_stream src=60 arena=86856072 rss=1361233432 live=4078271
	csg_mem tag=forest src=61 bytes=4513921 rss=1361233432 live=4078265
	csg_mem tag=forest_parse_begin pass=1 src=61 reserve=140326336 rss=1371227696 live=4078309
	csg_mem tag=forest_appended src=61 forest_arena=87380360 rss=1269761584 live=4354160
	csg_mem tag=ta_stream src=61 arena=87380360 rss=1269761584 live=4354160
	csg_mem tag=forest src=62 bytes=214132 rss=1267467824 live=4354154
	csg_mem tag=forest_parse_begin pass=1 src=62 reserve=9212704 rss=1267566128 live=4354190
	csg_mem tag=forest_appended src=62 forest_arena=87380360 rss=1277511240 live=4373573
	csg_mem tag=ta_stream src=62 arena=87380360 rss=1277511240 live=4373573
	csg_mem tag=forest src=63 bytes=146632 rss=1277511240 live=4373567
	csg_mem tag=forest_parse_begin pass=1 src=63 reserve=7960864 rss=1277675080 live=4373601
	csg_mem tag=forest_appended src=63 forest_arena=87380360 rss=1298826824 live=4387238
	csg_mem tag=ta_stream src=63 arena=87380360 rss=1298826824 live=4387238
	csg_mem tag=forest src=64 bytes=60278 rss=1298826824 live=4387232
	csg_mem tag=forest_parse_begin pass=1 src=64 reserve=2303296 rss=1298892360 live=4387264
	csg_mem tag=forest_appended src=64 forest_arena=87380360 rss=1306330696 live=4392287
	csg_mem tag=ta_stream src=64 arena=87380360 rss=1306330696 live=4392287
	csg_mem tag=forest src=65 bytes=26513 rss=1306330696 live=4392281
	csg_mem tag=forest_parse_begin pass=1 src=65 reserve=1995360 rss=1306347080 live=4392311
	csg_mem tag=forest_appended src=65 forest_arena=87380360 rss=1311360584 live=4395655
	csg_mem tag=ta_stream src=65 arena=87380360 rss=1311360584 live=4395655
	csg_mem tag=forest src=66 bytes=115864 rss=1311360584 live=4395649
	csg_mem tag=forest_parse_begin pass=1 src=66 reserve=7930400 rss=1311655496 live=4395683
	csg_mem tag=forest_appended src=66 forest_arena=87511432 rss=1322305120 live=4408921
	csg_mem tag=ta_stream src=66 arena=87511432 rss=1322305120 live=4408921
	csg_mem tag=forest src=67 bytes=342860 rss=1322305120 live=4408915
	csg_mem tag=forest_parse_begin pass=1 src=67 reserve=15800960 rss=1323058784 live=4408951
	csg_mem tag=forest_appended src=67 forest_arena=87511432 rss=1365673592 live=4443728
	csg_mem tag=ta_stream src=67 arena=87511432 rss=1365673592 live=4443728
	csg_mem tag=forest src=68 bytes=93793 rss=1365673592 live=4443722
	csg_mem tag=forest_parse_begin pass=1 src=68 reserve=4565024 rss=1365870200 live=4443756
	csg_mem tag=forest_appended src=68 forest_arena=87511432 rss=1370785400 live=4453079
	csg_mem tag=ta_stream src=68 arena=87511432 rss=1370785400 live=4453079
	csg_mem tag=forest src=69 bytes=18553 rss=1370785400 live=4453073
	csg_mem tag=forest_parse_begin pass=1 src=69 reserve=1625664 rss=1370785400 live=4453101
	csg_mem tag=forest_appended src=69 forest_arena=87511432 rss=1371162232 live=4459585
	csg_mem tag=ta_stream src=69 arena=87511432 rss=1371162232 live=4459585
	csg_mem tag=forest src=70 bytes=23302 rss=1371162232 live=4459579
	csg_mem tag=forest_parse_begin pass=1 src=70 reserve=1144480 rss=1371195000 live=4459609
	csg_mem tag=forest_appended src=70 forest_arena=87512456 rss=1375913592 live=4462787
	csg_mem tag=ta_stream src=70 arena=87512456 rss=1375913592 live=4462787
	csg_mem tag=forest src=71 bytes=12094 rss=1375913592 live=4462781
	csg_mem tag=forest_parse_begin pass=1 src=71 reserve=550048 rss=1375913592 live=4462807
	csg_mem tag=forest_appended src=71 forest_arena=87512456 rss=1376454264 live=4463954
	csg_mem tag=ta_stream src=71 arena=87512456 rss=1376454264 live=4463954
	csg_mem tag=forest src=72 bytes=373101 rss=1376454264 live=4463948
	csg_mem tag=forest_parse_begin pass=1 src=72 reserve=15859040 rss=1377044088 live=4463984
	csg_mem tag=forest_appended src=72 forest_arena=87512456 rss=1404749432 live=4492412
	csg_mem tag=ta_stream src=72 arena=87512456 rss=1404749432 live=4492412
	csg_mem tag=forest src=73 bytes=5619 rss=1404749432 live=4492406
	csg_mem tag=forest_parse_begin pass=1 src=73 reserve=271584 rss=1404765816 live=4492432
	csg_mem tag=forest_appended src=73 forest_arena=87512456 rss=1404847736 live=4493004
	csg_mem tag=ta_stream src=73 arena=87512456 rss=1404847736 live=4493004
	csg_mem tag=forest src=74 bytes=256078 rss=1404847736 live=4492998
	csg_mem tag=forest_parse_begin pass=1 src=74 reserve=9185664 rss=1404946040 live=4493034
	csg_mem tag=forest_appended src=74 forest_arena=87512456 rss=1416922744 live=4511705
	csg_mem tag=ta_stream src=74 arena=87512456 rss=1416922744 live=4511705
	csg_mem tag=forest src=75 bytes=228229 rss=1416922744 live=4511699
	csg_mem tag=forest_parse_begin pass=1 src=75 reserve=9063872 rss=1417348728 live=4511735
	csg_mem tag=forest_appended src=75 forest_arena=87512456 rss=1441564280 live=4532264
	csg_mem tag=ta_stream src=75 arena=87512456 rss=1441564280 live=4532264
	csg_mem tag=forest src=76 bytes=9159 rss=1441564280 live=4532258
	csg_mem tag=forest_parse_begin pass=1 src=76 reserve=546720 rss=1441564280 live=4532286
	csg_mem tag=forest_appended src=76 forest_arena=87512456 rss=1441678968 live=4533065
	csg_mem tag=ta_stream src=76 arena=87512456 rss=1441678968 live=4533065
	csg_mem tag=forest src=77 bytes=207027 rss=1441678968 live=4533059
	csg_mem tag=forest_parse_begin pass=1 src=77 reserve=9371904 rss=1441924752 live=4533095
	csg_mem tag=forest_appended src=77 forest_arena=87512456 rss=1443792528 live=4556292
	csg_mem tag=ta_stream src=77 arena=87512456 rss=1443792528 live=4556292
	csg_mem tag=forest src=78 bytes=21659 rss=1443792528 live=4556286
	csg_mem tag=forest_parse_begin pass=1 src=78 reserve=962688 rss=1443792528 live=4556314
	csg_mem tag=forest_appended src=78 forest_arena=87512456 rss=1443956368 live=4558828
	csg_mem tag=ta_stream src=78 arena=87512456 rss=1443956368 live=4558828
	csg_mem tag=forest src=79 bytes=138950 rss=1443956368 live=4558822
	csg_mem tag=forest_parse_begin pass=1 src=79 reserve=7739264 rss=1444038288 live=4558856
	csg_mem tag=forest_appended src=79 forest_arena=87512456 rss=1445299856 live=4572256
	csg_mem tag=ta_stream src=79 arena=87512456 rss=1445299856 live=4572256
	csg_mem tag=forest src=80 bytes=16818 rss=1445299856 live=4572250
	csg_mem tag=forest_parse_begin pass=1 src=80 reserve=645632 rss=1445332624 live=4572278
	csg_mem tag=forest_appended src=80 forest_arena=87512456 rss=1447790224 live=4573839
	csg_mem tag=ta_stream src=80 arena=87512456 rss=1447790224 live=4573839
	csg_mem tag=forest src=81 bytes=7011 rss=1447790224 live=4573833
	csg_mem tag=forest_parse_begin pass=1 src=81 reserve=91904 rss=1447806608 live=4573857
	csg_mem tag=forest_appended src=81 forest_arena=87512456 rss=1448248976 live=4574044
	csg_mem tag=ta_stream src=81 arena=87512456 rss=1448248976 live=4574044
	csg_mem tag=forest src=82 bytes=3088 rss=1448248976 live=4574038
	csg_mem tag=forest_parse_begin pass=1 src=82 reserve=200640 rss=1448248976 live=4574062
	csg_mem tag=forest_appended src=82 forest_arena=87512456 rss=1448953488 live=4574484
	csg_mem tag=ta_stream src=82 arena=87512456 rss=1448953488 live=4574484
	csg_mem tag=forest src=83 bytes=209875 rss=1448953488 live=4574478
	csg_mem tag=forest_parse_begin pass=1 src=83 reserve=8738208 rss=1449936528 live=4574514
	csg_mem tag=forest_appended src=83 forest_arena=87512456 rss=1472939688 live=4592675
	csg_mem tag=ta_stream src=83 arena=87512456 rss=1472939688 live=4592675
	csg_mem tag=forest src=84 bytes=113595 rss=1472939688 live=4592669
	csg_mem tag=forest_parse_begin pass=1 src=84 reserve=4164256 rss=1473250984 live=4592703
	csg_mem tag=forest_appended src=84 forest_arena=87512456 rss=1486898856 live=4602584
	csg_mem tag=ta_stream src=84 arena=87512456 rss=1486898856 live=4602584
	csg_mem tag=forest src=85 bytes=694424 rss=1486898856 live=4602578
	csg_mem tag=forest_parse_begin pass=1 src=85 reserve=31589856 rss=1488307880 live=4602616
	csg_mem tag=forest_appended src=85 forest_arena=87512456 rss=1497499328 live=4661905
	csg_mem tag=ta_stream src=85 arena=87512456 rss=1497499328 live=4661905
	csg_mem tag=forest src=86 bytes=84731 rss=1497499328 live=4661899
	csg_mem tag=forest_parse_begin pass=1 src=86 reserve=4720672 rss=1497597632 live=4661933
	csg_mem tag=forest_appended src=86 forest_arena=87512456 rss=1509705408 live=4671739
	csg_mem tag=ta_stream src=86 arena=87512456 rss=1509705408 live=4671739
	csg_mem tag=forest src=87 bytes=95381 rss=1509705408 live=4671733
	csg_mem tag=forest_parse_begin pass=1 src=87 reserve=4723168 rss=1509820096 live=4671767
	csg_mem tag=forest_appended src=87 forest_arena=87512456 rss=1517422272 live=4682529
	csg_mem tag=ta_stream src=87 arena=87512456 rss=1517422272 live=4682529
	csg_mem tag=forest src=88 bytes=100872 rss=1517422272 live=4682523
	csg_mem tag=forest_parse_begin pass=1 src=88 reserve=4625696 rss=1517717184 live=4682557
	csg_mem tag=forest_appended src=88 forest_arena=87512456 rss=1532741312 live=4694163
	csg_mem tag=ta_stream src=88 arena=87512456 rss=1532741312 live=4694163
	csg_mem tag=forest src=89 bytes=8802 rss=1532741312 live=4694157
	csg_mem tag=forest_parse_begin pass=1 src=89 reserve=616064 rss=1532774080 live=4694185
	csg_mem tag=forest_appended src=89 forest_arena=87512456 rss=1533363904 live=4695416
	csg_mem tag=ta_stream src=89 arena=87512456 rss=1533363904 live=4695416
	csg_mem tag=forest src=90 bytes=36472 rss=1533363904 live=4695410
	csg_mem tag=forest_parse_begin pass=1 src=90 reserve=2347904 rss=1533478592 live=4695442
	csg_mem tag=forest_appended src=90 forest_arena=88561032 rss=1548666560 live=4700110
	csg_mem tag=ta_stream src=90 arena=88561032 rss=1548666560 live=4700110
	csg_mem tag=forest src=91 bytes=9587 rss=1548666560 live=4700104
	csg_mem tag=forest_parse_begin pass=1 src=91 reserve=643104 rss=1548682944 live=4700132
	csg_mem tag=forest_appended src=91 forest_arena=88561032 rss=1549305536 live=4701519
	csg_mem tag=ta_stream src=91 arena=88561032 rss=1549305536 live=4701519
	csg_mem tag=forest src=92 bytes=146673 rss=1549305536 live=4701513
	csg_mem tag=forest_parse_begin pass=1 src=92 reserve=6091680 rss=1550059200 live=4701547
	csg_mem tag=forest_appended src=92 forest_arena=88561032 rss=1559365312 live=4716862
	csg_mem tag=ta_stream src=92 arena=88561032 rss=1559365312 live=4716862
	csg_mem tag=forest src=93 bytes=85404 rss=1559365312 live=4716856
	csg_mem tag=forest_parse_begin pass=1 src=93 reserve=4470880 rss=1559545536 live=4716890
	csg_mem tag=forest_appended src=93 forest_arena=88561032 rss=1590642392 live=4725321
	csg_mem tag=ta_stream src=93 arena=88561032 rss=1590642392 live=4725321
	csg_mem tag=forest src=94 bytes=60609 rss=1590642392 live=4725315
	csg_mem tag=forest_parse_begin pass=1 src=94 reserve=3070912 rss=1590806232 live=4725347
	csg_mem tag=forest_appended src=94 forest_arena=88561032 rss=1622673112 live=4731800
	csg_mem tag=ta_stream src=94 arena=88561032 rss=1622673112 live=4731800
	csg_mem tag=forest src=95 bytes=21133 rss=1622673112 live=4731794
	csg_mem tag=forest_parse_begin pass=1 src=95 reserve=1193184 rss=1622771416 live=4731824
	csg_mem tag=forest_appended src=95 forest_arena=88561032 rss=1622918872 live=4733947
	csg_mem tag=ta_stream src=95 arena=88561032 rss=1622918872 live=4733947
	csg_mem tag=forest src=96 bytes=3751 rss=1622918872 live=4733941
	csg_mem tag=forest_parse_begin pass=1 src=96 reserve=262016 rss=1622918872 live=4733965
	csg_mem tag=forest_appended src=96 forest_arena=88561032 rss=1623377648 live=4734321
	csg_mem tag=ta_stream src=96 arena=88561032 rss=1623377648 live=4734321
	csg_mem tag=forest src=97 bytes=97141 rss=1623377648 live=4734315
	csg_mem tag=forest_parse_begin pass=1 src=97 reserve=4720672 rss=1623705328 live=4734349
	csg_mem tag=forest_appended src=97 forest_arena=88561032 rss=1630734088 live=4745546
	csg_mem tag=ta_stream src=97 arena=88561032 rss=1630734088 live=4745546
	csg_mem tag=forest src=98 bytes=25148 rss=1630734088 live=4745540
	csg_mem tag=forest_parse_begin pass=1 src=98 reserve=1225728 rss=1630799624 live=4745570
	csg_mem tag=forest_appended src=98 forest_arena=88561032 rss=1633076976 live=4747859
	csg_mem tag=ta_stream src=98 arena=88561032 rss=1633076976 live=4747859
	csg_mem tag=forest src=99 bytes=67075 rss=1633076976 live=4747853
	csg_mem tag=forest_parse_begin pass=1 src=99 reserve=4002112 rss=1633191664 live=4747885
	csg_mem tag=forest_appended src=99 forest_arena=88561032 rss=1644185352 live=4753854
	csg_mem tag=ta_stream src=99 arena=88561032 rss=1644185352 live=4753854
	csg_mem tag=forest src=100 bytes=122136 rss=1644185352 live=4753848
	csg_mem tag=forest_parse_begin pass=1 src=100 reserve=4648800 rss=1644496648 live=4753882
	csg_mem tag=forest_appended src=100 forest_arena=88561032 rss=1651541768 live=4764570
	csg_mem tag=ta_stream src=100 arena=88561032 rss=1651541768 live=4764570
	csg_mem tag=forest src=101 bytes=477806 rss=1651541768 live=4764564
	csg_mem tag=forest_parse_begin pass=1 src=101 reserve=18413024 rss=1653081864 live=4764602
	csg_mem tag=forest_appended src=101 forest_arena=88561032 rss=1670973240 live=4816105
	csg_mem tag=ta_stream src=101 arena=88561032 rss=1670973240 live=4816105
	csg_mem tag=forest src=102 bytes=9251 rss=1670973240 live=4816099
	csg_mem tag=forest_parse_begin pass=1 src=102 reserve=476512 rss=1670989624 live=4816125
	csg_mem tag=forest_appended src=102 forest_arena=88561032 rss=1671219000 live=4817149
	csg_mem tag=ta_stream src=102 arena=88561032 rss=1671219000 live=4817149
	csg_mem tag=forest src=103 bytes=35254 rss=1671219000 live=4817143
	csg_mem tag=forest_parse_begin pass=1 src=103 reserve=1762176 rss=1671251768 live=4817175
	csg_mem tag=forest_appended src=103 forest_arena=88561032 rss=1675921208 live=4821033
	csg_mem tag=ta_stream src=103 arena=88561032 rss=1675921208 live=4821033
	csg_mem tag=forest src=104 bytes=207662 rss=1675921208 live=4821027
	csg_mem tag=forest_parse_begin pass=1 src=104 reserve=8878976 rss=1676199736 live=4821063
	csg_mem tag=forest_appended src=104 forest_arena=88561032 rss=1704740664 live=4839642
	csg_mem tag=ta_stream src=104 arena=88561032 rss=1704740664 live=4839642
	csg_mem tag=forest src=105 bytes=53041 rss=1704740664 live=4839636
	csg_mem tag=forest_parse_begin pass=1 src=105 reserve=2324608 rss=1704953656 live=4839668
	csg_mem tag=forest_appended src=105 forest_arena=88561032 rss=1710458680 live=4844049
	csg_mem tag=ta_stream src=105 arena=88561032 rss=1710458680 live=4844049
	csg_mem tag=forest src=106 bytes=19779 rss=1710458680 live=4844043
	csg_mem tag=forest_parse_begin pass=1 src=106 reserve=817280 rss=1710540600 live=4844071
	csg_mem tag=forest_appended src=106 forest_arena=88561032 rss=1713456952 live=4845832
	csg_mem tag=ta_stream src=106 arena=88561032 rss=1713456952 live=4845832
	csg_mem tag=forest src=107 bytes=274 rss=1713456952 live=4845826
	csg_mem tag=forest_parse_begin pass=1 src=107 reserve=74912 rss=1713456952 live=4845844
	csg_mem tag=forest_appended src=107 forest_arena=88561032 rss=1713981240 live=4845923
	csg_mem tag=ta_stream src=107 arena=88561032 rss=1713981240 live=4845923
	csg_mem tag=forest src=108 bytes=131447 rss=1713981240 live=4845917
	csg_mem tag=forest_parse_begin pass=1 src=108 reserve=4902496 rss=1714538296 live=4845951
	csg_mem tag=forest_appended src=108 forest_arena=88561032 rss=1748764496 live=4857958
	csg_mem tag=ta_stream src=108 arena=88561032 rss=1748764496 live=4857958
	csg_mem tag=forest src=109 bytes=204964 rss=1748764496 live=4857952
	csg_mem tag=forest_parse_begin pass=1 src=109 reserve=8876160 rss=1749354320 live=4857988
	csg_mem tag=forest_appended src=109 forest_arena=88561032 rss=1774356328 live=4873933
	csg_mem tag=ta_stream src=109 arena=88561032 rss=1774356328 live=4873933
	csg_mem tag=forest src=110 bytes=26073 rss=1774356328 live=4873927
	csg_mem tag=forest_parse_begin pass=1 src=110 reserve=1174464 rss=1774421864 live=4873957
	csg_mem tag=forest_appended src=110 forest_arena=88561032 rss=1777403752 live=4876256
	csg_mem tag=ta_stream src=110 arena=88561032 rss=1777403752 live=4876256
	csg_mem tag=forest src=111 bytes=52561 rss=1777403752 live=4876250
	csg_mem tag=forest_parse_begin pass=1 src=111 reserve=2368576 rss=1777518440 live=4876282
	csg_mem tag=forest_appended src=111 forest_arena=88561032 rss=1782581096 live=4881156
	csg_mem tag=ta_stream src=111 arena=88561032 rss=1782581096 live=4881156
	csg_mem tag=forest src=112 bytes=54759 rss=1782581096 live=4881150
	csg_mem tag=forest_parse_begin pass=1 src=112 reserve=2391104 rss=1782613864 live=4881182
	csg_mem tag=forest_appended src=112 forest_arena=88561032 rss=1802372992 live=4886537
	csg_mem tag=ta_stream src=112 arena=88561032 rss=1802372992 live=4886537
	csg_mem tag=forest src=113 bytes=22222 rss=1802372992 live=4886531
	csg_mem tag=forest_parse_begin pass=1 src=113 reserve=1071680 rss=1802389376 live=4886559
	csg_mem tag=forest_appended src=113 forest_arena=88561032 rss=1805076352 live=4888795
	csg_mem tag=ta_stream src=113 arena=88561032 rss=1805076352 live=4888795
	csg_mem tag=forest src=114 bytes=396704 rss=1805076352 live=4888789
	csg_mem tag=forest_parse_begin pass=1 src=114 reserve=15747456 rss=1805551488 live=4888827
	csg_mem tag=forest_appended src=114 forest_arena=88561032 rss=1811335040 live=4927766
	csg_mem tag=ta_stream src=114 arena=88561032 rss=1811335040 live=4927766
	csg_mem tag=forest src=115 bytes=5769 rss=1811335040 live=4927760
	csg_mem tag=forest_parse_begin pass=1 src=115 reserve=275744 rss=1811335040 live=4927786
	csg_mem tag=forest_appended src=115 forest_arena=88561032 rss=1813251968 live=4928362
	csg_mem tag=ta_stream src=115 arena=88561032 rss=1813251968 live=4928362
	csg_mem tag=forest src=116 bytes=3136 rss=1813251968 live=4928356
	csg_mem tag=forest_parse_begin pass=1 src=116 reserve=173312 rss=1813251968 live=4928380
	csg_mem tag=forest_appended src=116 forest_arena=88561032 rss=1815480192 live=4928714
	csg_mem tag=ta_stream src=116 arena=88561032 rss=1815480192 live=4928714
	csg_mem tag=forest src=117 bytes=281236 rss=1815480192 live=4928708
	csg_mem tag=forest_parse_begin pass=1 src=117 reserve=8688640 rss=1815529344 live=4928744
	csg_mem tag=forest_appended src=117 forest_arena=88561032 rss=1826228096 live=4950630
	csg_mem tag=ta_stream src=117 arena=88561032 rss=1826228096 live=4950630
	csg_mem tag=forest src=118 bytes=36339 rss=1826228096 live=4950624
	csg_mem tag=forest_parse_begin pass=1 src=118 reserve=2269312 rss=1826260864 live=4950654
	csg_mem tag=forest_appended src=118 forest_arena=88561032 rss=1831749504 live=4954785
	csg_mem tag=ta_stream src=118 arena=88561032 rss=1831749504 live=4954785
	csg_mem tag=forest src=119 bytes=66727 rss=1831749504 live=4954779
	csg_mem tag=forest_parse_begin pass=1 src=119 reserve=4620192 rss=1831929752 live=4954811
	csg_mem tag=forest_appended src=119 forest_arena=88561032 rss=1853179824 live=4962691
	csg_mem tag=ta_stream src=119 arena=88561032 rss=1853179824 live=4962691
	csg_mem tag=forest src=120 bytes=19895 rss=1853179824 live=4962685
	csg_mem tag=forest_parse_begin pass=1 src=120 reserve=782208 rss=1853228976 live=4962713
	csg_mem tag=forest_appended src=120 forest_arena=88561032 rss=1853933488 live=4964471
	csg_mem tag=ta_stream src=120 arena=88561032 rss=1853933488 live=4964471
	csg_mem tag=forest src=121 bytes=104630 rss=1853933488 live=4964465
	csg_mem tag=forest_parse_begin pass=1 src=121 reserve=4295776 rss=1854261168 live=4964499
	csg_mem tag=forest_appended src=121 forest_arena=88561032 rss=1866532784 live=4974305
	csg_mem tag=ta_stream src=121 arena=88561032 rss=1866532784 live=4974305
	csg_mem tag=forest src=122 bytes=21670 rss=1866532784 live=4974299
	csg_mem tag=forest_parse_begin pass=1 src=122 reserve=1223104 rss=1866598320 live=4974329
	csg_mem tag=forest_appended src=122 forest_arena=88561032 rss=1871333296 live=4976919
	csg_mem tag=ta_stream src=122 arena=88561032 rss=1871333296 live=4976919
	csg_mem tag=forest src=123 bytes=41012 rss=1871349680 live=4976913
	csg_mem tag=forest_parse_begin pass=1 src=123 reserve=2385152 rss=1871464368 live=4976945
	csg_mem tag=forest_appended src=123 forest_arena=88561032 rss=1873889200 live=4982228
	csg_mem tag=ta_stream src=123 arena=88561032 rss=1873889200 live=4982228
	csg_mem tag=forest src=124 bytes=602132 rss=1873889200 live=4982222
	csg_mem tag=forest_parse_begin pass=1 src=124 reserve=31538592 rss=1875052464 live=4982260
	csg_mem tag=forest_appended src=124 forest_arena=88561032 rss=1949894648 live=5049175
	csg_mem tag=ta_stream src=124 arena=88561032 rss=1949894648 live=5049175
	csg_mem tag=forest src=125 bytes=2984 rss=1949894648 live=5049169
	csg_mem tag=forest_parse_begin pass=1 src=125 reserve=168896 rss=1949894648 live=5049193
	csg_mem tag=forest_appended src=125 forest_arena=88561032 rss=1952335864 live=5049503
	csg_mem tag=ta_stream src=125 arena=88561032 rss=1952335864 live=5049503
	csg_mem tag=forest src=126 bytes=6234 rss=1952335864 live=5049497
	csg_mem tag=forest_parse_begin pass=1 src=126 reserve=339040 rss=1952352248 live=5049523
	csg_mem tag=forest_appended src=126 forest_arena=88561032 rss=1952598008 live=5050021
	csg_mem tag=ta_stream src=126 arena=88561032 rss=1952598008 live=5050021
	csg_mem tag=forest src=127 bytes=36702 rss=1952598008 live=5050015
	csg_mem tag=forest_parse_begin pass=1 src=127 reserve=1209024 rss=1952598008 live=5050045
	csg_mem tag=forest_appended src=127 forest_arena=88561032 rss=1955563512 live=5052863
	csg_mem tag=ta_stream src=127 arena=88561032 rss=1955563512 live=5052863
	csg_mem tag=forest src=128 bytes=49364 rss=1955563512 live=5052857
	csg_mem tag=forest_parse_begin pass=1 src=128 reserve=2388160 rss=1955661816 live=5052889
	csg_mem tag=forest_appended src=128 forest_arena=88561032 rss=1974978552 live=5058882
	csg_mem tag=ta_stream src=128 arena=88561032 rss=1974978552 live=5058882
	csg_mem tag=forest src=129 bytes=42894 rss=1974978552 live=5058876
	csg_mem tag=forest_parse_begin pass=1 src=129 reserve=2354976 rss=1974994936 live=5058906
	csg_mem tag=forest_appended src=129 forest_arena=88563080 rss=1983039480 live=5063656
	csg_mem tag=ta_stream src=129 arena=88563080 rss=1983039480 live=5063656
	csg_mem tag=forest src=130 bytes=32186 rss=1983039480 live=5063650
	csg_mem tag=forest_parse_begin pass=1 src=130 reserve=2063840 rss=1983137784 live=5063680
	csg_mem tag=forest_appended src=130 forest_arena=88563080 rss=1988478968 live=5067241
	csg_mem tag=ta_stream src=130 arena=88563080 rss=1988478968 live=5067241
	csg_mem tag=forest src=131 bytes=34873 rss=1988478968 live=5067235
	csg_mem tag=forest_parse_begin pass=1 src=131 reserve=1693152 rss=1988544504 live=5067265
	csg_mem tag=forest_appended src=131 forest_arena=88563080 rss=2000930808 live=5071099
	csg_mem tag=ta_stream src=131 arena=88563080 rss=2000930808 live=5071099
	csg_mem tag=forest src=132 bytes=1850073 rss=2000930808 live=5071093
	csg_mem tag=forest_parse_begin pass=1 src=132 reserve=72523584 rss=2005403664 live=5071135
	csg_mem tag=forest_appended src=132 forest_arena=88829320 rss=2113046616 live=5223223
	csg_mem tag=ta_stream src=132 arena=88829320 rss=2113046616 live=5223223
	csg_mem tag=forest src=133 bytes=41896 rss=2112686168 live=5223217
	csg_mem tag=forest_parse_begin pass=1 src=133 reserve=2011104 rss=2112702552 live=5223247
	csg_mem tag=forest_appended src=133 forest_arena=88829320 rss=2118142064 live=5227221
	csg_mem tag=ta_stream src=133 arena=88829320 rss=2118142064 live=5227221
	csg_mem tag=forest src=134 bytes=3550288 rss=2118142064 live=5227215
	csg_mem tag=forest_parse_begin pass=1 src=134 reserve=140668736 rss=2125695088 live=5227259
	csg_mem tag=forest_appended src=134 forest_arena=88829320 rss=2380286256 live=5506183
	csg_mem tag=ta_stream src=134 arena=88829320 rss=2380286256 live=5506183
	csg_mem tag=forest src=135 bytes=134144 rss=2378336560 live=5506177
	csg_mem tag=forest_parse_begin pass=1 src=135 reserve=7807872 rss=2378516784 live=5506211
	csg_mem tag=forest_appended src=135 forest_arena=88829320 rss=2389428552 live=5518325
	csg_mem tag=ta_stream src=135 arena=88829320 rss=2389428552 live=5518325
	csg_mem tag=forest src=136 bytes=592436 rss=2389428552 live=5518319
	csg_mem tag=forest_parse_begin pass=1 src=136 reserve=18570208 rss=2390460744 live=5518357
	csg_mem tag=forest_appended src=136 forest_arena=88829320 rss=2404387120 live=5562277
	csg_mem tag=ta_stream src=136 arena=88829320 rss=2404387120 live=5562277
	csg_mem tag=forest src=137 bytes=17351 rss=2404387120 live=5562271
	csg_mem tag=forest_parse_begin pass=1 src=137 reserve=1215776 rss=2404387120 live=5562299
	csg_mem tag=forest_appended src=137 forest_arena=88829320 rss=2411448648 live=5565243
	csg_mem tag=ta_stream src=137 arena=88829320 rss=2411448648 live=5565243
	csg_mem tag=forest src=138 bytes=2319 rss=2411448648 live=5565237
	csg_mem tag=forest_parse_begin pass=1 src=138 reserve=152416 rss=2411448648 live=5565259
	csg_mem tag=forest_appended src=138 forest_arena=88829320 rss=2412071240 live=5565577
	csg_mem tag=ta_stream src=138 arena=88829320 rss=2412071240 live=5565577
	csg_mem tag=forest src=139 bytes=1697 rss=2412071240 live=5565571
	csg_mem tag=forest_parse_begin pass=1 src=139 reserve=123040 rss=2412071240 live=5565593
	csg_mem tag=forest_appended src=139 forest_arena=88829320 rss=2412448072 live=5565886
	csg_mem tag=ta_stream src=139 arena=88829320 rss=2412448072 live=5565886
	csg_mem tag=forest src=140 bytes=1202 rss=2412448072 live=5565880
	csg_mem tag=forest_parse_begin pass=1 src=140 reserve=118240 rss=2412448072 live=5565902
	csg_mem tag=forest_appended src=140 forest_arena=88829320 rss=2412955976 live=5566103
	csg_mem tag=ta_stream src=140 arena=88829320 rss=2412955976 live=5566103
	csg_mem tag=forest src=141 bytes=5427 rss=2412955976 live=5566097
	csg_mem tag=forest_parse_begin pass=1 src=141 reserve=352192 rss=2412972360 live=5566123
	csg_mem tag=forest_appended src=141 forest_arena=88829320 rss=2413513032 live=5566845
	csg_mem tag=ta_stream src=141 arena=88829320 rss=2413513032 live=5566845
	csg_mem tag=forest src=142 bytes=53259 rss=2413513032 live=5566839
	csg_mem tag=forest_parse_begin pass=1 src=142 reserve=2567232 rss=2413529416 live=5566871
	csg_mem tag=forest_appended src=142 forest_arena=88829320 rss=2462976352 live=5580040
	csg_mem tag=ta_stream src=142 arena=88829320 rss=2462976352 live=5580040
	csg_mem tag=forest src=143 bytes=4821 rss=2462976352 live=5580034
	csg_mem tag=forest_parse_begin pass=1 src=143 reserve=342048 rss=2462976352 live=5580060
	csg_mem tag=forest_appended src=143 forest_arena=88829320 rss=2463566176 live=5580758
	csg_mem tag=ta_stream src=143 arena=88829320 rss=2463566176 live=5580758
	csg_mem tag=forest src=144 bytes=684 rss=2463566176 live=5580752
	csg_mem tag=forest_parse_begin pass=1 src=144 reserve=88800 rss=2463566176 live=5580772
	csg_mem tag=forest_appended src=144 forest_arena=88829320 rss=2464205176 live=5580862
	csg_mem tag=ta_stream src=144 arena=88829320 rss=2464205176 live=5580862
	csg_mem tag=forest src=145 bytes=706 rss=2464205176 live=5580856
	csg_mem tag=forest_parse_begin pass=1 src=145 reserve=89248 rss=2464205176 live=5580876
	csg_mem tag=forest_appended src=145 forest_arena=88829320 rss=2464827768 live=5580974
	csg_mem tag=ta_stream src=145 arena=88829320 rss=2464827768 live=5580974
	csg_mem tag=forest src=146 bytes=7097 rss=2464827768 live=5580968
	csg_mem tag=forest_parse_begin pass=1 src=146 reserve=457920 rss=2464844152 live=5580994
	csg_mem tag=forest_appended src=146 forest_arena=88829320 rss=2467613048 live=5582129
	csg_mem tag=ta_stream src=146 arena=88829320 rss=2467613048 live=5582129
	csg_mem tag=forest src=147 bytes=8518 rss=2467613048 live=5582123
	csg_mem tag=forest_parse_begin pass=1 src=147 reserve=551904 rss=2467629432 live=5582149
	csg_mem tag=forest_appended src=147 forest_arena=88829320 rss=2470398328 live=5583011
	csg_mem tag=ta_stream src=147 arena=88829320 rss=2470398328 live=5583011
	csg_mem tag=forest src=148 bytes=171411 rss=2470398328 live=5583005
	csg_mem tag=forest_parse_begin pass=1 src=148 reserve=8131232 rss=2470726008 live=5583039
	csg_mem tag=forest_appended src=148 forest_arena=88829320 rss=2488420752 live=5607359
	csg_mem tag=ta_stream src=148 arena=88829320 rss=2488420752 live=5607359
	csg_mem tag=forest src=149 bytes=49447 rss=2488420752 live=5607353
	csg_mem tag=forest_parse_begin pass=1 src=149 reserve=2269504 rss=2488535440 live=5607385
	csg_mem tag=forest_appended src=149 forest_arena=88829320 rss=2500790672 live=5611783
	csg_mem tag=ta_stream src=149 arena=88829320 rss=2500790672 live=5611783
	csg_mem tag=forest src=150 bytes=15928 rss=2500790672 live=5611777
	csg_mem tag=forest_parse_begin pass=1 src=150 reserve=825312 rss=2500807056 live=5611805
	csg_mem tag=forest_appended src=150 forest_arena=88829320 rss=2503838096 live=5613717
	csg_mem tag=ta_stream src=150 arena=88829320 rss=2503838096 live=5613717
	csg_mem tag=forest src=151 bytes=1861 rss=2503838096 live=5613711
	csg_mem tag=forest_parse_begin pass=1 src=151 reserve=152224 rss=2503870864 live=5613733
	csg_mem tag=forest_appended src=151 forest_arena=88829320 rss=2504624528 live=5614081
	csg_mem tag=ta_stream src=151 arena=88829320 rss=2504624528 live=5614081
	csg_mem tag=forest src=152 bytes=1128 rss=2504624528 live=5614075
	csg_mem tag=forest_parse_begin pass=1 src=152 reserve=131584 rss=2504624528 live=5614095
	csg_mem tag=forest_appended src=152 forest_arena=88829320 rss=2505329040 live=5614244
	csg_mem tag=ta_stream src=152 arena=88829320 rss=2505329040 live=5614244
	csg_mem tag=forest src=153 bytes=1513 rss=2505329040 live=5614238
	csg_mem tag=forest_parse_begin pass=1 src=153 reserve=119584 rss=2505329040 live=5614260
	csg_mem tag=forest_appended src=153 forest_arena=88829320 rss=2506000784 live=5614542
	csg_mem tag=ta_stream src=153 arena=88829320 rss=2506000784 live=5614542
	csg_mem tag=forest src=154 bytes=463934 rss=2506000784 live=5614536
	csg_mem tag=forest_parse_begin pass=1 src=154 reserve=18578528 rss=2507049360 live=5614574
	csg_mem tag=forest_appended src=154 forest_arena=88829320 rss=2541816208 live=5651055
	csg_mem tag=ta_stream src=154 arena=88829320 rss=2541816208 live=5651055
	csg_mem tag=forest src=155 bytes=13667 rss=2541816208 live=5651049
	csg_mem tag=forest_parse_begin pass=1 src=155 reserve=603616 rss=2541816208 live=5651075
	csg_mem tag=forest_appended src=155 forest_arena=88829320 rss=2541947280 live=5651913
	csg_mem tag=ta_stream src=155 arena=88829320 rss=2541947280 live=5651913
	csg_mem tag=forest src=156 bytes=38093 rss=2541947280 live=5651907
	csg_mem tag=forest_parse_begin pass=1 src=156 reserve=2080032 rss=2541996432 live=5651939
	csg_mem tag=forest_appended src=156 forest_arena=88829320 rss=2544159120 live=5655649
	csg_mem tag=ta_stream src=156 arena=88829320 rss=2544159120 live=5655649
	csg_mem tag=forest src=157 bytes=11977 rss=2544159120 live=5655643
	csg_mem tag=forest_parse_begin pass=1 src=157 reserve=644640 rss=2544159120 live=5655671
	csg_mem tag=forest_appended src=157 forest_arena=88829320 rss=2546338192 live=5657024
	csg_mem tag=ta_stream src=157 arena=88829320 rss=2546338192 live=5657024
	csg_mem tag=forest src=158 bytes=2184453 rss=2546338192 live=5657018
	csg_mem tag=forest_parse_begin pass=1 src=158 reserve=73477216 rss=2548959632 live=5657060
