	csg_mem tag=import_edges_resolved rss=421626696 live=886760
	csg_mem tag=metadata_contexts_built rss=597820352 live=1498582
	csg_mem tag=forest_build_start mode=reparse rss=603571136 live=1507614
	csg_mem tag=forest src=0 bytes=7371 rss=603571136 live=1507616
	csg_mem tag=forest_parse_begin pass=0 src=0 reserve=0 rss=603587520 live=1507635
	csg_mem tag=forest_parse_end pass=0 src=0 arena=267456 parse_ms=10 rss=604029888 live=1508138
	csg_mem tag=forest_parsed src=0 arena=267456 rss=604029888 live=1508138
	csg_mem tag=forest src=1 bytes=9952 rss=603751360 live=1508171
	csg_mem tag=forest_parse_begin pass=0 src=1 reserve=0 rss=603784128 live=1508192
	csg_mem tag=forest_parse_end pass=0 src=1 arena=524864 parse_ms=18 rss=604521408 live=1509266
	csg_mem tag=forest_parsed src=1 arena=524864 rss=604521408 live=1509266
	csg_mem tag=forest src=2 bytes=817253 rss=603980736 live=1509271
	csg_mem tag=forest_parse_begin pass=0 src=2 reserve=0 rss=607683520 live=1509304
	csg_mem tag=forest_parse_end pass=0 src=2 arena=33621952 parse_ms=1038 rss=643826696 live=1553144
	csg_mem tag=forest_parsed src=2 arena=33621952 rss=643826696 live=1553144
	csg_mem tag=forest src=3 bytes=94454 rss=609371096 live=1553154
	csg_mem tag=forest_parse_begin pass=0 src=3 reserve=0 rss=609387480 live=1553179
	csg_mem tag=forest_parse_end pass=0 src=3 arena=2923808 parse_ms=93 rss=612582360 live=1557033
	csg_mem tag=forest_parsed src=3 arena=2923808 rss=612582360 live=1557033
	csg_mem tag=forest src=4 bytes=59923 rss=609649624 live=1557020
	csg_mem tag=forest_parse_begin pass=0 src=4 reserve=0 rss=609682392 live=1557045
	csg_mem tag=forest_parse_end pass=0 src=4 arena=2089344 parse_ms=60 rss=612221912 live=1559644
	csg_mem tag=forest_parsed src=4 arena=2089344 rss=612221912 live=1559644
	csg_mem tag=forest src=5 bytes=136411 rss=610124760 live=1559640
	csg_mem tag=forest_parse_begin pass=0 src=5 reserve=0 rss=610403288 live=1559667
	csg_mem tag=forest_parse_end pass=0 src=5 arena=4658880 parse_ms=163 rss=616006640 live=1566205
	csg_mem tag=forest_parsed src=5 arena=4658880 rss=616006640 live=1566205
	csg_mem tag=forest src=6 bytes=164754 rss=611337176 live=1566195
	csg_mem tag=forest_parse_begin pass=0 src=6 reserve=0 rss=611582936 live=1566222
	csg_mem tag=forest_parse_end pass=0 src=6 arena=7788096 parse_ms=183 rss=619627504 live=1573475
	csg_mem tag=forest_parsed src=6 arena=7788096 rss=619627504 live=1573475
	csg_mem tag=forest src=7 bytes=126542 rss=612762584 live=1573461
	csg_mem tag=forest_parse_begin pass=0 src=7 reserve=0 rss=613090264 live=1573488
	csg_mem tag=forest_parse_end pass=0 src=7 arena=4544352 parse_ms=150 rss=618284016 live=1580246
	csg_mem tag=forest_parsed src=7 arena=4544352 rss=618284016 live=1580246
	csg_mem tag=forest src=8 bytes=108814 rss=613712856 live=1580236
	csg_mem tag=forest_parse_begin pass=0 src=8 reserve=0 rss=614024152 live=1580263
	csg_mem tag=forest_parse_end pass=0 src=8 arena=4364704 parse_ms=144 rss=618939376 live=1586390
	csg_mem tag=forest_parsed src=8 arena=4364704 rss=618939376 live=1586390
	csg_mem tag=forest src=9 bytes=97046 rss=614548440 live=1586390
	csg_mem tag=forest_parse_begin pass=0 src=9 reserve=0 rss=614597592 live=1586415
	csg_mem tag=forest_parse_end pass=0 src=9 arena=3957344 parse_ms=107 rss=618628056 live=1591155
	csg_mem tag=forest_parsed src=9 arena=3957344 rss=618628056 live=1591155
	csg_mem tag=forest src=10 bytes=263042 rss=614663128 live=1591142
	csg_mem tag=forest_parse_begin pass=0 src=10 reserve=0 rss=614794200 live=1591171
	csg_mem tag=forest_parse_end pass=0 src=10 arena=9308960 parse_ms=336 rss=624985072 live=1605887
	csg_mem tag=forest_parsed src=10 arena=9308960 rss=624985072 live=1605887
	csg_mem tag=forest src=11 bytes=30477 rss=615433176 live=1605910
	csg_mem tag=forest_parse_begin pass=0 src=11 reserve=0 rss=615449560 live=1605933
	csg_mem tag=forest_parse_end pass=0 src=11 arena=2263584 parse_ms=65 rss=618054616 live=1609802
	csg_mem tag=forest_parsed src=11 arena=2263584 rss=618054616 live=1609802
	csg_mem tag=forest src=12 bytes=17051 rss=615777240 live=1609788
	csg_mem tag=forest_parse_begin pass=0 src=12 reserve=0 rss=615793624 live=1609809
	csg_mem tag=forest_parse_end pass=0 src=12 arena=779168 parse_ms=20 rss=616743896 live=1610775
	csg_mem tag=forest_parsed src=12 arena=779168 rss=616743896 live=1610775
	csg_mem tag=forest src=13 bytes=11252 rss=615957464 live=1610761
	csg_mem tag=forest_parse_begin pass=0 src=13 reserve=0 rss=615957464 live=1610780
	csg_mem tag=forest_parse_end pass=0 src=13 arena=574720 parse_ms=23 rss=616629208 live=1611638
	csg_mem tag=forest_parsed src=13 arena=574720 rss=616629208 live=1611638
	csg_mem tag=forest src=14 bytes=520230 rss=616055768 live=1611624
	csg_mem tag=forest_parse_begin pass=0 src=14 reserve=0 rss=616203224 live=1611655
	csg_mem tag=forest_parse_end pass=0 src=14 arena=42641152 parse_ms=1049 rss=659571720 live=1651196
	csg_mem tag=forest_parsed src=14 arena=42641152 rss=659571720 live=1651196
	csg_mem tag=forest src=15 bytes=1170 rss=616858584 live=1651182
	csg_mem tag=forest_parse_begin pass=0 src=15 reserve=0 rss=616858584 live=1651195
	csg_mem tag=forest_parse_end pass=0 src=15 arena=20544 parse_ms=1 rss=616858584 live=1651231
	csg_mem tag=forest_parsed src=15 arena=20544 rss=616858584 live=1651231
	csg_mem tag=forest src=16 bytes=99478 rss=616858584 live=1651217
	csg_mem tag=forest_parse_begin pass=0 src=16 reserve=0 rss=616956888 live=1651242
	csg_mem tag=forest_parse_end pass=0 src=16 arena=3435744 parse_ms=100 rss=620446680 live=1657228
	csg_mem tag=forest_parsed src=16 arena=3435744 rss=620446680 live=1657228
	csg_mem tag=forest src=17 bytes=1232 rss=617006040 live=1657234
	csg_mem tag=forest_parse_begin pass=0 src=17 reserve=0 rss=617006040 live=1657247
	csg_mem tag=forest_parse_end pass=0 src=17 arena=9408 parse_ms=0 rss=617006040 live=1657278
	csg_mem tag=forest_parsed src=17 arena=9408 rss=617006040 live=1657278
	csg_mem tag=forest src=18 bytes=1854 rss=617006040 live=1657264
	csg_mem tag=forest_parse_begin pass=0 src=18 reserve=0 rss=617006040 live=1657277
	csg_mem tag=forest_parse_end pass=0 src=18 arena=11776 parse_ms=0 rss=617006040 live=1657318
	csg_mem tag=forest_parsed src=18 arena=11776 rss=617006040 live=1657318
	csg_mem tag=forest src=19 bytes=3277 rss=617006040 live=1657304
	csg_mem tag=forest_parse_begin pass=0 src=19 reserve=0 rss=617022424 live=1657319
	csg_mem tag=forest_parse_end pass=0 src=19 arena=82848 parse_ms=2 rss=617022424 live=1657502
	csg_mem tag=forest_parsed src=19 arena=82848 rss=617022424 live=1657502
	csg_mem tag=forest src=20 bytes=7479 rss=617022424 live=1657488
	csg_mem tag=forest_parse_begin pass=0 src=20 reserve=0 rss=617038808 live=1657507
	csg_mem tag=forest_parse_end pass=0 src=20 arena=282240 parse_ms=10 rss=617350104 live=1657940
	csg_mem tag=forest_parsed src=20 arena=282240 rss=617350104 live=1657940
	csg_mem tag=forest src=21 bytes=3268 rss=617055192 live=1657926
	csg_mem tag=forest_parse_begin pass=0 src=21 reserve=0 rss=617055192 live=1657943
	csg_mem tag=forest_parse_end pass=0 src=21 arena=84416 parse_ms=2 rss=617055192 live=1658032
	csg_mem tag=forest_parsed src=21 arena=84416 rss=617055192 live=1658032
	csg_mem tag=forest src=22 bytes=89269 rss=617055192 live=1658018
	csg_mem tag=forest_parse_begin pass=0 src=22 reserve=0 rss=617071576 live=1658045
	csg_mem tag=forest_parse_end pass=0 src=22 arena=4664544 parse_ms=180 rss=621790192 live=1665920
	csg_mem tag=forest_parsed src=22 arena=4664544 rss=621790192 live=1665920
	csg_mem tag=forest src=23 bytes=25398 rss=617137112 live=1665912
	csg_mem tag=forest_parse_begin pass=0 src=23 reserve=0 rss=617137112 live=1665935
	csg_mem tag=forest_parse_end pass=0 src=23 arena=2018560 parse_ms=53 rss=619185112 live=1668810
	csg_mem tag=forest_parsed src=23 arena=2018560 rss=619185112 live=1668810
	csg_mem tag=forest src=24 bytes=36083 rss=617153496 live=1668797
	csg_mem tag=forest_parse_begin pass=0 src=24 reserve=0 rss=617169880 live=1668820
	csg_mem tag=forest_parse_end pass=0 src=24 arena=1539552 parse_ms=48 rss=618808280 live=1671533
	csg_mem tag=forest_parsed src=24 arena=1539552 rss=618808280 live=1671533
	csg_mem tag=forest src=25 bytes=29310 rss=617268184 live=1671534
	csg_mem tag=forest_parse_begin pass=0 src=25 reserve=0 rss=617284568 live=1671557
	csg_mem tag=forest_parse_end pass=0 src=25 arena=1136928 parse_ms=34 rss=618513368 live=1672839
	csg_mem tag=forest_parsed src=25 arena=1136928 rss=618513368 live=1672839
	csg_mem tag=forest src=26 bytes=21459 rss=617366488 live=1672825
	csg_mem tag=forest_parse_begin pass=0 src=26 reserve=0 rss=617382872 live=1672846
	csg_mem tag=forest_parse_end pass=0 src=26 arena=1099968 parse_ms=36 rss=618513368 live=1673943
	csg_mem tag=forest_parsed src=26 arena=1099968 rss=618513368 live=1673943
	csg_mem tag=forest src=27 bytes=1082 rss=617399256 live=1673929
	csg_mem tag=forest_parse_begin pass=0 src=27 reserve=0 rss=617399256 live=1673942
	csg_mem tag=forest_parse_end pass=0 src=27 arena=64576 parse_ms=2 rss=617399256 live=1674008
	csg_mem tag=forest_parsed src=27 arena=64576 rss=617399256 live=1674008
	csg_mem tag=forest src=28 bytes=5750 rss=617399256 live=1673994
	csg_mem tag=forest_parse_begin pass=0 src=28 reserve=0 rss=617399256 live=1674013
	csg_mem tag=forest_parse_end pass=0 src=28 arena=260320 parse_ms=8 rss=617710552 live=1674520
	csg_mem tag=forest_parsed src=28 arena=260320 rss=617710552 live=1674520
	csg_mem tag=forest src=29 bytes=59609 rss=617448408 live=1674507
	csg_mem tag=forest_parse_begin pass=0 src=29 reserve=0 rss=617448408 live=1674532
	csg_mem tag=forest_parse_end pass=0 src=29 arena=3234976 parse_ms=81 rss=620839896 live=1678348
	csg_mem tag=forest_parsed src=29 arena=3234976 rss=620839896 live=1678348
	csg_mem tag=forest src=30 bytes=50794 rss=617595864 live=1678338
	csg_mem tag=forest_parse_begin pass=0 src=30 reserve=0 rss=617612248 live=1678363
	csg_mem tag=forest_parse_end pass=0 src=30 arena=2238272 parse_ms=76 rss=620069848 live=1682102
	csg_mem tag=forest_parsed src=30 arena=2238272 rss=620069848 live=1682102
	csg_mem tag=forest src=31 bytes=52710 rss=617825240 live=1682096
	csg_mem tag=forest_parse_begin pass=0 src=31 reserve=0 rss=617890776 live=1682121
	csg_mem tag=forest_parse_end pass=0 src=31 arena=2247424 parse_ms=74 rss=620463064 live=1685229
	csg_mem tag=forest_parsed src=31 arena=2247424 rss=620463064 live=1685229
	csg_mem tag=forest src=32 bytes=2252 rss=618202072 live=1685217
	csg_mem tag=forest_parse_begin pass=0 src=32 reserve=0 rss=618202072 live=1685232
	csg_mem tag=forest_parse_end pass=0 src=32 arena=95584 parse_ms=2 rss=618234840 live=1685380
	csg_mem tag=forest_parsed src=32 arena=95584 rss=618234840 live=1685380
	csg_mem tag=forest src=33 bytes=48367 rss=618234840 live=1685377
	csg_mem tag=forest_parse_begin pass=0 src=33 reserve=0 rss=618316760 live=1685400
	csg_mem tag=forest_parse_end pass=0 src=33 arena=1983616 parse_ms=62 rss=620495832 live=1688593
	csg_mem tag=forest_parsed src=33 arena=1983616 rss=620495832 live=1688593
	csg_mem tag=forest src=34 bytes=16779 rss=618513368 live=1688582
	csg_mem tag=forest_parse_begin pass=0 src=34 reserve=0 rss=618578904 live=1688603
	csg_mem tag=forest_parse_end pass=0 src=34 arena=1070528 parse_ms=29 rss=619725784 live=1689810
	csg_mem tag=forest_parsed src=34 arena=1070528 rss=619725784 live=1689810
	csg_mem tag=forest src=35 bytes=241090 rss=618660824 live=1689807
	csg_mem tag=forest_parse_begin pass=0 src=35 reserve=0 rss=618775512 live=1689836
	csg_mem tag=forest_parse_end pass=0 src=35 arena=9242720 parse_ms=394 rss=628409328 live=1701972
	csg_mem tag=forest_parsed src=35 arena=9242720 rss=628409328 live=1701972
	csg_mem tag=forest src=36 bytes=21751 rss=619201496 live=1701959
	csg_mem tag=forest_parse_begin pass=0 src=36 reserve=0 rss=619217880 live=1701982
	csg_mem tag=forest_parse_end pass=0 src=36 arena=1131168 parse_ms=33 rss=620364760 live=1703223
	csg_mem tag=forest_parsed src=36 arena=1131168 rss=620364760 live=1703223
	csg_mem tag=forest src=37 bytes=91449 rss=619234264 live=1703212
	csg_mem tag=forest_parse_begin pass=0 src=37 reserve=0 rss=619250648 live=1703239
	csg_mem tag=forest_parse_end pass=0 src=37 arena=7943136 parse_ms=206 rss=626770928 live=1713027
	csg_mem tag=forest_parsed src=37 arena=7943136 rss=626770928 live=1713027
	csg_mem tag=forest src=38 bytes=22555 rss=619316184 live=1713019
	csg_mem tag=forest_parse_begin pass=0 src=38 reserve=0 rss=619348952 live=1713042
	csg_mem tag=forest_parse_end pass=0 src=38 arena=1179904 parse_ms=45 rss=620659672 live=1715755
	csg_mem tag=forest_parsed src=38 arena=1179904 rss=620659672 live=1715755
	csg_mem tag=forest src=39 bytes=16869 rss=619463640 live=1715742
	csg_mem tag=forest_parse_begin pass=0 src=39 reserve=0 rss=619463640 live=1715763
	csg_mem tag=forest_parse_end pass=0 src=39 arena=1112096 parse_ms=36 rss=620676056 live=1717860
	csg_mem tag=forest_parsed src=39 arena=1112096 rss=620676056 live=1717860
	csg_mem tag=forest src=40 bytes=42339 rss=619561944 live=1717847
	csg_mem tag=forest_parse_begin pass=0 src=40 reserve=0 rss=619627480 live=1717870
	csg_mem tag=forest_parse_end pass=0 src=40 arena=3115232 parse_ms=103 rss=622887896 live=1723107
	csg_mem tag=forest_parsed src=40 arena=3115232 rss=622887896 live=1723107
	csg_mem tag=forest src=41 bytes=16263 rss=619774936 live=1723098
	csg_mem tag=forest_parse_begin pass=0 src=41 reserve=0 rss=619774936 live=1723119
	csg_mem tag=forest_parse_end pass=0 src=41 arena=1044768 parse_ms=34 rss=620954584 live=1725320
	csg_mem tag=forest_parsed src=41 arena=1044768 rss=620954584 live=1725320
	csg_mem tag=forest src=42 bytes=14980 rss=619906008 live=1725307
	csg_mem tag=forest_parse_begin pass=0 src=42 reserve=0 rss=619955160 live=1725328
	csg_mem tag=forest_parse_end pass=0 src=42 arena=1044640 parse_ms=33 rss=621036504 live=1727383
	csg_mem tag=forest_parsed src=42 arena=1044640 rss=621036504 live=1727383
	csg_mem tag=forest src=43 bytes=1470 rss=619987928 live=1727370
	csg_mem tag=forest_parse_begin pass=0 src=43 reserve=0 rss=619987928 live=1727385
	csg_mem tag=forest_parse_end pass=0 src=43 arena=68320 parse_ms=2 rss=620004312 live=1727476
	csg_mem tag=forest_parsed src=43 arena=68320 rss=620004312 live=1727476
	csg_mem tag=forest src=44 bytes=45177 rss=620004312 live=1727462
	csg_mem tag=forest_parse_begin pass=0 src=44 reserve=0 rss=620053464 live=1727487
	csg_mem tag=forest_parse_end pass=0 src=44 arena=2183520 parse_ms=65 rss=622314456 live=1730085
	csg_mem tag=forest_parsed src=44 arena=2183520 rss=622314456 live=1730085
	csg_mem tag=forest src=45 bytes=3258 rss=620119000 live=1730073
	csg_mem tag=forest_parse_begin pass=0 src=45 reserve=0 rss=620119000 live=1730090
	csg_mem tag=forest_parse_end pass=0 src=45 arena=205280 parse_ms=7 rss=620348376 live=1730302
	csg_mem tag=forest_parsed src=45 arena=205280 rss=620348376 live=1730302
	csg_mem tag=forest src=46 bytes=1452 rss=620135384 live=1730288
	csg_mem tag=forest_parse_begin pass=0 src=46 reserve=0 rss=620135384 live=1730303
	csg_mem tag=forest_parse_end pass=0 src=46 arena=42336 parse_ms=1 rss=620151768 live=1730407
	csg_mem tag=forest_parsed src=46 arena=42336 rss=620151768 live=1730407
	csg_mem tag=forest src=47 bytes=1498710 rss=620151768 live=1730393
	csg_mem tag=forest_parse_begin pass=0 src=47 reserve=0 rss=623297496 live=1730426
	csg_mem tag=forest_parse_end pass=0 src=47 arena=63019392 parse_ms=1868 rss=682853408 live=1798593
	csg_mem tag=forest_parsed src=47 arena=63019392 rss=682853408 live=1798593
	csg_mem tag=forest src=48 bytes=15407 rss=624608216 live=1798639
	csg_mem tag=forest_parse_begin pass=0 src=48 reserve=0 rss=624608216 live=1798660
	csg_mem tag=forest_parse_end pass=0 src=48 arena=978976 parse_ms=23 rss=625640408 live=1799570
	csg_mem tag=forest_parsed src=48 arena=978976 rss=625640408 live=1799570
	csg_mem tag=forest src=49 bytes=36412 rss=624657368 live=1799557
	csg_mem tag=forest_parse_begin pass=0 src=49 reserve=0 rss=624657368 live=1799580
	csg_mem tag=forest_parse_end pass=0 src=49 arena=2226944 parse_ms=77 rss=627033048 live=1803441
	csg_mem tag=forest_parsed src=49 arena=2226944 rss=627033048 live=1803441
	csg_mem tag=forest src=50 bytes=212055 rss=624804824 live=1803428
	csg_mem tag=forest_parse_begin pass=0 src=50 reserve=0 rss=625017816 live=1803455
	csg_mem tag=forest_parse_end pass=0 src=50 arena=9190592 parse_ms=364 rss=635159536 live=1817934
	csg_mem tag=forest_parsed src=50 arena=9190592 rss=635159536 live=1817934
	csg_mem tag=forest src=51 bytes=714 rss=626000856 live=1817932
	csg_mem tag=forest_parse_begin pass=0 src=51 reserve=0 rss=626000856 live=1817945
	csg_mem tag=forest_parse_end pass=0 src=51 arena=37568 parse_ms=1 rss=626000856 live=1818005
	csg_mem tag=forest_parsed src=51 arena=37568 rss=626000856 live=1818005
	csg_mem tag=forest src=52 bytes=15736 rss=626000856 live=1817991
	csg_mem tag=forest_parse_begin pass=0 src=52 reserve=0 rss=626033624 live=1818012
	csg_mem tag=forest_parse_end pass=0 src=52 arena=565856 parse_ms=19 rss=626623448 live=1818883
	csg_mem tag=forest_parsed src=52 arena=565856 rss=626623448 live=1818883
	csg_mem tag=forest src=53 bytes=15907 rss=626050008 live=1818869
	csg_mem tag=forest_parse_begin pass=0 src=53 reserve=0 rss=626050008 live=1818890
	csg_mem tag=forest_parse_end pass=0 src=53 arena=748160 parse_ms=22 rss=626820056 live=1819951
	csg_mem tag=forest_parsed src=53 arena=748160 rss=626820056 live=1819951
	csg_mem tag=forest src=54 bytes=18039 rss=626066392 live=1819940
	csg_mem tag=forest_parse_begin pass=0 src=54 reserve=0 rss=626066392 live=1819961
	csg_mem tag=forest_parse_end pass=0 src=54 arena=972064 parse_ms=25 rss=627065816 live=1820901
	csg_mem tag=forest_parsed src=54 arena=972064 rss=627065816 live=1820901
	csg_mem tag=forest src=55 bytes=7239 rss=626082776 live=1820889
	csg_mem tag=forest_parse_begin pass=0 src=55 reserve=0 rss=626099160 live=1820908
	csg_mem tag=forest_parse_end pass=0 src=55 arena=562848 parse_ms=17 rss=626672600 live=1821536
	csg_mem tag=forest_parsed src=55 arena=562848 rss=626672600 live=1821536
	csg_mem tag=forest src=56 bytes=11717 rss=626099160 live=1821523
	csg_mem tag=forest_parse_begin pass=0 src=56 reserve=0 rss=626131928 live=1821544
	csg_mem tag=forest_parse_end pass=0 src=56 arena=540640 parse_ms=17 rss=626672600 live=1822351
	csg_mem tag=forest_parsed src=56 arena=540640 rss=626672600 live=1822351
	csg_mem tag=forest src=57 bytes=2498 rss=626131928 live=1822339
	csg_mem tag=forest_parse_begin pass=0 src=57 reserve=0 rss=626148312 live=1822356
	csg_mem tag=forest_parse_end pass=0 src=57 arena=108032 parse_ms=3 rss=626148312 live=1822504
	csg_mem tag=forest_parsed src=57 arena=108032 rss=626148312 live=1822504
	csg_mem tag=forest src=58 bytes=9947 rss=626148312 live=1822493
	csg_mem tag=forest_parse_begin pass=0 src=58 reserve=0 rss=626181080 live=1822514
	csg_mem tag=forest_parse_end pass=0 src=58 arena=562528 parse_ms=17 rss=626820056 live=1823184
	csg_mem tag=forest_parsed src=58 arena=562528 rss=626820056 live=1823184
	csg_mem tag=forest src=59 bytes=59910 rss=626246616 live=1823172
	csg_mem tag=forest_parse_begin pass=0 src=59 reserve=0 rss=626295768 live=1823197
	csg_mem tag=forest_parse_end pass=0 src=59 arena=2329920 parse_ms=81 rss=628999128 live=1826410
	csg_mem tag=forest_parsed src=59 arena=2329920 rss=628999128 live=1826410
	csg_mem tag=forest src=60 bytes=4463 rss=626672600 live=1826399
	csg_mem tag=forest_parse_begin pass=0 src=60 reserve=0 rss=626672600 live=1826416
	csg_mem tag=forest_parse_end pass=0 src=60 arena=246432 parse_ms=6 rss=627082200 live=1826729
	csg_mem tag=forest_parsed src=60 arena=246432 rss=627082200 live=1826729
	csg_mem tag=forest src=61 bytes=4513921 rss=626820056 live=1826715
	csg_mem tag=forest_parse_begin pass=0 src=61 reserve=0 rss=636371928 live=1826752
	csg_mem tag=forest_parse_end pass=0 src=61 arena=140260800 parse_ms=7450 rss=785368192 live=2024756
	csg_mem tag=forest_parsed src=61 arena=140260800 rss=785368192 live=2024756
	csg_mem tag=forest src=62 bytes=214132 rss=639779800 live=2024769
	csg_mem tag=forest_parse_begin pass=0 src=62 reserve=0 rss=639943640 live=2024798
	csg_mem tag=forest_parse_end pass=0 src=62 arena=9147168 parse_ms=327 rss=649233392 live=2037702
	csg_mem tag=forest_parsed src=62 arena=9147168 rss=649233392 live=2037702
	csg_mem tag=forest src=63 bytes=146632 rss=640107480 live=2037688
	csg_mem tag=forest_parse_begin pass=0 src=63 reserve=0 rss=640189400 live=2037715
	csg_mem tag=forest_parse_end pass=0 src=63 arena=7895328 parse_ms=216 rss=648168432 live=2046400
	csg_mem tag=forest_parsed src=63 arena=7895328 rss=648168432 live=2046400
	csg_mem tag=forest src=64 bytes=60278 rss=640254936 live=2046394
	csg_mem tag=forest_parse_begin pass=0 src=64 reserve=0 rss=640287704 live=2046419
	csg_mem tag=forest_parse_end pass=0 src=64 arena=2237760 parse_ms=77 rss=642565080 live=2049782
	csg_mem tag=forest_parsed src=64 arena=2237760 rss=642565080 live=2049782
	csg_mem tag=forest src=65 bytes=26513 rss=640320472 live=2049781
	csg_mem tag=forest_parse_begin pass=0 src=65 reserve=0 rss=640320472 live=2049804
	csg_mem tag=forest_parse_end pass=0 src=65 arena=1929824 parse_ms=45 rss=642253784 live=2052136
	csg_mem tag=forest_parsed src=65 arena=1929824 rss=642253784 live=2052136
	csg_mem tag=forest src=66 bytes=115864 rss=640320472 live=2052122
	csg_mem tag=forest_parse_begin pass=0 src=66 reserve=0 rss=640320472 live=2052149
	csg_mem tag=forest_parse_end pass=0 src=66 arena=7864864 parse_ms=190 rss=647742448 live=2061355
	csg_mem tag=forest_parsed src=66 arena=7864864 rss=647742448 live=2061355
	csg_mem tag=forest src=67 bytes=342860 rss=640369624 live=2061343
	csg_mem tag=forest_parse_begin pass=0 src=67 reserve=0 rss=640369624 live=2061372
	csg_mem tag=forest_parse_end pass=0 src=67 arena=15735424 parse_ms=474 rss=655541232 live=2087195
	csg_mem tag=forest_parsed src=67 arena=15735424 rss=655541232 live=2087195
	csg_mem tag=forest src=68 bytes=93793 rss=640467928 live=2087194
	csg_mem tag=forest_parse_begin pass=0 src=68 reserve=0 rss=640500696 live=2087221
	csg_mem tag=forest_parse_end pass=0 src=68 arena=4499488 parse_ms=157 rss=645121008 live=2093339
	csg_mem tag=forest_parsed src=68 arena=4499488 rss=645121008 live=2093339
	csg_mem tag=forest src=69 bytes=18553 rss=640599000 live=2093326
	csg_mem tag=forest_parse_begin pass=0 src=69 reserve=0 rss=640615384 live=2093347
	csg_mem tag=forest_parse_end pass=0 src=69 arena=1560128 parse_ms=50 rss=642237400 live=2096604
	csg_mem tag=forest_parsed src=69 arena=1560128 rss=642237400 live=2096604
	csg_mem tag=forest src=70 bytes=23302 rss=640664536 live=2096590
	csg_mem tag=forest_parse_begin pass=0 src=70 reserve=0 rss=640664536 live=2096613
	csg_mem tag=forest_parse_end pass=0 src=70 arena=1078944 parse_ms=34 rss=641745880 live=2098680
	csg_mem tag=forest_parsed src=70 arena=1078944 rss=641745880 live=2098680
	csg_mem tag=forest src=71 bytes=12094 rss=640664536 live=2098675
	csg_mem tag=forest_parse_begin pass=0 src=71 reserve=0 rss=640664536 live=2098694
	csg_mem tag=forest_parse_end pass=0 src=71 arena=484512 parse_ms=15 rss=641156056 live=2099322
	csg_mem tag=forest_parsed src=71 arena=484512 rss=641156056 live=2099322
	csg_mem tag=forest src=72 bytes=373101 rss=640664536 live=2099310
	csg_mem tag=forest_parse_begin pass=0 src=72 reserve=0 rss=640811992 live=2099339
	csg_mem tag=forest_parse_end pass=0 src=72 arena=15793504 parse_ms=426 rss=656065520 live=2117381
	csg_mem tag=forest_parsed src=72 arena=15793504 rss=656065520 live=2117381
	csg_mem tag=forest src=73 bytes=5619 rss=640910296 live=2117384
	csg_mem tag=forest_parse_begin pass=0 src=73 reserve=0 rss=640910296 live=2117403
	csg_mem tag=forest_parse_end pass=0 src=73 arena=206048 parse_ms=7 rss=641123288 live=2117822
	csg_mem tag=forest_parsed src=73 arena=206048 rss=641123288 live=2117822
	csg_mem tag=forest src=74 bytes=256078 rss=640910296 live=2117808
	csg_mem tag=forest_parse_begin pass=0 src=74 reserve=0 rss=640975832 live=2117837
	csg_mem tag=forest_parse_end pass=0 src=74 arena=9120128 parse_ms=319 rss=650101744 live=2129194
	csg_mem tag=forest_parsed src=74 arena=9120128 rss=650101744 live=2129194
	csg_mem tag=forest src=75 bytes=228229 rss=641008600 live=2129186
	csg_mem tag=forest_parse_begin pass=0 src=75 reserve=0 rss=641057752 live=2129215
	csg_mem tag=forest_parse_end pass=0 src=75 arena=8998336 parse_ms=292 rss=650101744 live=2140676
	csg_mem tag=forest_parsed src=75 arena=8998336 rss=650101744 live=2140676
	csg_mem tag=forest src=76 bytes=9159 rss=641074136 live=2140672
	csg_mem tag=forest_parse_begin pass=0 src=76 reserve=0 rss=641074136 live=2140693
	csg_mem tag=forest_parse_end pass=0 src=76 arena=481184 parse_ms=12 rss=641565656 live=2140958
	csg_mem tag=forest_parsed src=76 arena=481184 rss=641565656 live=2140958
	csg_mem tag=forest src=77 bytes=207027 rss=641074136 live=2140944
	csg_mem tag=forest_parse_begin pass=0 src=77 reserve=0 rss=641123288 live=2140973
	csg_mem tag=forest_parse_end pass=0 src=77 arena=9306368 parse_ms=335 rss=651052016 live=2155181
	csg_mem tag=forest_parsed src=77 arena=9306368 rss=651052016 live=2155181
	csg_mem tag=forest src=78 bytes=21659 rss=641762264 live=2155167
	csg_mem tag=forest_parse_begin pass=0 src=78 reserve=0 rss=641762264 live=2155188
	csg_mem tag=forest_parse_end pass=0 src=78 arena=897152 parse_ms=26 rss=642696152 live=2156249
	csg_mem tag=forest_parsed src=78 arena=897152 rss=642696152 live=2156249
	csg_mem tag=forest src=79 bytes=138950 rss=641795032 live=2156235
	csg_mem tag=forest_parse_begin pass=0 src=79 reserve=0 rss=641795032 live=2156262
	csg_mem tag=forest_parse_end pass=0 src=79 arena=7673728 parse_ms=196 rss=649102320 live=2165954
	csg_mem tag=forest_parsed src=79 arena=7673728 rss=649102320 live=2165954
	csg_mem tag=forest src=80 bytes=16818 rss=641926104 live=2165940
	csg_mem tag=forest_parse_begin pass=0 src=80 reserve=0 rss=641942488 live=2165961
	csg_mem tag=forest_parse_end pass=0 src=80 arena=580096 parse_ms=25 rss=642745304 live=2166866
	csg_mem tag=forest_parsed src=80 arena=580096 rss=642745304 live=2166866
	csg_mem tag=forest src=81 bytes=7011 rss=642155480 live=2166853
	csg_mem tag=forest_parse_begin pass=0 src=81 reserve=0 rss=642171864 live=2166870
	csg_mem tag=forest_parse_end pass=0 src=81 arena=26368 parse_ms=1 rss=642171864 live=2166943
	csg_mem tag=forest_parsed src=81 arena=26368 rss=642171864 live=2166943
	csg_mem tag=forest src=82 bytes=3088 rss=642171864 live=2166931
	csg_mem tag=forest_parse_begin pass=0 src=82 reserve=0 rss=642171864 live=2166948
	csg_mem tag=forest_parse_end pass=0 src=82 arena=135104 parse_ms=5 rss=642319320 live=2167190
	csg_mem tag=forest_parsed src=82 arena=135104 rss=642319320 live=2167190
	csg_mem tag=forest src=83 bytes=209875 rss=642171864 live=2167176
	csg_mem tag=forest_parse_begin pass=0 src=83 reserve=0 rss=642286552 live=2167205
	csg_mem tag=forest_parse_end pass=0 src=83 arena=8672672 parse_ms=290 rss=651002864 live=2180422
	csg_mem tag=forest_parsed src=83 arena=8672672 rss=651002864 live=2180422
	csg_mem tag=forest src=84 bytes=113595 rss=642352088 live=2180422
	csg_mem tag=forest_parse_begin pass=0 src=84 reserve=0 rss=642450392 live=2180449
	csg_mem tag=forest_parse_end pass=0 src=84 arena=4098720 parse_ms=124 rss=646579160 live=2185655
	csg_mem tag=forest_parsed src=84 arena=4098720 rss=646579160 live=2185655
	csg_mem tag=forest src=85 bytes=694424 rss=642483160 live=2185648
	csg_mem tag=forest_parse_begin pass=0 src=85 reserve=0 rss=642974680 live=2185679
	csg_mem tag=forest_parse_end pass=0 src=85 arena=31524320 parse_ms=926 rss=673072136 live=2234125
	csg_mem tag=forest_parsed src=85 arena=31524320 rss=673072136 live=2234125
	csg_mem tag=forest src=86 bytes=84731 rss=643449816 live=2234139
	csg_mem tag=forest_parse_begin pass=0 src=86 reserve=0 rss=643482584 live=2234166
	csg_mem tag=forest_parse_end pass=0 src=86 arena=4655136 parse_ms=151 rss=648283120 live=2239946
	csg_mem tag=forest_parsed src=86 arena=4655136 rss=648283120 live=2239946
	csg_mem tag=forest src=87 bytes=95381 rss=643613656 live=2239952
	csg_mem tag=forest_parse_begin pass=0 src=87 reserve=0 rss=643646424 live=2239979
	csg_mem tag=forest_parse_end pass=0 src=87 arena=4657632 parse_ms=144 rss=648512496 live=2246712
	csg_mem tag=forest_parsed src=87 arena=4657632 rss=648512496 live=2246712
	csg_mem tag=forest src=88 bytes=100872 rss=643843032 live=2246714
	csg_mem tag=forest_parse_begin pass=0 src=88 reserve=0 rss=643892184 live=2246741
	csg_mem tag=forest_parse_end pass=0 src=88 arena=4560160 parse_ms=153 rss=648643568 live=2253690
	csg_mem tag=forest_parsed src=88 arena=4560160 rss=648643568 live=2253690
	csg_mem tag=forest src=89 bytes=8802 rss=644056024 live=2253688
	csg_mem tag=forest_parse_begin pass=0 src=89 reserve=0 rss=644072408 live=2253709
	csg_mem tag=forest_parse_end pass=0 src=89 arena=550528 parse_ms=16 rss=644695000 live=2254316
	csg_mem tag=forest_parsed src=89 arena=550528 rss=644695000 live=2254316
	csg_mem tag=forest src=90 bytes=36472 rss=644137944 live=2254303
	csg_mem tag=forest_parse_begin pass=0 src=90 reserve=0 rss=644187096 live=2254328
	csg_mem tag=forest_parse_end pass=0 src=90 arena=2282368 parse_ms=75 rss=646562776 live=2257271
	csg_mem tag=forest_parsed src=90 arena=2282368 rss=646562776 live=2257271
	csg_mem tag=forest src=91 bytes=9587 rss=644285400 live=2257261
	csg_mem tag=forest_parse_begin pass=0 src=91 reserve=0 rss=644301784 live=2257282
	csg_mem tag=forest_parse_end pass=0 src=91 arena=577568 parse_ms=19 rss=644940760 live=2258074
	csg_mem tag=forest_parsed src=91 arena=577568 rss=644940760 live=2258074
	csg_mem tag=forest src=92 bytes=146673 rss=644350936 live=2258061
	csg_mem tag=forest_parse_begin pass=0 src=92 reserve=0 rss=644727768 live=2258088
	csg_mem tag=forest_parse_end pass=0 src=92 arena=6026144 parse_ms=196 rss=650937328 live=2267069
	csg_mem tag=forest_parsed src=92 arena=6026144 rss=650937328 live=2267069
	csg_mem tag=forest src=93 bytes=85404 rss=644891608 live=2267079
	csg_mem tag=forest_parse_begin pass=0 src=93 reserve=0 rss=645022680 live=2267106
	csg_mem tag=forest_parse_end pass=0 src=93 arena=4405344 parse_ms=135 rss=649708528 live=2271783
	csg_mem tag=forest_parsed src=93 arena=4405344 rss=649708528 live=2271783
	csg_mem tag=forest src=94 bytes=60609 rss=645284824 live=2271786
	csg_mem tag=forest_parse_begin pass=0 src=94 reserve=0 rss=645399512 live=2271811
	csg_mem tag=forest_parse_end pass=0 src=94 arena=3005376 parse_ms=89 rss=648496088 live=2275230
	csg_mem tag=forest_parsed src=94 arena=3005376 rss=648496088 live=2275230
	csg_mem tag=forest src=95 bytes=21133 rss=645481432 live=2275223
	csg_mem tag=forest_parse_begin pass=0 src=95 reserve=0 rss=645514200 live=2275246
	csg_mem tag=forest_parse_end pass=0 src=95 arena=1127648 parse_ms=35 rss=646710232 live=2276470
	csg_mem tag=forest_parsed src=95 arena=1127648 rss=646710232 live=2276470
	csg_mem tag=forest src=96 bytes=3751 rss=645579736 live=2276457
	csg_mem tag=forest_parse_begin pass=0 src=96 reserve=0 rss=645579736 live=2276474
	csg_mem tag=forest_parse_end pass=0 src=96 arena=196480 parse_ms=6 rss=645809112 live=2276709
	csg_mem tag=forest_parsed src=96 arena=196480 rss=645809112 live=2276709
	csg_mem tag=forest src=97 bytes=97141 rss=645612504 live=2276695
	csg_mem tag=forest_parse_begin pass=0 src=97 reserve=0 rss=645809112 live=2276722
	csg_mem tag=forest_parse_end pass=0 src=97 arena=4655136 parse_ms=158 rss=650544112 live=2282797
	csg_mem tag=forest_parsed src=97 arena=4655136 rss=650544112 live=2282797
	csg_mem tag=forest src=98 bytes=25148 rss=645874648 live=2282794
	csg_mem tag=forest_parse_begin pass=0 src=98 reserve=0 rss=645923800 live=2282817
	csg_mem tag=forest_parse_end pass=0 src=98 arena=1160192 parse_ms=40 rss=647152600 live=2284211
	csg_mem tag=forest_parsed src=98 arena=1160192 rss=647152600 live=2284211
	csg_mem tag=forest src=99 bytes=67075 rss=645989336 live=2284199
	csg_mem tag=forest_parse_begin pass=0 src=99 reserve=0 rss=646005720 live=2284224
	csg_mem tag=forest_parse_end pass=0 src=99 arena=3936576 parse_ms=99 rss=649970648 live=2287728
	csg_mem tag=forest_parsed src=99 arena=3936576 rss=649970648 live=2287728
	csg_mem tag=forest src=100 bytes=122136 rss=646038488 live=2287721
	csg_mem tag=forest_parse_begin pass=0 src=100 reserve=0 rss=646136792 live=2287748
	csg_mem tag=forest_parse_end pass=0 src=100 arena=4583264 parse_ms=163 rss=650773488 live=2294687
	csg_mem tag=forest_parsed src=100 arena=4583264 rss=650773488 live=2294687
	csg_mem tag=forest src=101 bytes=477806 rss=646218712 live=2294692
	csg_mem tag=forest_parse_begin pass=0 src=101 reserve=0 rss=646595544 live=2294723
	csg_mem tag=forest_parse_end pass=0 src=101 arena=18347488 parse_ms=676 rss=665650184 live=2333613
	csg_mem tag=forest_parsed src=101 arena=18347488 rss=665650184 live=2333613
	csg_mem tag=forest src=102 bytes=9251 rss=646923224 live=2333617
	csg_mem tag=forest_parse_begin pass=0 src=102 reserve=0 rss=646923224 live=2333636
	csg_mem tag=forest_parse_end pass=0 src=102 arena=410976 parse_ms=13 rss=647349208 live=2334358
	csg_mem tag=forest_parsed src=102 arena=410976 rss=647349208 live=2334358
	csg_mem tag=forest src=103 bytes=35254 rss=646923224 live=2334344
	csg_mem tag=forest_parse_begin pass=0 src=103 reserve=0 rss=646939608 live=2334369
	csg_mem tag=forest_parse_end pass=0 src=103 arena=1696640 parse_ms=51 rss=648643544 live=2336280
	csg_mem tag=forest_parsed src=103 arena=1696640 rss=648643544 live=2336280
	csg_mem tag=forest src=104 bytes=207662 rss=646939608 live=2336272
	csg_mem tag=forest_parse_begin pass=0 src=104 reserve=0 rss=647185368 live=2336301
	csg_mem tag=forest_parse_end pass=0 src=104 arena=8813440 parse_ms=278 rss=656114672 live=2347567
	csg_mem tag=forest_parsed src=104 arena=8813440 rss=656131056 live=2347567
	csg_mem tag=forest src=105 bytes=53041 rss=647300056 live=2347585
	csg_mem tag=forest_parse_begin pass=0 src=105 reserve=0 rss=647316440 live=2347610
	csg_mem tag=forest_parse_end pass=0 src=105 arena=2259072 parse_ms=76 rss=649577432 live=2350381
	csg_mem tag=forest_parsed src=105 arena=2259072 rss=649577432 live=2350381
	csg_mem tag=forest src=106 bytes=19779 rss=647316440 live=2350373
	csg_mem tag=forest_parse_begin pass=0 src=106 reserve=0 rss=647316440 live=2350394
	csg_mem tag=forest_parse_end pass=0 src=106 arena=751744 parse_ms=24 rss=648070104 live=2351357
	csg_mem tag=forest_parsed src=106 arena=751744 rss=648070104 live=2351357
	csg_mem tag=forest src=107 bytes=274 rss=647316440 live=2351346
	csg_mem tag=forest_parse_begin pass=0 src=107 reserve=0 rss=647316440 live=2351357
	csg_mem tag=forest_parse_end pass=0 src=107 arena=9376 parse_ms=0 rss=647316440 live=2351394
	csg_mem tag=forest_parsed src=107 arena=9376 rss=647316440 live=2351394
	csg_mem tag=forest src=108 bytes=131447 rss=647316440 live=2351381
	csg_mem tag=forest_parse_begin pass=0 src=108 reserve=0 rss=647431128 live=2351408
	csg_mem tag=forest_parse_end pass=0 src=108 arena=4836960 parse_ms=177 rss=652526576 live=2357882
	csg_mem tag=forest_parsed src=108 arena=4836960 rss=652526576 live=2357882
	csg_mem tag=forest src=109 bytes=204964 rss=647676888 live=2357876
	csg_mem tag=forest_parse_begin pass=0 src=109 reserve=0 rss=648086488 live=2357905
	csg_mem tag=forest_parse_end pass=0 src=109 arena=8810624 parse_ms=273 rss=657032176 live=2367964
	csg_mem tag=forest_parsed src=109 arena=8810624 rss=657032176 live=2367964
	csg_mem tag=forest src=110 bytes=26073 rss=648201176 live=2367972
	csg_mem tag=forest_parse_begin pass=0 src=110 reserve=0 rss=648266712 live=2367995
	csg_mem tag=forest_parse_end pass=0 src=110 arena=1108928 parse_ms=35 rss=649413592 live=2369380
	csg_mem tag=forest_parsed src=110 arena=1108928 rss=649413592 live=2369380
	csg_mem tag=forest src=111 bytes=52561 rss=648299480 live=2369368
	csg_mem tag=forest_parse_begin pass=0 src=111 reserve=0 rss=648365016 live=2369393
	csg_mem tag=forest_parse_end pass=0 src=111 arena=2303040 parse_ms=73 rss=650707928 live=2372393
	csg_mem tag=forest_parsed src=111 arena=2303040 rss=650707928 live=2372393
	csg_mem tag=forest src=112 bytes=54759 rss=648397784 live=2372383
	csg_mem tag=forest_parse_begin pass=0 src=112 reserve=0 rss=648430552 live=2372408
	csg_mem tag=forest_parse_end pass=0 src=112 arena=2325568 parse_ms=80 rss=650871768 live=2375471
	csg_mem tag=forest_parsed src=112 arena=2325568 rss=650871768 live=2375471
	csg_mem tag=forest src=113 bytes=22222 rss=648545240 live=2375467
	csg_mem tag=forest_parse_begin pass=0 src=113 reserve=0 rss=648561624 live=2375488
	csg_mem tag=forest_parse_end pass=0 src=113 arena=1006144 parse_ms=28 rss=649642968 live=2377033
	csg_mem tag=forest_parsed src=113 arena=1006144 rss=649642968 live=2377033
	csg_mem tag=forest src=114 bytes=396704 rss=648627160 live=2377020
	csg_mem tag=forest_parse_begin pass=0 src=114 reserve=0 rss=648938480 live=2377051
	csg_mem tag=forest_parse_end pass=0 src=114 arena=15681920 parse_ms=556 rss=665371656 live=2409843
	csg_mem tag=forest_parsed src=114 arena=15681920 rss=665371656 live=2409843
	csg_mem tag=forest src=115 bytes=5769 rss=649298928 live=2409832
	csg_mem tag=forest_parse_begin pass=0 src=115 reserve=0 rss=649298928 live=2409851
	csg_mem tag=forest_parse_end pass=0 src=115 arena=210208 parse_ms=7 rss=649511920 live=2410207
	csg_mem tag=forest_parsed src=115 arena=210208 rss=649511920 live=2410207
	csg_mem tag=forest src=116 bytes=3136 rss=649298928 live=2410195
	csg_mem tag=forest_parse_begin pass=0 src=116 reserve=0 rss=649298928 live=2410212
	csg_mem tag=forest_parse_end pass=0 src=116 arena=107776 parse_ms=4 rss=649298928 live=2410402
	csg_mem tag=forest_parsed src=116 arena=107776 rss=649298928 live=2410402
	csg_mem tag=forest src=117 bytes=281236 rss=649298928 live=2410390
	csg_mem tag=forest_parse_begin pass=0 src=117 reserve=0 rss=649462768 live=2410419
	csg_mem tag=forest_parse_end pass=0 src=117 arena=8623104 parse_ms=326 rss=658457608 live=2427337
	csg_mem tag=forest_parsed src=117 arena=8623104 rss=658457608 live=2427337
	csg_mem tag=forest src=118 bytes=36339 rss=649528304 live=2427328
	csg_mem tag=forest_parse_begin pass=0 src=118 reserve=0 rss=649528304 live=2427351
	csg_mem tag=forest_parse_end pass=0 src=118 arena=2203776 parse_ms=63 rss=651822064 live=2430099
	csg_mem tag=forest_parsed src=118 arena=2203776 rss=651822064 live=2430099
	csg_mem tag=forest src=119 bytes=66727 rss=649610224 live=2430086
	csg_mem tag=forest_parse_begin pass=0 src=119 reserve=0 rss=649642992 live=2430111
	csg_mem tag=forest_parse_end pass=0 src=119 arena=4554656 parse_ms=129 rss=654377992 live=2434957
	csg_mem tag=forest_parsed src=119 arena=4554656 rss=654377992 live=2434957
	csg_mem tag=forest src=120 bytes=19895 rss=649806832 live=2434949
	csg_mem tag=forest_parse_begin pass=0 src=120 reserve=0 rss=649823216 live=2434970
	csg_mem tag=forest_parse_end pass=0 src=120 arena=716672 parse_ms=23 rss=650576880 live=2436126
	csg_mem tag=forest_parsed src=120 arena=716672 rss=650576880 live=2436126
	csg_mem tag=forest src=121 bytes=104630 rss=649855984 live=2436114
	csg_mem tag=forest_parse_begin pass=0 src=121 reserve=0 rss=649855984 live=2436141
	csg_mem tag=forest_parse_end pass=0 src=121 arena=4230240 parse_ms=151 rss=654345224 live=2443560
	csg_mem tag=forest_parsed src=121 arena=4230240 rss=654345224 live=2443560
	csg_mem tag=forest src=122 bytes=21670 rss=650085360 live=2443552
	csg_mem tag=forest_parse_begin pass=0 src=122 reserve=0 rss=650167280 live=2443575
	csg_mem tag=forest_parse_end pass=0 src=122 arena=1157568 parse_ms=41 rss=651461616 live=2445039
	csg_mem tag=forest_parsed src=122 arena=1157568 rss=651461616 live=2445039
	csg_mem tag=forest src=123 bytes=41012 rss=650298352 live=2445027
	csg_mem tag=forest_parse_begin pass=0 src=123 reserve=0 rss=650396656 live=2445052
	csg_mem tag=forest_parse_end pass=0 src=123 arena=2319616 parse_ms=67 rss=652788720 live=2447861
	csg_mem tag=forest_parsed src=123 arena=2319616 rss=652788720 live=2447861
	csg_mem tag=forest src=124 bytes=602132 rss=650462192 live=2447849
	csg_mem tag=forest_parse_begin pass=0 src=124 reserve=0 rss=650920944 live=2447880
	csg_mem tag=forest_parse_end pass=0 src=124 arena=31473056 parse_ms=863 rss=681411616 live=2498833
	csg_mem tag=forest_parsed src=124 arena=31473056 rss=681411616 live=2498833
	csg_mem tag=forest src=125 bytes=2984 rss=651920368 live=2498869
	csg_mem tag=forest_parse_begin pass=0 src=125 reserve=0 rss=651920368 live=2498886
	csg_mem tag=forest_parse_end pass=0 src=125 arena=103360 parse_ms=3 rss=651920368 live=2499043
	csg_mem tag=forest_parsed src=125 arena=103360 rss=651920368 live=2499043
	csg_mem tag=forest src=126 bytes=6234 rss=651920368 live=2499031
	csg_mem tag=forest_parse_begin pass=0 src=126 reserve=0 rss=651920368 live=2499050
	csg_mem tag=forest_parse_end pass=0 src=126 arena=273504 parse_ms=8 rss=652198896 live=2499413
	csg_mem tag=forest_parsed src=126 arena=273504 rss=652198896 live=2499413
	csg_mem tag=forest src=127 bytes=36702 rss=651920368 live=2499400
	csg_mem tag=forest_parse_begin pass=0 src=127 reserve=0 rss=651953136 live=2499423
	csg_mem tag=forest_parse_end pass=0 src=127 arena=1143488 parse_ms=43 rss=653116400 live=2501183
	csg_mem tag=forest_parsed src=127 arena=1143488 rss=653116400 live=2501183
	csg_mem tag=forest src=128 bytes=49364 rss=651969520 live=2501172
	csg_mem tag=forest_parse_begin pass=0 src=128 reserve=0 rss=651969520 live=2501197
	csg_mem tag=forest_parse_end pass=0 src=128 arena=2322624 parse_ms=80 rss=654312432 live=2504480
	csg_mem tag=forest_parsed src=128 arena=2322624 rss=654312432 live=2504480
	csg_mem tag=forest src=129 bytes=42894 rss=651985904 live=2504488
	csg_mem tag=forest_parse_begin pass=0 src=129 reserve=0 rss=651985904 live=2504511
	csg_mem tag=forest_parse_end pass=0 src=129 arena=2289440 parse_ms=67 rss=654328816 live=2506607
	csg_mem tag=forest_parsed src=129 arena=2289440 rss=654328816 live=2506607
	csg_mem tag=forest src=130 bytes=32186 rss=652035056 live=2506603
	csg_mem tag=forest_parse_begin pass=0 src=130 reserve=0 rss=652035056 live=2506626
	csg_mem tag=forest_parse_end pass=0 src=130 arena=1998304 parse_ms=48 rss=654132208 live=2508676
	csg_mem tag=forest_parsed src=130 arena=1998304 rss=654132208 live=2508676
	csg_mem tag=forest src=131 bytes=34873 rss=652133360 live=2508664
	csg_mem tag=forest_parse_begin pass=0 src=131 reserve=0 rss=652133360 live=2508687
	csg_mem tag=forest_parse_end pass=0 src=131 arena=1627616 parse_ms=49 rss=653853680 live=2510780
	csg_mem tag=forest_parsed src=131 arena=1627616 rss=653853680 live=2510780
	csg_mem tag=forest src=132 bytes=1850073 rss=652215280 live=2510773
	csg_mem tag=forest_parse_begin pass=0 src=132 reserve=0 rss=654803952 live=2510808
	csg_mem tag=forest_parse_end pass=0 src=132 arena=72458048 parse_ms=2936 rss=731087928 live=2611933
	csg_mem tag=forest_parsed src=132 arena=72458048 rss=731087928 live=2611933
	csg_mem tag=forest src=133 bytes=41896 rss=657622000 live=2611981
	csg_mem tag=forest_parse_begin pass=0 src=133 reserve=0 rss=691274760 live=2612004
	csg_mem tag=forest_parse_end pass=0 src=133 arena=1945568 parse_ms=56 rss=693371912 live=2614614
	csg_mem tag=forest_parsed src=133 arena=1945568 rss=693371912 live=2614614
	csg_mem tag=forest src=134 bytes=3550288 rss=691422216 live=2614602
	csg_mem tag=forest_parse_begin pass=0 src=134 reserve=0 rss=695665672 live=2614639
	csg_mem tag=forest_parse_end pass=0 src=134 arena=140603200 parse_ms=6948 rss=842728624 live=2802338
	csg_mem tag=forest_parsed src=134 arena=140603200 rss=842728624 live=2802338
	csg_mem tag=forest src=135 bytes=134144 rss=698090504 live=2802416
	csg_mem tag=forest_parse_begin pass=0 src=135 reserve=0 rss=698156040 live=2802443
	csg_mem tag=forest_parse_end pass=0 src=135 arena=7742336 parse_ms=194 rss=705512480 live=2811509
	csg_mem tag=forest_parsed src=135 arena=7742336 rss=705512480 live=2811509
	csg_mem tag=forest src=136 bytes=592436 rss=698270728 live=2811501
	csg_mem tag=forest_parse_begin pass=0 src=136 reserve=0 rss=698549256 live=2811532
	csg_mem tag=forest_parse_end pass=0 src=136 arena=18504672 parse_ms=1207 rss=717587512 live=2842233
	csg_mem tag=forest_parsed src=136 arena=18504672 rss=717587512 live=2842233
	csg_mem tag=forest src=137 bytes=17351 rss=698549256 live=2842232
	csg_mem tag=forest_parse_begin pass=0 src=137 reserve=0 rss=698549256 live=2842253
	csg_mem tag=forest_parse_end pass=0 src=137 arena=1150240 parse_ms=33 rss=699696136 live=2843422
	csg_mem tag=forest_parsed src=137 arena=1150240 rss=699696136 live=2843422
	csg_mem tag=forest src=138 bytes=2319 rss=698549256 live=2843412
	csg_mem tag=forest_parse_begin pass=0 src=138 reserve=0 rss=698549256 live=2843427
	csg_mem tag=forest_parse_end pass=0 src=138 arena=86880 parse_ms=3 rss=698549256 live=2843536
	csg_mem tag=forest_parsed src=138 arena=86880 rss=698549256 live=2843536
	csg_mem tag=forest src=139 bytes=1697 rss=698549256 live=2843524
	csg_mem tag=forest_parse_begin pass=0 src=139 reserve=0 rss=698549256 live=2843539
	csg_mem tag=forest_parse_end pass=0 src=139 arena=57504 parse_ms=2 rss=698549256 live=2843639
	csg_mem tag=forest_parsed src=139 arena=57504 rss=698549256 live=2843639
	csg_mem tag=forest src=140 bytes=1202 rss=698549256 live=2843628
	csg_mem tag=forest_parse_begin pass=0 src=140 reserve=0 rss=698549256 live=2843643
	csg_mem tag=forest_parse_end pass=0 src=140 arena=52704 parse_ms=1 rss=698549256 live=2843723
	csg_mem tag=forest_parsed src=140 arena=52704 rss=698549256 live=2843723
	csg_mem tag=forest src=141 bytes=5427 rss=698549256 live=2843710
	csg_mem tag=forest_parse_begin pass=0 src=141 reserve=0 rss=698549256 live=2843729
	csg_mem tag=forest_parse_end pass=0 src=141 arena=286656 parse_ms=9 rss=698860552 live=2844143
	csg_mem tag=forest_parsed src=141 arena=286656 rss=698860552 live=2844143
	csg_mem tag=forest src=142 bytes=53259 rss=698565640 live=2844129
	csg_mem tag=forest_parse_begin pass=0 src=142 reserve=0 rss=698582024 live=2844154
	csg_mem tag=forest_parse_end pass=0 src=142 arena=2501696 parse_ms=95 rss=701088776 live=2853745
	csg_mem tag=forest_parsed src=142 arena=2501696 rss=701088776 live=2853745
	csg_mem tag=forest src=143 bytes=4821 rss=698598408 live=2853737
	csg_mem tag=forest_parse_begin pass=0 src=143 reserve=0 rss=698598408 live=2853756
	csg_mem tag=forest_parse_end pass=0 src=143 arena=276512 parse_ms=9 rss=698876936 live=2854035
	csg_mem tag=forest_parsed src=143 arena=276512 rss=698876936 live=2854035
	csg_mem tag=forest src=144 bytes=684 rss=698598408 live=2854023
	csg_mem tag=forest_parse_begin pass=0 src=144 reserve=0 rss=698598408 live=2854036
	csg_mem tag=forest_parse_end pass=0 src=144 arena=23264 parse_ms=0 rss=698614792 live=2854065
	csg_mem tag=forest_parsed src=144 arena=23264 rss=698614792 live=2854065
	csg_mem tag=forest src=145 bytes=706 rss=698614792 live=2854051
	csg_mem tag=forest_parse_begin pass=0 src=145 reserve=0 rss=698614792 live=2854064
	csg_mem tag=forest_parse_end pass=0 src=145 arena=23712 parse_ms=0 rss=698614792 live=2854116
	csg_mem tag=forest_parsed src=145 arena=23712 rss=698614792 live=2854116
	csg_mem tag=forest src=146 bytes=7097 rss=698614792 live=2854102
	csg_mem tag=forest_parse_begin pass=0 src=146 reserve=0 rss=698614792 live=2854121
	csg_mem tag=forest_parse_end pass=0 src=146 arena=392384 parse_ms=12 rss=699024392 live=2854521
	csg_mem tag=forest_parsed src=146 arena=392384 rss=699024392 live=2854521
	csg_mem tag=forest src=147 bytes=8518 rss=698631176 live=2854508
	csg_mem tag=forest_parse_begin pass=0 src=147 reserve=0 rss=698631176 live=2854527
	csg_mem tag=forest_parse_end pass=0 src=147 arena=486368 parse_ms=14 rss=699139080 live=2855066
	csg_mem tag=forest_parsed src=147 arena=486368 rss=699139080 live=2855066
	csg_mem tag=forest src=148 bytes=171411 rss=698647560 live=2855053
	csg_mem tag=forest_parse_begin pass=0 src=148 reserve=0 rss=698696712 live=2855080
	csg_mem tag=forest_parse_end pass=0 src=148 arena=8065696 parse_ms=236 rss=706266144 live=2873784
	csg_mem tag=forest_parsed src=148 arena=8065696 rss=706266144 live=2873784
	csg_mem tag=forest src=149 bytes=49447 rss=698696712 live=2873782
	csg_mem tag=forest_parse_begin pass=0 src=149 reserve=0 rss=698713096 live=2873807
	csg_mem tag=forest_parse_end pass=0 src=149 arena=2203968 parse_ms=573 rss=700974088 live=2876144
	csg_mem tag=forest_parsed src=149 arena=2203968 rss=700974088 live=2876144
	csg_mem tag=forest src=150 bytes=15928 rss=698762248 live=2876134
	csg_mem tag=forest_parse_begin pass=0 src=150 reserve=0 rss=698778632 live=2876155
	csg_mem tag=forest_parse_end pass=0 src=150 arena=759776 parse_ms=23 rss=699565064 live=2877103
	csg_mem tag=forest_parsed src=150 arena=759776 rss=699565064 live=2877103
	csg_mem tag=forest src=151 bytes=1861 rss=698795016 live=2877090
	csg_mem tag=forest_parse_begin pass=0 src=151 reserve=0 rss=698795016 live=2877105
	csg_mem tag=forest_parse_end pass=0 src=151 arena=86688 parse_ms=3 rss=698811400 live=2877234
	csg_mem tag=forest_parsed src=151 arena=86688 rss=698811400 live=2877234
	csg_mem tag=forest src=152 bytes=1128 rss=698811400 live=2877221
	csg_mem tag=forest_parse_begin pass=0 src=152 reserve=0 rss=698811400 live=2877234
	csg_mem tag=forest_parse_end pass=0 src=152 arena=66048 parse_ms=2 rss=698827784 live=2877332
	csg_mem tag=forest_parsed src=152 arena=66048 rss=698827784 live=2877332
	csg_mem tag=forest src=153 bytes=1513 rss=698827784 live=2877318
	csg_mem tag=forest_parse_begin pass=0 src=153 reserve=0 rss=698827784 live=2877333
	csg_mem tag=forest_parse_end pass=0 src=153 arena=54048 parse_ms=2 rss=698827784 live=2877472
	csg_mem tag=forest_parsed src=153 arena=54048 rss=698827784 live=2877472
	csg_mem tag=forest src=154 bytes=463934 rss=698827784 live=2877458
	csg_mem tag=forest_parse_begin pass=0 src=154 reserve=0 rss=699040776 live=2877489
	csg_mem tag=forest_parse_end pass=0 src=154 arena=18512992 parse_ms=1677 rss=717980728 live=2899482
	csg_mem tag=forest_parsed src=154 arena=18512992 rss=717980728 live=2899482
	csg_mem tag=forest src=155 bytes=13667 rss=699106312 live=2899485
	csg_mem tag=forest_parse_begin pass=0 src=155 reserve=0 rss=699106312 live=2899504
	csg_mem tag=forest_parse_end pass=0 src=155 arena=538080 parse_ms=19 rss=699663368 live=2900079
	csg_mem tag=forest_parsed src=155 arena=538080 rss=699663368 live=2900079
	csg_mem tag=forest src=156 bytes=38093 rss=699122696 live=2900065
	csg_mem tag=forest_parse_begin pass=0 src=156 reserve=0 rss=699171848 live=2900090
	csg_mem tag=forest_parse_end pass=0 src=156 arena=2014496 parse_ms=57 rss=701203464 live=2902239
	csg_mem tag=forest_parsed src=156 arena=2014496 rss=701203464 live=2902239
	csg_mem tag=forest src=157 bytes=11977 rss=699188232 live=2902226
	csg_mem tag=forest_parse_begin pass=0 src=157 reserve=0 rss=699204616 live=2902247
	csg_mem tag=forest_parse_end pass=0 src=157 arena=579104 parse_ms=20 rss=699794440 live=2902999
	csg_mem tag=forest_parsed src=157 arena=579104 rss=699794440 live=2902999
	csg_mem tag=forest src=158 bytes=2184453 rss=699204616 live=2902986
	csg_mem tag=forest_parse_begin pass=0 src=158 reserve=0 rss=768148536 live=2903021
	csg_mem tag=forest_parse_end pass=0 src=158 arena=73411680 parse_ms=3182 rss=846103680 live=3028253
	csg_mem tag=forest_parsed src=158 arena=73411680 rss=846103680 live=3028253
	csg_mem tag=forest src=159 bytes=10933 rss=771146808 live=3028333
	csg_mem tag=forest_parse_begin pass=0 src=159 reserve=0 rss=771179576 live=3028352
	csg_mem tag=forest_parse_end pass=0 src=159 arena=501088 parse_ms=13 rss=771720248 live=3028990
	csg_mem tag=forest_parsed src=159 arena=501088 rss=771720248 live=3028990
	csg_mem tag=forest src=160 bytes=1240 rss=771212344 live=3028979
	csg_mem tag=forest_parse_begin pass=0 src=160 reserve=0 rss=771212344 live=3028992
	csg_mem tag=forest_parse_end pass=0 src=160 arena=64000 parse_ms=2 rss=771212344 live=3029067
	csg_mem tag=forest_parsed src=160 arena=64000 rss=771212344 live=3029067
	csg_mem tag=forest src=161 bytes=9410 rss=771212344 live=3029053
	csg_mem tag=forest_parse_begin pass=0 src=161 reserve=0 rss=771245112 live=3029072
	csg_mem tag=forest_parse_end pass=0 src=161 arena=369024 parse_ms=11 rss=771638328 live=3029454
	csg_mem tag=forest_parsed src=161 arena=369024 rss=771638328 live=3029454
	csg_mem tag=forest src=162 bytes=68635 rss=771261496 live=3029441
	csg_mem tag=forest_parse_begin pass=0 src=162 reserve=0 rss=771392568 live=3029466
	csg_mem tag=forest_parse_end pass=0 src=162 arena=2996384 parse_ms=87 rss=774472760 live=3032722
	csg_mem tag=forest_parsed src=162 arena=2996384 rss=774472760 live=3032722
	csg_mem tag=forest src=163 bytes=50465 rss=771474488 live=3032710
	csg_mem tag=forest_parse_begin pass=0 src=163 reserve=0 rss=771507256 live=3032735
	csg_mem tag=forest_parse_end pass=0 src=163 arena=2227648 parse_ms=63 rss=773899320 live=3035812
	csg_mem tag=forest_parsed src=163 arena=2227648 rss=773899320 live=3035812
	csg_mem tag=forest src=164 bytes=17907 rss=771671096 live=3035802
	csg_mem tag=forest_parse_begin pass=0 src=164 reserve=0 rss=771687480 live=3035823
	csg_mem tag=forest_parse_end pass=0 src=164 arena=742784 parse_ms=23 rss=772457528 live=3036895
	csg_mem tag=forest_parsed src=164 arena=742784 rss=772457528 live=3036895
	csg_mem tag=forest src=165 bytes=5027 rss=771703864 live=3036882
	csg_mem tag=forest_parse_begin pass=0 src=165 reserve=0 rss=771703864 live=3036899
	csg_mem tag=forest_parse_end pass=0 src=165 arena=255104 parse_ms=8 rss=771966008 live=3037201
	csg_mem tag=forest_parsed src=165 arena=255104 rss=771966008 live=3037201
	csg_mem tag=forest src=166 bytes=660119 rss=771720248 live=3037187
	csg_mem tag=forest_parse_begin pass=0 src=166 reserve=0 rss=772064312 live=3037218
	csg_mem tag=forest_parse_end pass=0 src=166 arena=31122080 parse_ms=929 rss=801473640 live=3080193
	csg_mem tag=forest_parsed src=166 arena=31122080 rss=801473640 live=3080193
	csg_mem tag=forest src=167 bytes=20497 rss=772260920 live=3080193
	csg_mem tag=forest_parse_begin pass=0 src=167 reserve=0 rss=772277304 live=3080214
	csg_mem tag=forest_parse_end pass=0 src=167 arena=970752 parse_ms=25 rss=773260344 live=3081319
	csg_mem tag=forest_parsed src=167 arena=970752 rss=773260344 live=3081319
	csg_mem tag=forest src=168 bytes=40593 rss=772277304 live=3081310
	csg_mem tag=forest_parse_begin pass=0 src=168 reserve=0 rss=772277304 live=3081335
	csg_mem tag=forest_parse_end pass=0 src=168 arena=2318432 parse_ms=66 rss=774620216 live=3083584
	csg_mem tag=forest_parsed src=168 arena=2318432 rss=774620216 live=3083584
	csg_mem tag=forest src=169 bytes=46446 rss=772293688 live=3083573
	csg_mem tag=forest_parse_begin pass=0 src=169 reserve=0 rss=772293688 live=3083596
	csg_mem tag=forest_parse_end pass=0 src=169 arena=1915136 parse_ms=49 rss=774210616 live=3085702
	csg_mem tag=forest_parsed src=169 arena=1915136 rss=774210616 live=3085702
	csg_mem tag=forest src=170 bytes=1303220 rss=772293688 live=3085690
	csg_mem tag=forest_parse_begin pass=0 src=170 reserve=0 rss=773211192 live=3085723
	csg_mem tag=forest_parse_end pass=0 src=170 arena=62341184 parse_ms=1799 rss=830817408 live=3152179
	csg_mem tag=forest_parsed src=170 arena=62341184 rss=830817408 live=3152179
	csg_mem tag=forest src=171 bytes=251029 rss=773719096 live=3152177
	csg_mem tag=forest_parse_begin pass=0 src=171 reserve=0 rss=773768248 live=3152206
	csg_mem tag=forest_parse_end pass=0 src=171 arena=8745120 parse_ms=330 rss=783025232 live=3165102
	csg_mem tag=forest_parsed src=171 arena=8745120 rss=783025232 live=3165102
	csg_mem tag=forest src=172 bytes=16374 rss=774259768 live=3165100
	csg_mem tag=forest_parse_begin pass=0 src=172 reserve=0 rss=774259768 live=3165121
	csg_mem tag=forest_parse_end pass=0 src=172 arena=601984 parse_ms=22 rss=774915128 live=3166054
	csg_mem tag=forest_parsed src=172 arena=601984 rss=774915128 live=3166054
	csg_mem tag=forest src=173 bytes=25800 rss=774308920 live=3166041
	csg_mem tag=forest_parse_begin pass=0 src=173 reserve=0 rss=774341688 live=3166064
	csg_mem tag=forest_parse_end pass=0 src=173 arena=1098720 parse_ms=33 rss=775537720 live=3167258
	csg_mem tag=forest_parsed src=173 arena=1098720 rss=775537720 live=3167258
	csg_mem tag=forest src=174 bytes=148845 rss=774423608 live=3167246
	csg_mem tag=forest_parse_begin pass=0 src=174 reserve=0 rss=774652984 live=3167273
	csg_mem tag=forest_parse_end pass=0 src=174 arena=8091232 parse_ms=210 rss=782386256 live=3174583
	csg_mem tag=forest_parsed src=174 arena=8091232 rss=782386256 live=3174583
	csg_mem tag=forest src=175 bytes=67128 rss=774784056 live=3174579
	csg_mem tag=forest_parse_begin pass=0 src=175 reserve=0 rss=774865976 live=3174604
	csg_mem tag=forest_parse_end pass=0 src=175 arena=3947680 parse_ms=96 rss=778912824 live=3177954
	csg_mem tag=forest_parsed src=175 arena=3947680 rss=778912824 live=3177954
	csg_mem tag=forest src=176 bytes=78825 rss=774964280 live=3177942
	csg_mem tag=forest_parse_begin pass=0 src=176 reserve=0 rss=775062584 live=3177967
	csg_mem tag=forest_parse_end pass=0 src=176 arena=3980928 parse_ms=109 rss=779174968 live=3181804
	csg_mem tag=forest_parsed src=176 arena=3980928 rss=779174968 live=3181804
	csg_mem tag=forest src=177 bytes=21900 rss=775193656 live=3181795
	csg_mem tag=forest_parse_begin pass=0 src=177 reserve=0 rss=775226424 live=3181818
	csg_mem tag=forest_parse_end pass=0 src=177 arena=1123968 parse_ms=32 rss=776471608 live=3183009
	csg_mem tag=forest_parsed src=177 arena=1123968 rss=776471608 live=3183009
	csg_mem tag=forest src=178 bytes=23417 rss=775341112 live=3182997
	csg_mem tag=forest_parse_begin pass=0 src=178 reserve=0 rss=775373880 live=3183020
	csg_mem tag=forest_parse_end pass=0 src=178 arena=1161856 parse_ms=37 rss=776635448 live=3184626
	csg_mem tag=forest_parsed src=178 arena=1161856 rss=776635448 live=3184626
	csg_mem tag=forest src=179 bytes=22043 rss=775472184 live=3184614
	csg_mem tag=forest_parse_begin pass=0 src=179 reserve=0 rss=775504952 live=3184637
	csg_mem tag=forest_parse_end pass=0 src=179 arena=1141856 parse_ms=33 rss=776684600 live=3185918
	csg_mem tag=forest_parsed src=179 arena=1141856 rss=776684600 live=3185918
	csg_mem tag=forest src=180 bytes=47225 rss=775537720 live=3185905
	csg_mem tag=forest_parse_begin pass=0 src=180 reserve=0 rss=775603256 live=3185930
	csg_mem tag=forest_parse_end pass=0 src=180 arena=2339200 parse_ms=90 rss=777995320 live=3189177
	csg_mem tag=forest_parsed src=180 arena=2339200 rss=777995320 live=3189177
	csg_mem tag=forest src=181 bytes=30262 rss=775652408 live=3189166
	csg_mem tag=forest_parse_begin pass=0 src=181 reserve=0 rss=775685176 live=3189189
	csg_mem tag=forest_parse_end pass=0 src=181 arena=1158624 parse_ms=41 rss=776881208 live=3190980
	csg_mem tag=forest_parsed src=181 arena=1158624 rss=776881208 live=3190980
	csg_mem tag=forest src=182 bytes=48950 rss=775717944 live=3190971
	csg_mem tag=forest_parse_begin pass=0 src=182 reserve=0 rss=775767096 live=3190996
	csg_mem tag=forest_parse_end pass=0 src=182 arena=3265760 parse_ms=95 rss=779174968 live=3194310
	csg_mem tag=forest_parsed src=182 arena=3265760 rss=779174968 live=3194310
	csg_mem tag=forest src=183 bytes=1838 rss=775898168 live=3194300
	csg_mem tag=forest_parse_begin pass=0 src=183 reserve=0 rss=775898168 live=3194315
	csg_mem tag=forest_parse_end pass=0 src=183 arena=134464 parse_ms=4 rss=776111160 live=3194461
	csg_mem tag=forest_parsed src=183 arena=134464 rss=776111160 live=3194461
	csg_mem tag=forest src=184 bytes=77801 rss=775963704 live=3194447
	csg_mem tag=forest_parse_begin pass=0 src=184 reserve=0 rss=776078392 live=3194472
	csg_mem tag=forest_parse_end pass=0 src=184 arena=4007232 parse_ms=103 rss=780190776 live=3199195
	csg_mem tag=forest_parsed src=184 arena=4007232 rss=780190776 live=3199195
	csg_mem tag=forest src=185 bytes=48122 rss=776176696 live=3199189
	csg_mem tag=forest_parse_begin pass=0 src=185 reserve=0 rss=776307768 live=3199214
	csg_mem tag=forest_parse_end pass=0 src=185 arena=2178528 parse_ms=70 rss=778535992 live=3202368
	csg_mem tag=forest_parsed src=185 arena=2178528 rss=778535992 live=3202368
	csg_mem tag=forest src=186 bytes=184731 rss=776356920 live=3202357
	csg_mem tag=forest_parse_begin pass=0 src=186 reserve=0 rss=776438840 live=3202384
	csg_mem tag=forest_parse_end pass=0 src=186 arena=8187936 parse_ms=244 rss=784811088 live=3213100
	csg_mem tag=forest_parsed src=186 arena=8187936 rss=784811088 live=3213100
	csg_mem tag=forest src=187 bytes=149931 rss=776602680 live=3213099
	csg_mem tag=forest_parse_begin pass=0 src=187 reserve=0 rss=776651832 live=3213126
	csg_mem tag=forest_parse_end pass=0 src=187 arena=7709984 parse_ms=185 rss=784417872 live=3220372
	csg_mem tag=forest_parsed src=187 arena=7709984 rss=784417872 live=3220372
	csg_mem tag=forest src=188 bytes=57852 rss=776684600 live=3220365
	csg_mem tag=forest_parse_begin pass=0 src=188 reserve=0 rss=776700984 live=3220390
	csg_mem tag=forest_parse_end pass=0 src=188 arena=3874400 parse_ms=92 rss=780583992 live=3224106
	csg_mem tag=forest_parsed src=188 arena=3874400 rss=780583992 live=3224106
	csg_mem tag=forest src=189 bytes=34561 rss=776717368 live=3224095
	csg_mem tag=forest_parse_begin pass=0 src=189 reserve=0 rss=776717368 live=3224118
	csg_mem tag=forest_parse_end pass=0 src=189 arena=1181056 parse_ms=46 rss=777897016 live=3226015
	csg_mem tag=forest_parsed src=189 arena=1181056 rss=777897016 live=3226015
	csg_mem tag=forest src=190 bytes=10968 rss=776717368 live=3226003
	csg_mem tag=forest_parse_begin pass=0 src=190 reserve=0 rss=776717368 live=3226022
	csg_mem tag=forest_parse_end pass=0 src=190 arena=299616 parse_ms=12 rss=777028664 live=3226402
	csg_mem tag=forest_parsed src=190 arena=299616 rss=777028664 live=3226402
	csg_mem tag=forest src=191 bytes=8297 rss=776717368 live=3226388
	csg_mem tag=forest_parse_begin pass=0 src=191 reserve=0 rss=776717368 live=3226407
	csg_mem tag=forest_parse_end pass=0 src=191 arena=265824 parse_ms=9 rss=776995896 live=3226659
	csg_mem tag=forest_parsed src=191 arena=265824 rss=776995896 live=3226659
	csg_mem tag=forest src=192 bytes=15897 rss=776717368 live=3226645
	csg_mem tag=forest_parse_begin pass=0 src=192 reserve=0 rss=776717368 live=3226666
	csg_mem tag=forest_parse_end pass=0 src=192 arena=778688 parse_ms=26 rss=777503800 live=3227439
	csg_mem tag=forest_parsed src=192 arena=778688 rss=777503800 live=3227439
	csg_mem tag=forest src=193 bytes=4281 rss=776717368 live=3227429
	csg_mem tag=forest_parse_begin pass=0 src=193 reserve=0 rss=776717368 live=3227446
	csg_mem tag=forest_parse_end pass=0 src=193 arena=140192 parse_ms=5 rss=776864824 live=3227621
	csg_mem tag=forest_parsed src=193 arena=140192 rss=776864824 live=3227621
	csg_mem tag=forest src=194 bytes=16679 rss=776717368 live=3227609
	csg_mem tag=forest_parse_begin pass=0 src=194 reserve=0 rss=776733752 live=3227630
	csg_mem tag=forest_parse_end pass=0 src=194 arena=730336 parse_ms=24 rss=777471032 live=3228628
	csg_mem tag=forest_parsed src=194 arena=730336 rss=777471032 live=3228628
	csg_mem tag=forest src=195 bytes=22255 rss=776733752 live=3228614
	csg_mem tag=forest_parse_begin pass=0 src=195 reserve=0 rss=776733752 live=3228637
	csg_mem tag=forest_parse_end pass=0 src=195 arena=1077184 parse_ms=35 rss=777831480 live=3229860
	csg_mem tag=forest_parsed src=195 arena=1077184 rss=777831480 live=3229860
	csg_mem tag=forest src=196 bytes=11418 rss=776750136 live=3229848
	csg_mem tag=forest_parse_begin pass=0 src=196 reserve=0 rss=776750136 live=3229869
	csg_mem tag=forest_parse_end pass=0 src=196 arena=562144 parse_ms=18 rss=777339960 live=3230544
	csg_mem tag=forest_parsed src=196 arena=562144 rss=777339960 live=3230544
	csg_mem tag=forest src=197 bytes=55565 rss=776766520 live=3230531
	csg_mem tag=forest_parse_begin pass=0 src=197 reserve=0 rss=776815672 live=3230556
	csg_mem tag=forest_parse_end pass=0 src=197 arena=2286496 parse_ms=82 rss=779125816 live=3233520
	csg_mem tag=forest_parsed src=197 arena=2286496 rss=779125816 live=3233520
	csg_mem tag=forest src=198 bytes=12852 rss=776832056 live=3233509
	csg_mem tag=forest_parse_begin pass=0 src=198 reserve=0 rss=776832056 live=3233530
	csg_mem tag=forest_parse_end pass=0 src=198 arena=551392 parse_ms=19 rss=777405496 live=3234325
	csg_mem tag=forest_parsed src=198 arena=551392 rss=777405496 live=3234325
	csg_mem tag=forest src=199 bytes=16279 rss=776848440 live=3234311
	csg_mem tag=forest_parse_begin pass=0 src=199 reserve=0 rss=776848440 live=3234332
	csg_mem tag=forest_parse_end pass=0 src=199 arena=725472 parse_ms=22 rss=777602104 live=3235225
	csg_mem tag=forest_parsed src=199 arena=725472 rss=777602104 live=3235225
	csg_mem tag=forest src=200 bytes=13988 rss=776864824 live=3235212
	csg_mem tag=forest_parse_begin pass=0 src=200 reserve=0 rss=776897592 live=3235233
	csg_mem tag=forest_parse_end pass=0 src=200 arena=556256 parse_ms=20 rss=777487416 live=3236075
	csg_mem tag=forest_parsed src=200 arena=556256 rss=777487416 live=3236075
	csg_mem tag=forest src=201 bytes=16582 rss=776930360 live=3236061
	csg_mem tag=forest_parse_begin pass=0 src=201 reserve=0 rss=776930360 live=3236082
	csg_mem tag=forest_parse_end pass=0 src=201 arena=980576 parse_ms=23 rss=777962552 live=3236851
	csg_mem tag=forest_parsed src=201 arena=980576 rss=777962552 live=3236851
	csg_mem tag=forest src=202 bytes=13467 rss=776979512 live=3236838
	csg_mem tag=forest_parse_begin pass=0 src=202 reserve=0 rss=776979512 live=3236859
	csg_mem tag=forest_parse_end pass=0 src=202 arena=556256 parse_ms=19 rss=777552952 live=3237609
	csg_mem tag=forest_parsed src=202 arena=556256 rss=777552952 live=3237609
	csg_mem tag=forest src=203 bytes=9353 rss=776995896 live=3237595
	csg_mem tag=forest_parse_begin pass=0 src=203 reserve=0 rss=777012280 live=3237614
	csg_mem tag=forest_parse_end pass=0 src=203 arena=486272 parse_ms=13 rss=777552952 live=3238140
	csg_mem tag=forest_parsed src=203 arena=486272 rss=777552952 live=3238140
	csg_mem tag=forest src=204 bytes=1551 rss=777061432 live=3238126
	csg_mem tag=forest_parse_begin pass=0 src=204 reserve=0 rss=777061432 live=3238143
	csg_mem tag=forest_parse_end pass=0 src=204 arena=116288 parse_ms=3 rss=777061432 live=3238237
	csg_mem tag=forest_parsed src=204 arena=116288 rss=777061432 live=3238237
	csg_mem tag=forest src=205 bytes=5930 rss=777061432 live=3238224
	csg_mem tag=forest_parse_begin pass=0 src=205 reserve=0 rss=777061432 live=3238243
	csg_mem tag=forest_parse_end pass=0 src=205 arena=244416 parse_ms=9 rss=777438264 live=3238588
	csg_mem tag=forest_parsed src=205 arena=244416 rss=777438264 live=3238588
	csg_mem tag=forest src=206 bytes=7319 rss=777192504 live=3238575
	csg_mem tag=forest_parse_begin pass=0 src=206 reserve=0 rss=777241656 live=3238596
	csg_mem tag=forest_parse_end pass=0 src=206 arena=621280 parse_ms=19 rss=778044472 live=3239263
	csg_mem tag=forest_parsed src=206 arena=621280 rss=778044472 live=3239263
	csg_mem tag=forest src=207 bytes=14020 rss=777421880 live=3239251
	csg_mem tag=forest_parse_begin pass=0 src=207 reserve=0 rss=777421880 live=3239272
	csg_mem tag=forest_parse_end pass=0 src=207 arena=1135904 parse_ms=32 rss=778732600 live=3240404
	csg_mem tag=forest_parsed src=207 arena=1135904 rss=778732600 live=3240404
	csg_mem tag=forest src=208 bytes=13488 rss=777585720 live=3240395
	csg_mem tag=forest_parse_begin pass=0 src=208 reserve=0 rss=777602104 live=3240416
	csg_mem tag=forest_parse_end pass=0 src=208 arena=904928 parse_ms=31 rss=778519608 live=3241348
	csg_mem tag=forest_parsed src=208 arena=904928 rss=778519608 live=3241348
	csg_mem tag=forest src=209 bytes=20084 rss=777602104 live=3241334
	csg_mem tag=forest_parse_begin pass=0 src=209 reserve=0 rss=777651256 live=3241357
	csg_mem tag=forest_parse_end pass=0 src=209 arena=2075136 parse_ms=55 rss=779813944 live=3244130
	csg_mem tag=forest_parsed src=209 arena=2075136 rss=779813944 live=3244130
	csg_mem tag=forest src=210 bytes=1023 rss=777733176 live=3244120
	csg_mem tag=forest_parse_begin pass=0 src=210 reserve=0 rss=777733176 live=3244133
	csg_mem tag=forest_parse_end pass=0 src=210 arena=52704 parse_ms=2 rss=777733176 live=3244229
	csg_mem tag=forest_parsed src=210 arena=52704 rss=777733176 live=3244229
	csg_mem tag=forest src=211 bytes=5533 rss=777733176 live=3244215
	csg_mem tag=forest_parse_begin pass=0 src=211 reserve=0 rss=777749560 live=3244234
	csg_mem tag=forest_parse_end pass=0 src=211 arena=431616 parse_ms=12 rss=778372152 live=3244634
	csg_mem tag=forest_parsed src=211 arena=431616 rss=778372152 live=3244634
	csg_mem tag=forest src=212 bytes=33495 rss=777929784 live=3244621
	csg_mem tag=forest_parse_begin pass=0 src=212 reserve=0 rss=777946168 live=3244644
	csg_mem tag=forest_parse_end pass=0 src=212 arena=2308384 parse_ms=78 rss=780338232 live=3247456
	csg_mem tag=forest_parsed src=212 arena=2308384 rss=780338232 live=3247456
	csg_mem tag=forest src=213 bytes=13512 rss=778028088 live=3247444
	csg_mem tag=forest_parse_begin pass=0 src=213 reserve=0 rss=778077240 live=3247465
	csg_mem tag=forest_parse_end pass=0 src=213 arena=1011200 parse_ms=30 rss=779158584 live=3248621
	csg_mem tag=forest_parsed src=213 arena=1011200 rss=779158584 live=3248621
	csg_mem tag=forest src=214 bytes=6401 rss=778142776 live=3248607
	csg_mem tag=forest_parse_begin pass=0 src=214 reserve=0 rss=778159160 live=3248628
	csg_mem tag=forest_parse_end pass=0 src=214 arena=482464 parse_ms=14 rss=778814520 live=3249054
	csg_mem tag=forest_parsed src=214 arena=482464 rss=778814520 live=3249054
	csg_mem tag=forest src=215 bytes=50615 rss=778323000 live=3249041
	csg_mem tag=forest_parse_begin pass=0 src=215 reserve=0 rss=778421304 live=3249066
	csg_mem tag=forest_parse_end pass=0 src=215 arena=3387296 parse_ms=105 rss=781960248 live=3252839
	csg_mem tag=forest_parsed src=215 arena=3387296 rss=781960248 live=3252839
	csg_mem tag=forest src=216 bytes=1052 rss=778568760 live=3252835
	csg_mem tag=forest_parse_begin pass=0 src=216 reserve=0 rss=778568760 live=3252850
	csg_mem tag=forest_parse_end pass=0 src=216 arena=57632 parse_ms=2 rss=778585144 live=3252914
	csg_mem tag=forest_parsed src=216 arena=57632 rss=778585144 live=3252914
	csg_mem tag=forest src=217 bytes=42707 rss=778585144 live=3252901
	csg_mem tag=forest_parse_begin pass=0 src=217 reserve=0 rss=778634296 live=3252926
	csg_mem tag=forest_parse_end pass=0 src=217 arena=3378816 parse_ms=96 rss=782206008 live=3256026
	csg_mem tag=forest_parsed src=217 arena=3378816 rss=782206008 live=3256026
	csg_mem tag=forest src=218 bytes=961 rss=778814520 live=3256019
	csg_mem tag=forest_parse_begin pass=0 src=218 reserve=0 rss=778814520 live=3256034
	csg_mem tag=forest_parse_end pass=0 src=218 arena=48704 parse_ms=1 rss=778830904 live=3256081
	csg_mem tag=forest_parsed src=218 arena=48704 rss=778830904 live=3256081
	csg_mem tag=forest src=219 bytes=142651 rss=778830904 live=3256069
	csg_mem tag=forest_parse_begin pass=0 src=219 reserve=0 rss=778961976 live=3256098
	csg_mem tag=forest_parse_end pass=0 src=219 arena=7740960 parse_ms=258 rss=786859088 live=3266544
	csg_mem tag=forest_parsed src=219 arena=7740960 rss=786859088 live=3266544
	csg_mem tag=forest src=220 bytes=37592 rss=779142200 live=3266559
	csg_mem tag=forest_parse_begin pass=0 src=220 reserve=0 rss=779142200 live=3266582
	csg_mem tag=forest_parse_end pass=0 src=220 arena=1904480 parse_ms=61 rss=781124664 live=3268607
	csg_mem tag=forest_parsed src=220 arena=1904480 rss=781124664 live=3268607
	csg_mem tag=forest src=221 bytes=4151 rss=779207736 live=3268593
	csg_mem tag=forest_parse_begin pass=0 src=221 reserve=0 rss=779207736 live=3268612
	csg_mem tag=forest_parse_end pass=0 src=221 arena=322112 parse_ms=12 rss=779568184 live=3269022
	csg_mem tag=forest_parsed src=221 arena=322112 rss=779568184 live=3269022
	csg_mem tag=forest src=222 bytes=7309 rss=779240504 live=3269009
	csg_mem tag=forest_parse_begin pass=0 src=222 reserve=0 rss=779256888 live=3269030
	csg_mem tag=forest_parse_end pass=0 src=222 arena=582336 parse_ms=17 rss=780010552 live=3269632
	csg_mem tag=forest_parsed src=222 arena=582336 rss=780010552 live=3269632
	csg_mem tag=forest src=223 bytes=10874 rss=779420728 live=3269618
	csg_mem tag=forest_parse_begin pass=0 src=223 reserve=0 rss=779437112 live=3269639
	csg_mem tag=forest_parse_end pass=0 src=223 arena=844128 parse_ms=24 rss=780452920 live=3270540
	csg_mem tag=forest_parsed src=223 arena=844128 rss=780452920 live=3270540
	csg_mem tag=forest src=224 bytes=2184 rss=779600952 live=3270529
	csg_mem tag=forest_parse_begin pass=0 src=224 reserve=0 rss=779600952 live=3270546
	csg_mem tag=forest_parse_end pass=0 src=224 arena=199136 parse_ms=6 rss=779994168 live=3270674
	csg_mem tag=forest_parsed src=224 arena=199136 rss=779994168 live=3270674
	csg_mem tag=forest src=225 bytes=2730 rss=779781176 live=3270660
	csg_mem tag=forest_parse_begin pass=0 src=225 reserve=0 rss=779781176 live=3270677
	csg_mem tag=forest_parse_end pass=0 src=225 arena=220992 parse_ms=6 rss=780010552 live=3270842
	csg_mem tag=forest_parsed src=225 arena=220992 rss=780010552 live=3270842
	csg_mem tag=forest src=226 bytes=13214 rss=779781176 live=3270830
	csg_mem tag=forest_parse_begin pass=0 src=226 reserve=0 rss=779781176 live=3270851
	csg_mem tag=forest_parse_end pass=0 src=226 arena=956544 parse_ms=30 rss=780928056 live=3271861
	csg_mem tag=forest_parsed src=226 arena=956544 rss=780928056 live=3271861
	csg_mem tag=forest src=227 bytes=170 rss=779961400 live=3271849
	csg_mem tag=forest_parse_begin pass=0 src=227 reserve=0 rss=779961400 live=3271860
	csg_mem tag=forest_parse_end pass=0 src=227 arena=10176 parse_ms=0 rss=779961400 live=3271881
	csg_mem tag=forest_parsed src=227 arena=10176 rss=779961400 live=3271881
	csg_mem tag=forest src=228 bytes=13660 rss=779961400 live=3271867
	csg_mem tag=forest_parse_begin pass=0 src=228 reserve=0 rss=780010552 live=3271890
	csg_mem tag=forest_parse_end pass=0 src=228 arena=1243744 parse_ms=36 rss=781304888 live=3272955
	csg_mem tag=forest_parsed src=228 arena=1243744 rss=781304888 live=3272955
	csg_mem tag=forest src=229 bytes=13065 rss=780059704 live=3272941
	csg_mem tag=forest_parse_begin pass=0 src=229 reserve=0 rss=780059704 live=3272962
	csg_mem tag=forest_parse_end pass=0 src=229 arena=1160288 parse_ms=34 rss=781272120 live=3274058
	csg_mem tag=forest_parsed src=229 arena=1160288 rss=781272120 live=3274058
	csg_mem tag=forest src=230 bytes=103363 rss=780108856 live=3274045
	csg_mem tag=forest_parse_begin pass=0 src=230 reserve=0 rss=780141624 live=3274072
	csg_mem tag=forest_parse_end pass=0 src=230 arena=5081696 parse_ms=175 rss=785269840 live=3282298
	csg_mem tag=forest_parsed src=230 arena=5081696 rss=785269840 live=3282298
	csg_mem tag=forest src=231 bytes=5655 rss=780190776 live=3282309
	csg_mem tag=forest_parse_begin pass=0 src=231 reserve=0 rss=780190776 live=3282328
	csg_mem tag=forest_parse_end pass=0 src=231 arena=473504 parse_ms=16 rss=780682296 live=3282943
	csg_mem tag=forest_parsed src=231 arena=473504 rss=780682296 live=3282943
	csg_mem tag=forest src=232 bytes=8447 rss=780207160 live=3282931
	csg_mem tag=forest_parse_begin pass=0 src=232 reserve=0 rss=780223544 live=3282952
	csg_mem tag=forest_parse_end pass=0 src=232 arena=448320 parse_ms=15 rss=780682296 live=3283419
	csg_mem tag=forest_parsed src=232 arena=448320 rss=780682296 live=3283419
	csg_mem tag=forest src=233 bytes=2526 rss=780223544 live=3283410
	csg_mem tag=forest_parse_begin pass=0 src=233 reserve=0 rss=780223544 live=3283427
	csg_mem tag=forest_parse_end pass=0 src=233 arena=117280 parse_ms=3 rss=780223544 live=3283498
	csg_mem tag=forest_parsed src=233 arena=117280 rss=780223544 live=3283498
	csg_mem tag=ta_limits tokens=3631948 type_syntax=158351 type_syntax_children=58789 enum_variants=975 declaration_symbols=1315 functions=17460 bracket_args=1277 generic_symbols=111 generic_symbol_children=0 column_rows=17859519 column_bytes=71438076 rss=780223544 live=3283483
	csg_mem tag=forest_build_done rss=780223544 live=3283483
	csg_mem tag=decl_index entries=1315 sources=234 type_syntax=158351 declarations=156076 verified=0 rss=780223544 live=3283483
	csg_mem tag=ta_limits tokens=3631948 type_syntax=158351 type_syntax_children=58789 enum_variants=975 declaration_symbols=1315 functions=17460 bracket_args=1277 generic_symbols=111 generic_symbol_children=0 column_rows=17859519 column_bytes=71438076 rss=836502632 live=5061891
	csg_mem tag=p1_arena_reserved rss=875513008 live=5062183
	csg_mem tag=p1_ctx_index_built rss=905315528 live=5375701
	csg_mem tag=forest src=0 bytes=7371 rss=905315528 live=5375703
	csg_mem tag=forest_parse_begin pass=1 src=0 reserve=332992 rss=905315528 live=5375729
	csg_mem tag=forest_appended src=0 forest_arena=86204776 rss=912819424 live=5377244
	csg_mem tag=ta_stream src=0 arena=86204776 rss=912819424 live=5377244
	csg_mem tag=forest src=1 bytes=9952 rss=912819424 live=5377238
	csg_mem tag=forest_parse_begin pass=1 src=1 reserve=590400 rss=912819424 live=5377266
	csg_mem tag=forest_appended src=1 forest_arena=86209896 rss=930612448 live=5379705
	csg_mem tag=ta_stream src=1 arena=86209896 rss=930612448 live=5379705
	csg_mem tag=forest src=2 bytes=817253 rss=930612448 live=5379699
	csg_mem tag=forest_parse_begin pass=1 src=2 reserve=33687488 rss=934200544 live=5379739
	csg_mem tag=forest_appended src=2 forest_arena=86347208 rss=1003046208 live=5441952
	csg_mem tag=ta_stream src=2 arena=86347208 rss=1003046208 live=5441952
	csg_mem tag=forest src=3 bytes=94454 rss=1003046208 live=5441946
	csg_mem tag=forest_parse_begin pass=1 src=3 reserve=2989344 rss=1003210048 live=5441978
	csg_mem tag=forest_appended src=3 forest_arena=86347208 rss=1006470464 live=5449104
	csg_mem tag=ta_stream src=3 arena=86347208 rss=1006470464 live=5449104
	csg_mem tag=forest src=4 bytes=59923 rss=1006470464 live=5449098
	csg_mem tag=forest_parse_begin pass=1 src=4 reserve=2154880 rss=1006650688 live=5449130
	csg_mem tag=forest_appended src=4 forest_arena=86347208 rss=1007437120 live=5452397
	csg_mem tag=ta_stream src=4 arena=86347208 rss=1007437120 live=5452397
	csg_mem tag=forest src=5 bytes=136411 rss=1007437120 live=5452391
	csg_mem tag=forest_parse_begin pass=1 src=5 reserve=4724416 rss=1007813952 live=5452425
	csg_mem tag=forest_appended src=5 forest_arena=86347208 rss=1012073792 live=5464405
	csg_mem tag=ta_stream src=5 arena=86347208 rss=1012073792 live=5464405
	csg_mem tag=forest src=6 bytes=164754 rss=1012073792 live=5464399
	csg_mem tag=forest_parse_begin pass=1 src=6 reserve=7853632 rss=1012401472 live=5464433
	csg_mem tag=forest_appended src=6 forest_arena=86363592 rss=1014187328 live=5476000
	csg_mem tag=ta_stream src=6 arena=86363592 rss=1014187328 live=5476000
	csg_mem tag=forest src=7 bytes=126542 rss=1014187328 live=5475994
	csg_mem tag=forest_parse_begin pass=1 src=7 reserve=4609888 rss=1014416704 live=5476028
	csg_mem tag=forest_appended src=7 forest_arena=86363592 rss=1019004224 live=5486968
	csg_mem tag=ta_stream src=7 arena=86363592 rss=1019004224 live=5486968
	csg_mem tag=forest src=8 bytes=108814 rss=1019004224 live=5486962
	csg_mem tag=forest_parse_begin pass=1 src=8 reserve=4430240 rss=1019069760 live=5486996
	csg_mem tag=forest_appended src=8 forest_arena=86363592 rss=1023837504 live=5496980
	csg_mem tag=ta_stream src=8 arena=86363592 rss=1023837504 live=5496980
	csg_mem tag=forest src=9 bytes=97046 rss=1023837504 live=5496974
	csg_mem tag=forest_parse_begin pass=1 src=9 reserve=4022880 rss=1023853888 live=5497006
	csg_mem tag=forest_appended src=9 forest_arena=86363592 rss=1024410944 live=5503108
	csg_mem tag=ta_stream src=9 arena=86363592 rss=1024410944 live=5503108
	csg_mem tag=forest src=10 bytes=263042 rss=1024410944 live=5503102
	csg_mem tag=forest_parse_begin pass=1 src=10 reserve=9374496 rss=1024705856 live=5503138
	csg_mem tag=forest_appended src=10 forest_arena=86495624 rss=1088636248 live=5527188
	csg_mem tag=ta_stream src=10 arena=86495624 rss=1088636248 live=5527188
	csg_mem tag=forest src=11 bytes=30477 rss=1088636248 live=5527182
	csg_mem tag=forest_parse_begin pass=1 src=11 reserve=2329120 rss=1088718168 live=5527212
	csg_mem tag=forest_appended src=11 forest_arena=86495624 rss=1089652056 live=5534175
	csg_mem tag=ta_stream src=11 arena=86495624 rss=1089652056 live=5534175
	csg_mem tag=forest src=12 bytes=17051 rss=1089652056 live=5534169
	csg_mem tag=forest_parse_begin pass=1 src=12 reserve=844704 rss=1089684824 live=5534197
	csg_mem tag=forest_appended src=12 forest_arena=86495624 rss=1089996120 live=5535477
	csg_mem tag=ta_stream src=12 arena=86495624 rss=1089996120 live=5535477
	csg_mem tag=forest src=13 bytes=11252 rss=1089996120 live=5535471
	csg_mem tag=forest_parse_begin pass=1 src=13 reserve=640256 rss=1090012504 live=5535497
	csg_mem tag=forest_appended src=13 forest_arena=86495624 rss=1090569560 live=5538368
	csg_mem tag=ta_stream src=13 arena=86495624 rss=1090569560 live=5538368
	csg_mem tag=forest src=14 bytes=520230 rss=1090569560 live=5538362
	csg_mem tag=forest_parse_begin pass=1 src=14 reserve=42706688 rss=1091339608 live=5538400
	csg_mem tag=forest_appended src=14 forest_arena=86495624 rss=1094288728 live=5579188
	csg_mem tag=ta_stream src=14 arena=86495624 rss=1094288728 live=5579188
	csg_mem tag=forest src=15 bytes=1170 rss=1094288728 live=5579182
	csg_mem tag=forest_parse_begin pass=1 src=15 reserve=86080 rss=1094288728 live=5579202
	csg_mem tag=forest_appended src=15 forest_arena=86495624 rss=1094288728 live=5579307
	csg_mem tag=ta_stream src=15 arena=86495624 rss=1094288728 live=5579307
	csg_mem tag=forest src=16 bytes=99478 rss=1094288728 live=5579301
	csg_mem tag=forest_parse_begin pass=1 src=16 reserve=3501280 rss=1094321496 live=5579333
	csg_mem tag=forest_appended src=16 forest_arena=86495624 rss=1138476424 live=5594263
	csg_mem tag=ta_stream src=16 arena=86495624 rss=1138476424 live=5594263
	csg_mem tag=forest src=17 bytes=1232 rss=1138476424 live=5594257
	csg_mem tag=forest_parse_begin pass=1 src=17 reserve=74944 rss=1138476424 live=5594277
	csg_mem tag=forest_appended src=17 forest_arena=86495624 rss=1138836872 live=5594339
	csg_mem tag=ta_stream src=17 arena=86495624 rss=1138836872 live=5594339
	csg_mem tag=forest src=18 bytes=1854 rss=1138836872 live=5594333
	csg_mem tag=forest_parse_begin pass=1 src=18 reserve=77312 rss=1138836872 live=5594353
	csg_mem tag=forest_appended src=18 forest_arena=86495624 rss=1139295624 live=5594457
	csg_mem tag=ta_stream src=18 arena=86495624 rss=1139295624 live=5594457
	csg_mem tag=forest src=19 bytes=3277 rss=1139295624 live=5594451
	csg_mem tag=forest_parse_begin pass=1 src=19 reserve=148384 rss=1139295624 live=5594473
	csg_mem tag=forest_appended src=19 forest_arena=86495624 rss=1139328392 live=5594783
	csg_mem tag=ta_stream src=19 arena=86495624 rss=1139328392 live=5594783
	csg_mem tag=forest src=20 bytes=7479 rss=1139328392 live=5594777
	csg_mem tag=forest_parse_begin pass=1 src=20 reserve=347776 rss=1139328392 live=5594803
	csg_mem tag=forest_appended src=20 forest_arena=86495624 rss=1139688840 live=5595591
	csg_mem tag=ta_stream src=20 arena=86495624 rss=1139688840 live=5595591
	csg_mem tag=forest src=21 bytes=3268 rss=1139688840 live=5595585
	csg_mem tag=forest_parse_begin pass=1 src=21 reserve=149952 rss=1139688840 live=5595609
	csg_mem tag=forest_appended src=21 forest_arena=86495624 rss=1140213128 live=5596056
	csg_mem tag=ta_stream src=21 arena=86495624 rss=1140213128 live=5596056
	csg_mem tag=forest src=22 bytes=89269 rss=1140213128 live=5596050
	csg_mem tag=forest_parse_begin pass=1 src=22 reserve=4730080 rss=1140245896 live=5596084
	csg_mem tag=forest_appended src=22 forest_arena=86528392 rss=1237485008 live=5608072
	csg_mem tag=ta_stream src=22 arena=86528392 rss=1237485008 live=5608072
	csg_mem tag=forest src=23 bytes=25398 rss=1237485008 live=5608066
	csg_mem tag=forest_parse_begin pass=1 src=23 reserve=2084096 rss=1237485008 live=5608096
	csg_mem tag=forest_appended src=23 forest_arena=86528392 rss=1238238672 live=5612395
	csg_mem tag=ta_stream src=23 arena=86528392 rss=1238238672 live=5612395
	csg_mem tag=forest src=24 bytes=36083 rss=1238238672 live=5612389
	csg_mem tag=forest_parse_begin pass=1 src=24 reserve=1605088 rss=1238304208 live=5612419
	csg_mem tag=forest_appended src=24 forest_arena=86528392 rss=1243579856 live=5616901
	csg_mem tag=ta_stream src=24 arena=86528392 rss=1243579856 live=5616901
	csg_mem tag=forest src=25 bytes=29310 rss=1243579856 live=5616895
	csg_mem tag=forest_parse_begin pass=1 src=25 reserve=1202464 rss=1243645392 live=5616925
	csg_mem tag=forest_appended src=25 forest_arena=86528392 rss=1244300752 live=5618984
	csg_mem tag=ta_stream src=25 arena=86528392 rss=1244300752 live=5618984
	csg_mem tag=forest src=26 bytes=21459 rss=1244300752 live=5618978
	csg_mem tag=forest_parse_begin pass=1 src=26 reserve=1165504 rss=1244333520 live=5619006
	csg_mem tag=forest_appended src=26 forest_arena=86528392 rss=1244890576 live=5620998
	csg_mem tag=ta_stream src=26 arena=86528392 rss=1244890576 live=5620998
	csg_mem tag=forest src=27 bytes=1082 rss=1244890576 live=5620992
	csg_mem tag=forest_parse_begin pass=1 src=27 reserve=130112 rss=1244906960 live=5621012
	csg_mem tag=forest_appended src=27 forest_arena=86528392 rss=1245431248 live=5621150
	csg_mem tag=ta_stream src=27 arena=86528392 rss=1245431248 live=5621150
	csg_mem tag=forest src=28 bytes=5750 rss=1245431248 live=5621144
	csg_mem tag=forest_parse_begin pass=1 src=28 reserve=325856 rss=1245464016 live=5621170
	csg_mem tag=forest_appended src=28 forest_arena=86528392 rss=1245906384 live=5621851
	csg_mem tag=ta_stream src=28 arena=86528392 rss=1245906384 live=5621851
	csg_mem tag=forest src=29 bytes=59609 rss=1245906384 live=5621845
	csg_mem tag=forest_parse_begin pass=1 src=29 reserve=3300512 rss=1246053840 live=5621877
	csg_mem tag=forest_appended src=29 forest_arena=86528392 rss=1256080848 live=5627507
	csg_mem tag=ta_stream src=29 arena=86528392 rss=1256080848 live=5627507
	csg_mem tag=forest src=30 bytes=50794 rss=1256080848 live=5627501
	csg_mem tag=forest_parse_begin pass=1 src=30 reserve=2303808 rss=1256195536 live=5627533
	csg_mem tag=forest_appended src=30 forest_arena=86528392 rss=1268106728 live=5633066
	csg_mem tag=ta_stream src=30 arena=86528392 rss=1268106728 live=5633066
	csg_mem tag=forest src=31 bytes=52710 rss=1268106728 live=5633060
	csg_mem tag=forest_parse_begin pass=1 src=31 reserve=2312960 rss=1268237800 live=5633092
	csg_mem tag=forest_appended src=31 forest_arena=86528392 rss=1273513448 live=5637583
	csg_mem tag=ta_stream src=31 arena=86528392 rss=1273513448 live=5637583
	csg_mem tag=forest src=32 bytes=2252 rss=1273513448 live=5637577
	csg_mem tag=forest_parse_begin pass=1 src=32 reserve=161120 rss=1273513448 live=5637599
	csg_mem tag=forest_appended src=32 forest_arena=86528392 rss=1275758056 live=5637948
	csg_mem tag=ta_stream src=32 arena=86528392 rss=1275758056 live=5637948
	csg_mem tag=forest src=33 bytes=48367 rss=1275758056 live=5637942
	csg_mem tag=forest_parse_begin pass=1 src=33 reserve=2049152 rss=1275774440 live=5637972
	csg_mem tag=forest_appended src=33 forest_arena=86528392 rss=1282541032 live=5642456
	csg_mem tag=ta_stream src=33 arena=86528392 rss=1282541032 live=5642456
	csg_mem tag=forest src=34 bytes=16779 rss=1282541032 live=5642450
	csg_mem tag=forest_parse_begin pass=1 src=34 reserve=1136064 rss=1282573800 live=5642478
	csg_mem tag=forest_appended src=34 forest_arena=86528392 rss=1287587304 live=5644540
	csg_mem tag=ta_stream src=34 arena=86528392 rss=1287587304 live=5644540
	csg_mem tag=forest src=35 bytes=241090 rss=1287587304 live=5644534
	csg_mem tag=forest_parse_begin pass=1 src=35 reserve=9308256 rss=1288029672 live=5644570
	csg_mem tag=forest_appended src=35 forest_arena=86790536 rss=1292322280 live=5664801
	csg_mem tag=ta_stream src=35 arena=86790536 rss=1292322280 live=5664801
	csg_mem tag=forest src=36 bytes=21751 rss=1292322280 live=5664795
	csg_mem tag=forest_parse_begin pass=1 src=36 reserve=1196704 rss=1292371432 live=5664825
	csg_mem tag=forest_appended src=36 forest_arena=86790536 rss=1298187752 live=5667018
	csg_mem tag=ta_stream src=36 arena=86790536 rss=1298187752 live=5667018
	csg_mem tag=forest src=37 bytes=91449 rss=1298187752 live=5667012
	csg_mem tag=forest_parse_begin pass=1 src=37 reserve=8008672 rss=1298384360 live=5667046
	csg_mem tag=forest_appended src=37 forest_arena=86790536 rss=1310475776 live=5679827
	csg_mem tag=ta_stream src=37 arena=86790536 rss=1310475776 live=5679827
	csg_mem tag=forest src=38 bytes=22555 rss=1310475776 live=5679821
	csg_mem tag=forest_parse_begin pass=1 src=38 reserve=1245440 rss=1310492160 live=5679851
	csg_mem tag=forest_appended src=38 forest_arena=86790536 rss=1310836224 live=5684001
	csg_mem tag=ta_stream src=38 arena=86790536 rss=1310836224 live=5684001
	csg_mem tag=forest src=39 bytes=16869 rss=1310836224 live=5683995
	csg_mem tag=forest_parse_begin pass=1 src=39 reserve=1177632 rss=1310836224 live=5684023
	csg_mem tag=forest_appended src=39 forest_arena=86790536 rss=1311016448 live=5687201
	csg_mem tag=ta_stream src=39 arena=86790536 rss=1311016448 live=5687201
	csg_mem tag=forest src=40 bytes=42339 rss=1311016448 live=5687195
	csg_mem tag=forest_parse_begin pass=1 src=40 reserve=3180768 rss=1311032832 live=5687225
	csg_mem tag=forest_appended src=40 forest_arena=86790536 rss=1322124800 live=5694889
	csg_mem tag=ta_stream src=40 arena=86790536 rss=1322124800 live=5694889
	csg_mem tag=forest src=41 bytes=16263 rss=1322124800 live=5694883
	csg_mem tag=forest_parse_begin pass=1 src=41 reserve=1110304 rss=1322141184 live=5694911
	csg_mem tag=forest_appended src=41 forest_arena=86790536 rss=1322403328 live=5697917
	csg_mem tag=ta_stream src=41 arena=86790536 rss=1322403328 live=5697917
	csg_mem tag=forest src=42 bytes=14980 rss=1322403328 live=5697911
	csg_mem tag=forest_parse_begin pass=1 src=42 reserve=1110176 rss=1322403328 live=5697939
	csg_mem tag=forest_appended src=42 forest_arena=86790536 rss=1322501632 live=5700850
	csg_mem tag=ta_stream src=42 arena=86790536 rss=1322501632 live=5700850
	csg_mem tag=forest src=43 bytes=1470 rss=1322501632 live=5700844
	csg_mem tag=forest_parse_begin pass=1 src=43 reserve=133856 rss=1322501632 live=5700866
	csg_mem tag=forest_appended src=43 forest_arena=86790536 rss=1326450176 live=5701227
	csg_mem tag=ta_stream src=43 arena=86790536 rss=1326450176 live=5701227
	csg_mem tag=forest src=44 bytes=45177 rss=1326450176 live=5701221
	csg_mem tag=forest_parse_begin pass=1 src=44 reserve=2249056 rss=1326466560 live=5701253
	csg_mem tag=forest_appended src=44 forest_arena=86790536 rss=1329120768 live=5705689
	csg_mem tag=ta_stream src=44 arena=86790536 rss=1329120768 live=5705689
	csg_mem tag=forest src=45 bytes=3258 rss=1329120768 live=5705683
	csg_mem tag=forest_parse_begin pass=1 src=45 reserve=270816 rss=1329120768 live=5705707
	csg_mem tag=forest_appended src=45 forest_arena=86790536 rss=1329333760 live=5706153
	csg_mem tag=ta_stream src=45 arena=86790536 rss=1329333760 live=5706153
	csg_mem tag=forest src=46 bytes=1452 rss=1329333760 live=5706147
	csg_mem tag=forest_parse_begin pass=1 src=46 reserve=107872 rss=1329350144 live=5706169
	csg_mem tag=forest_appended src=46 forest_arena=86790536 rss=1329792512 live=5706344
	csg_mem tag=ta_stream src=46 arena=86790536 rss=1329792512 live=5706344
	csg_mem tag=forest src=47 bytes=1498710 rss=1329792512 live=5706338
	csg_mem tag=forest_parse_begin pass=1 src=47 reserve=63084928 rss=1332807168 live=5706378
	csg_mem tag=forest_appended src=47 forest_arena=86856072 rss=1415726664 live=5813111
	csg_mem tag=ta_stream src=47 arena=86856072 rss=1415726664 live=5813111
	csg_mem tag=forest src=48 bytes=15407 rss=1415726664 live=5813105
	csg_mem tag=forest_parse_begin pass=1 src=48 reserve=1044512 rss=1415743048 live=5813133
	csg_mem tag=forest_appended src=48 forest_arena=86856072 rss=1420805704 live=5814683
	csg_mem tag=ta_stream src=48 arena=86856072 rss=1420805704 live=5814683
	csg_mem tag=forest src=49 bytes=36412 rss=1420805704 live=5814677
	csg_mem tag=forest_parse_begin pass=1 src=49 reserve=2292480 rss=1420871240 live=5814707
	csg_mem tag=forest_appended src=49 forest_arena=86856072 rss=1421657672 live=5819893
	csg_mem tag=ta_stream src=49 arena=86856072 rss=1421657672 live=5819893
	csg_mem tag=forest src=50 bytes=212055 rss=1421657672 live=5819887
	csg_mem tag=forest_parse_begin pass=1 src=50 reserve=9256128 rss=1422018120 live=5819921
	csg_mem tag=forest_appended src=50 forest_arena=86856072 rss=1442842208 live=5841030
	csg_mem tag=ta_stream src=50 arena=86856072 rss=1442842208 live=5841030
	csg_mem tag=forest src=51 bytes=714 rss=1442842208 live=5841024
	csg_mem tag=forest_parse_begin pass=1 src=51 reserve=103104 rss=1442842208 live=5841044
	csg_mem tag=forest_appended src=51 forest_arena=86856072 rss=1443350112 live=5841146
	csg_mem tag=ta_stream src=51 arena=86856072 rss=1443350112 live=5841146
	csg_mem tag=forest src=52 bytes=15736 rss=1443350112 live=5841140
	csg_mem tag=forest_parse_begin pass=1 src=52 reserve=631392 rss=1443366496 live=5841168
	csg_mem tag=forest_appended src=52 forest_arena=86856072 rss=1443825248 live=5842399
	csg_mem tag=ta_stream src=52 arena=86856072 rss=1443825248 live=5842399
	csg_mem tag=forest src=53 bytes=15907 rss=1443825248 live=5842393
	csg_mem tag=forest_parse_begin pass=1 src=53 reserve=813696 rss=1443841632 live=5842421
	csg_mem tag=forest_appended src=53 forest_arena=86856072 rss=1448380000 live=5844236
	csg_mem tag=ta_stream src=53 arena=86856072 rss=1448380000 live=5844236
	csg_mem tag=forest src=54 bytes=18039 rss=1448380000 live=5844230
	csg_mem tag=forest_parse_begin pass=1 src=54 reserve=1037600 rss=1448396384 live=5844258
	csg_mem tag=forest_appended src=54 forest_arena=86856072 rss=1453393504 live=5845784
	csg_mem tag=ta_stream src=54 arena=86856072 rss=1453393504 live=5845784
	csg_mem tag=forest src=55 bytes=7239 rss=1453393504 live=5845778
	csg_mem tag=forest_parse_begin pass=1 src=55 reserve=628384 rss=1453409888 live=5845804
	csg_mem tag=forest_appended src=55 forest_arena=86856072 rss=1456064096 live=5847016
	csg_mem tag=ta_stream src=55 arena=86856072 rss=1456064096 live=5847016
	csg_mem tag=forest src=56 bytes=11717 rss=1456064096 live=5847010
	csg_mem tag=forest_parse_begin pass=1 src=56 reserve=606176 rss=1456080480 live=5847038
	csg_mem tag=forest_appended src=56 forest_arena=86856072 rss=1460946528 live=5848441
	csg_mem tag=ta_stream src=56 arena=86856072 rss=1460946528 live=5848441
	csg_mem tag=forest src=57 bytes=2498 rss=1460946528 live=5848435
	csg_mem tag=forest_parse_begin pass=1 src=57 reserve=173568 rss=1460946528 live=5848459
	csg_mem tag=forest_appended src=57 forest_arena=86856072 rss=1465976416 live=5848910
	csg_mem tag=ta_stream src=57 arena=86856072 rss=1465976416 live=5848910
	csg_mem tag=forest src=58 bytes=9947 rss=1465976416 live=5848904
	csg_mem tag=forest_parse_begin pass=1 src=58 reserve=628064 rss=1465992800 live=5848932
	csg_mem tag=forest_appended src=58 forest_arena=86856072 rss=1470908000 live=5850170
	csg_mem tag=ta_stream src=58 arena=86856072 rss=1470908000 live=5850170
	csg_mem tag=forest src=59 bytes=59910 rss=1470908000 live=5850164
	csg_mem tag=forest_parse_begin pass=1 src=59 reserve=2395456 rss=1471055456 live=5850196
	csg_mem tag=forest_appended src=59 forest_arena=86856072 rss=1485211232 live=5856037
	csg_mem tag=ta_stream src=59 arena=86856072 rss=1485211232 live=5856037
	csg_mem tag=forest src=60 bytes=4463 rss=1485211232 live=5856031
	csg_mem tag=forest_parse_begin pass=1 src=60 reserve=311968 rss=1485227616 live=5856055
	csg_mem tag=forest_appended src=60 forest_arena=86856072 rss=1485620832 live=5856629
	csg_mem tag=ta_stream src=60 arena=86856072 rss=1485620832 live=5856629
	csg_mem tag=forest src=61 bytes=4513921 rss=1485620832 live=5856623
	csg_mem tag=forest_parse_begin pass=1 src=61 reserve=140326336 rss=1630045912 live=5856667
	csg_mem tag=forest_appended src=61 forest_arena=87380360 rss=1396655712 live=6132518
	csg_mem tag=ta_stream src=61 arena=87380360 rss=1396655712 live=6132518
	csg_mem tag=forest src=62 bytes=214132 rss=1394361952 live=6132512
	csg_mem tag=forest_parse_begin pass=1 src=62 reserve=9212704 rss=1394640480 live=6132548
	csg_mem tag=forest_appended src=62 forest_arena=87380360 rss=1404175992 live=6151931
	csg_mem tag=ta_stream src=62 arena=87380360 rss=1404175992 live=6151931
	csg_mem tag=forest src=63 bytes=146632 rss=1404175992 live=6151925
	csg_mem tag=forest_parse_begin pass=1 src=63 reserve=7960864 rss=1404274296 live=6151959
	csg_mem tag=forest_appended src=63 forest_arena=87380360 rss=1424819832 live=6165596
	csg_mem tag=ta_stream src=63 arena=87380360 rss=1424819832 live=6165596
	csg_mem tag=forest src=64 bytes=60278 rss=1424819832 live=6165590
	csg_mem tag=forest_parse_begin pass=1 src=64 reserve=2303296 rss=1424868984 live=6165622
	csg_mem tag=forest_appended src=64 forest_arena=87380360 rss=1432241784 live=6170645
	csg_mem tag=ta_stream src=64 arena=87380360 rss=1432241784 live=6170645
	csg_mem tag=forest src=65 bytes=26513 rss=1432241784 live=6170639
	csg_mem tag=forest_parse_begin pass=1 src=65 reserve=1995360 rss=1432274552 live=6170669
	csg_mem tag=forest_appended src=65 forest_arena=87380360 rss=1436960376 live=6174013
	csg_mem tag=ta_stream src=65 arena=87380360 rss=1436960376 live=6174013
	csg_mem tag=forest src=66 bytes=115864 rss=1436960376 live=6174007
	csg_mem tag=forest_parse_begin pass=1 src=66 reserve=7930400 rss=1437238904 live=6174041
	csg_mem tag=forest_appended src=66 forest_arena=87511432 rss=1447954088 live=6187279
	csg_mem tag=ta_stream src=66 arena=87511432 rss=1447954088 live=6187279
	csg_mem tag=forest src=67 bytes=342860 rss=1447954088 live=6187273
	csg_mem tag=forest_parse_begin pass=1 src=67 reserve=15800960 rss=1448756904 live=6187309
	csg_mem tag=forest_appended src=67 forest_arena=87511432 rss=1490585280 live=6222086
	csg_mem tag=ta_stream src=67 arena=87511432 rss=1490585280 live=6222086
	csg_mem tag=forest src=68 bytes=93793 rss=1490585280 live=6222080
	csg_mem tag=forest_parse_begin pass=1 src=68 reserve=4565024 rss=1490749120 live=6222114
	csg_mem tag=forest_appended src=68 forest_arena=87511432 rss=1495484096 live=6231437
	csg_mem tag=ta_stream src=68 arena=87511432 rss=1495484096 live=6231437
	csg_mem tag=forest src=69 bytes=18553 rss=1495484096 live=6231431
	csg_mem tag=forest_parse_begin pass=1 src=69 reserve=1625664 rss=1495484096 live=6231459
	csg_mem tag=forest_appended src=69 forest_arena=87511432 rss=1496024768 live=6237943
	csg_mem tag=ta_stream src=69 arena=87511432 rss=1496024768 live=6237943
	csg_mem tag=forest src=70 bytes=23302 rss=1496024768 live=6237937
	csg_mem tag=forest_parse_begin pass=1 src=70 reserve=1144480 rss=1496057536 live=6237967
	csg_mem tag=forest_appended src=70 forest_arena=87512456 rss=1500628672 live=6241145
	csg_mem tag=ta_stream src=70 arena=87512456 rss=1500628672 live=6241145
	csg_mem tag=forest src=71 bytes=12094 rss=1500628672 live=6241139
	csg_mem tag=forest_parse_begin pass=1 src=71 reserve=550048 rss=1500628672 live=6241165
	csg_mem tag=forest_appended src=71 forest_arena=87512456 rss=1501038272 live=6242312
	csg_mem tag=ta_stream src=71 arena=87512456 rss=1501038272 live=6242312
	csg_mem tag=forest src=72 bytes=373101 rss=1501038272 live=6242306
	csg_mem tag=forest_parse_begin pass=1 src=72 reserve=15859040 rss=1501660864 live=6242342
	csg_mem tag=forest_appended src=72 forest_arena=87512456 rss=1529677528 live=6270770
	csg_mem tag=ta_stream src=72 arena=87512456 rss=1529677528 live=6270770
	csg_mem tag=forest src=73 bytes=5619 rss=1529677528 live=6270764
	csg_mem tag=forest_parse_begin pass=1 src=73 reserve=271584 rss=1529693912 live=6270790
	csg_mem tag=forest_appended src=73 forest_arena=87512456 rss=1529808600 live=6271362
	csg_mem tag=ta_stream src=73 arena=87512456 rss=1529808600 live=6271362
	csg_mem tag=forest src=74 bytes=256078 rss=1529808600 live=6271356
	csg_mem tag=forest_parse_begin pass=1 src=74 reserve=9185664 rss=1529890520 live=6271392
	csg_mem tag=forest_appended src=74 forest_arena=87512456 rss=1541605080 live=6290063
	csg_mem tag=ta_stream src=74 arena=87512456 rss=1541605080 live=6290063
	csg_mem tag=forest src=75 bytes=228229 rss=1541605080 live=6290057
	csg_mem tag=forest_parse_begin pass=1 src=75 reserve=9063872 rss=1541768920 live=6290093
	csg_mem tag=forest_appended src=75 forest_arena=87512456 rss=1565886168 live=6310622
	csg_mem tag=ta_stream src=75 arena=87512456 rss=1565886168 live=6310622
	csg_mem tag=forest src=76 bytes=9159 rss=1565886168 live=6310616
	csg_mem tag=forest_parse_begin pass=1 src=76 reserve=546720 rss=1565902552 live=6310644
	csg_mem tag=forest_appended src=76 forest_arena=87512456 rss=1566066392 live=6311423
	csg_mem tag=ta_stream src=76 arena=87512456 rss=1566066392 live=6311423
	csg_mem tag=forest src=77 bytes=207027 rss=1566066392 live=6311417
	csg_mem tag=forest_parse_begin pass=1 src=77 reserve=9371904 rss=1566181080 live=6311453
	csg_mem tag=forest_appended src=77 forest_arena=87512456 rss=1568442072 live=6334650
	csg_mem tag=ta_stream src=77 arena=87512456 rss=1568442072 live=6334650
	csg_mem tag=forest src=78 bytes=21659 rss=1568442072 live=6334644
	csg_mem tag=forest_parse_begin pass=1 src=78 reserve=962688 rss=1568442072 live=6334672
	csg_mem tag=forest_appended src=78 forest_arena=87512456 rss=1568507608 live=6337186
	csg_mem tag=ta_stream src=78 arena=87512456 rss=1568507608 live=6337186
	csg_mem tag=forest src=79 bytes=138950 rss=1568507608 live=6337180
	csg_mem tag=forest_parse_begin pass=1 src=79 reserve=7739264 rss=1568507608 live=6337214
	csg_mem tag=forest_appended src=79 forest_arena=87512456 rss=1569523416 live=6350614
	csg_mem tag=ta_stream src=79 arena=87512456 rss=1569523416 live=6350614
	csg_mem tag=forest src=80 bytes=16818 rss=1569523416 live=6350608
	csg_mem tag=forest_parse_begin pass=1 src=80 reserve=645632 rss=1569523416 live=6350636
	csg_mem tag=forest_appended src=80 forest_arena=87512456 rss=1572292312 live=6352197
	csg_mem tag=ta_stream src=80 arena=87512456 rss=1572292312 live=6352197
	csg_mem tag=forest src=81 bytes=7011 rss=1572292312 live=6352191
	csg_mem tag=forest_parse_begin pass=1 src=81 reserve=91904 rss=1572308696 live=6352215
	csg_mem tag=forest_appended src=81 forest_arena=87512456 rss=1572832984 live=6352402
	csg_mem tag=ta_stream src=81 arena=87512456 rss=1572832984 live=6352402
	csg_mem tag=forest src=82 bytes=3088 rss=1572832984 live=6352396
	csg_mem tag=forest_parse_begin pass=1 src=82 reserve=200640 rss=1572832984 live=6352420
	csg_mem tag=forest_appended src=82 forest_arena=87512456 rss=1573340888 live=6352842
	csg_mem tag=ta_stream src=82 arena=87512456 rss=1573340888 live=6352842
	csg_mem tag=forest src=83 bytes=209875 rss=1573340888 live=6352836
	csg_mem tag=forest_parse_begin pass=1 src=83 reserve=8738208 rss=1573553880 live=6352872
	csg_mem tag=forest_appended src=83 forest_arena=87512456 rss=1593526000 live=6371033
	csg_mem tag=ta_stream src=83 arena=87512456 rss=1593526000 live=6371033
	csg_mem tag=forest src=84 bytes=113595 rss=1593526000 live=6371027
	csg_mem tag=forest_parse_begin pass=1 src=84 reserve=4164256 rss=1593870064 live=6371061
	csg_mem tag=forest_appended src=84 forest_arena=87512456 rss=1603995376 live=6380942
	csg_mem tag=ta_stream src=84 arena=87512456 rss=1603995376 live=6380942
	csg_mem tag=forest src=85 bytes=694424 rss=1603995376 live=6380936
	csg_mem tag=forest_parse_begin pass=1 src=85 reserve=31589856 rss=1604749040 live=6380974
	csg_mem tag=forest_appended src=85 forest_arena=87512456 rss=1613989640 live=6440263
	csg_mem tag=ta_stream src=85 arena=87512456 rss=1613989640 live=6440263
	csg_mem tag=forest src=86 bytes=84731 rss=1613989640 live=6440257
	csg_mem tag=forest_parse_begin pass=1 src=86 reserve=4720672 rss=1614104328 live=6440291
	csg_mem tag=forest_appended src=86 forest_arena=87512456 rss=1626998536 live=6450097
	csg_mem tag=ta_stream src=86 arena=87512456 rss=1626998536 live=6450097
	csg_mem tag=forest src=87 bytes=95381 rss=1626998536 live=6450091
	csg_mem tag=forest_parse_begin pass=1 src=87 reserve=4723168 rss=1627260680 live=6450125
	csg_mem tag=forest_appended src=87 forest_arena=87512456 rss=1635567392 live=6460887
	csg_mem tag=ta_stream src=87 arena=87512456 rss=1635567392 live=6460887
	csg_mem tag=forest src=88 bytes=100872 rss=1635567392 live=6460881
	csg_mem tag=forest_parse_begin pass=1 src=88 reserve=4625696 rss=1635862304 live=6460915
	csg_mem tag=forest_appended src=88 forest_arena=87512456 rss=1650951968 live=6472521
	csg_mem tag=ta_stream src=88 arena=87512456 rss=1650951968 live=6472521
	csg_mem tag=forest src=89 bytes=8802 rss=1650951968 live=6472515
	csg_mem tag=forest_parse_begin pass=1 src=89 reserve=616064 rss=1650968352 live=6472543
	csg_mem tag=forest_appended src=89 forest_arena=87512456 rss=1651541792 live=6473774
	csg_mem tag=ta_stream src=89 arena=87512456 rss=1651541792 live=6473774
	csg_mem tag=forest src=90 bytes=36472 rss=1651541792 live=6473768
	csg_mem tag=forest_parse_begin pass=1 src=90 reserve=2347904 rss=1651656480 live=6473800
	csg_mem tag=forest_appended src=90 forest_arena=88561032 rss=1666516768 live=6478468
	csg_mem tag=ta_stream src=90 arena=88561032 rss=1666516768 live=6478468
	csg_mem tag=forest src=91 bytes=9587 rss=1666516768 live=6478462
	csg_mem tag=forest_parse_begin pass=1 src=91 reserve=643104 rss=1666533152 live=6478490
	csg_mem tag=forest_appended src=91 forest_arena=88561032 rss=1667139360 live=6479877
	csg_mem tag=ta_stream src=91 arena=88561032 rss=1667139360 live=6479877
	csg_mem tag=forest src=92 bytes=146673 rss=1667139360 live=6479871
	csg_mem tag=forest_parse_begin pass=1 src=92 reserve=6091680 rss=1667843872 live=6479905
	csg_mem tag=forest_appended src=92 forest_arena=88561032 rss=1677231928 live=6495220
	csg_mem tag=ta_stream src=92 arena=88561032 rss=1677231928 live=6495220
	csg_mem tag=forest src=93 bytes=85404 rss=1677231928 live=6495214
	csg_mem tag=forest_parse_begin pass=1 src=93 reserve=4470880 rss=1677379384 live=6495248
	csg_mem tag=forest_appended src=93 forest_arena=88561032 rss=1708754768 live=6503679
	csg_mem tag=ta_stream src=93 arena=88561032 rss=1708754768 live=6503679
	csg_mem tag=forest src=94 bytes=60609 rss=1708754768 live=6503673
	csg_mem tag=forest_parse_begin pass=1 src=94 reserve=3070912 rss=1708836688 live=6503705
	csg_mem tag=forest_appended src=94 forest_arena=88561032 rss=1740883792 live=6510158
	csg_mem tag=ta_stream src=94 arena=88561032 rss=1740883792 live=6510158
	csg_mem tag=forest src=95 bytes=21133 rss=1740883792 live=6510152
	csg_mem tag=forest_parse_begin pass=1 src=95 reserve=1193184 rss=1740932944 live=6510182
	csg_mem tag=forest_appended src=95 forest_arena=88561032 rss=1741129552 live=6512305
	csg_mem tag=ta_stream src=95 arena=88561032 rss=1741129552 live=6512305
	csg_mem tag=forest src=96 bytes=3751 rss=1741129552 live=6512299
	csg_mem tag=forest_parse_begin pass=1 src=96 reserve=262016 rss=1741129552 live=6512323
	csg_mem tag=forest_appended src=96 forest_arena=88561032 rss=1741195088 live=6512679
	csg_mem tag=ta_stream src=96 arena=88561032 rss=1741195088 live=6512679
	csg_mem tag=forest src=97 bytes=97141 rss=1741195088 live=6512673
	csg_mem tag=forest_parse_begin pass=1 src=97 reserve=4720672 rss=1741342544 live=6512707
	csg_mem tag=forest_appended src=97 forest_arena=88561032 rss=1748240232 live=6523904
	csg_mem tag=ta_stream src=97 arena=88561032 rss=1748240232 live=6523904
	csg_mem tag=forest src=98 bytes=25148 rss=1748240232 live=6523898
	csg_mem tag=forest_parse_begin pass=1 src=98 reserve=1225728 rss=1748289384 live=6523928
	csg_mem tag=forest_appended src=98 forest_arena=88561032 rss=1750468432 live=6526217
	csg_mem tag=ta_stream src=98 arena=88561032 rss=1750468432 live=6526217
	csg_mem tag=forest src=99 bytes=67075 rss=1750468432 live=6526211
	csg_mem tag=forest_parse_begin pass=1 src=99 reserve=4002112 rss=1750550352 live=6526243
	csg_mem tag=forest_appended src=99 forest_arena=88561032 rss=1761445736 live=6532212
	csg_mem tag=ta_stream src=99 arena=88561032 rss=1761445736 live=6532212
	csg_mem tag=forest src=100 bytes=122136 rss=1761445736 live=6532206
	csg_mem tag=forest_parse_begin pass=1 src=100 reserve=4648800 rss=1761757032 live=6532240
	csg_mem tag=forest_appended src=100 forest_arena=88561032 rss=1768474472 live=6542928
	csg_mem tag=ta_stream src=100 arena=88561032 rss=1768474472 live=6542928
	csg_mem tag=forest src=101 bytes=477806 rss=1768474472 live=6542922
	csg_mem tag=forest_parse_begin pass=1 src=101 reserve=18413024 rss=1768900456 live=6542960
	csg_mem tag=forest_appended src=101 forest_arena=88561032 rss=1786578816 live=6594463
	csg_mem tag=ta_stream src=101 arena=88561032 rss=1786578816 live=6594463
	csg_mem tag=forest src=102 bytes=9251 rss=1786578816 live=6594457
	csg_mem tag=forest_parse_begin pass=1 src=102 reserve=476512 rss=1786578816 live=6594483
	csg_mem tag=forest_appended src=102 forest_arena=88561032 rss=1786644352 live=6595507
	csg_mem tag=ta_stream src=102 arena=88561032 rss=1786644352 live=6595507
	csg_mem tag=forest src=103 bytes=35254 rss=1786644352 live=6595501
	csg_mem tag=forest_parse_begin pass=1 src=103 reserve=1762176 rss=1786709888 live=6595533
	csg_mem tag=forest_appended src=103 forest_arena=88561032 rss=1790822272 live=6599391
	csg_mem tag=ta_stream src=103 arena=88561032 rss=1790822272 live=6599391
	csg_mem tag=forest src=104 bytes=207662 rss=1790822272 live=6599385
	csg_mem tag=forest_parse_begin pass=1 src=104 reserve=8878976 rss=1791084416 live=6599421
	csg_mem tag=forest_appended src=104 forest_arena=88561032 rss=1819395968 live=6618000
	csg_mem tag=ta_stream src=104 arena=88561032 rss=1819395968 live=6618000
	csg_mem tag=forest src=105 bytes=53041 rss=1819395968 live=6617994
	csg_mem tag=forest_parse_begin pass=1 src=105 reserve=2324608 rss=1819658112 live=6618026
	csg_mem tag=forest_appended src=105 forest_arena=88561032 rss=1825146752 live=6622407
	csg_mem tag=ta_stream src=105 arena=88561032 rss=1825146752 live=6622407
	csg_mem tag=forest src=106 bytes=19779 rss=1825146752 live=6622401
	csg_mem tag=forest_parse_begin pass=1 src=106 reserve=817280 rss=1825195904 live=6622429
	csg_mem tag=forest_appended src=106 forest_arena=88561032 rss=1828095896 live=6624190
	csg_mem tag=ta_stream src=106 arena=88561032 rss=1828095896 live=6624190
	csg_mem tag=forest src=107 bytes=274 rss=1828095896 live=6624184
	csg_mem tag=forest_parse_begin pass=1 src=107 reserve=74912 rss=1828112280 live=6624202
	csg_mem tag=forest_appended src=107 forest_arena=88561032 rss=1828636568 live=6624281
	csg_mem tag=ta_stream src=107 arena=88561032 rss=1828636568 live=6624281
	csg_mem tag=forest src=108 bytes=131447 rss=1828636568 live=6624275
	csg_mem tag=forest_parse_begin pass=1 src=108 reserve=4902496 rss=1829128088 live=6624309
	csg_mem tag=forest_appended src=108 forest_arena=88561032 rss=1863321520 live=6636316
	csg_mem tag=ta_stream src=108 arena=88561032 rss=1863321520 live=6636316
	csg_mem tag=forest src=109 bytes=204964 rss=1863321520 live=6636310
	csg_mem tag=forest_parse_begin pass=1 src=109 reserve=8876160 rss=1863829424 live=6636346
	csg_mem tag=forest_appended src=109 forest_arena=88561032 rss=1889683400 live=6652291
	csg_mem tag=ta_stream src=109 arena=88561032 rss=1889683400 live=6652291
	csg_mem tag=forest src=110 bytes=26073 rss=1889683400 live=6652285
	csg_mem tag=forest_parse_begin pass=1 src=110 reserve=1174464 rss=1889732552 live=6652315
	csg_mem tag=forest_appended src=110 forest_arena=88561032 rss=1892747208 live=6654614
	csg_mem tag=ta_stream src=110 arena=88561032 rss=1892747208 live=6654614
	csg_mem tag=forest src=111 bytes=52561 rss=1892747208 live=6654608
	csg_mem tag=forest_parse_begin pass=1 src=111 reserve=2368576 rss=1892796360 live=6654640
	csg_mem tag=forest_appended src=111 forest_arena=88561032 rss=1897646024 live=6659514
	csg_mem tag=ta_stream src=111 arena=88561032 rss=1897646024 live=6659514
	csg_mem tag=forest src=112 bytes=54759 rss=1897646024 live=6659508
	csg_mem tag=forest_parse_begin pass=1 src=112 reserve=2391104 rss=1897695176 live=6659540
	csg_mem tag=forest_appended src=112 forest_arena=88561032 rss=1917503456 live=6664895
	csg_mem tag=ta_stream src=112 arena=88561032 rss=1917503456 live=6664895
	csg_mem tag=forest src=113 bytes=22222 rss=1917503456 live=6664889
	csg_mem tag=forest_parse_begin pass=1 src=113 reserve=1071680 rss=1917519840 live=6664917
	csg_mem tag=forest_appended src=113 forest_arena=88561032 rss=1920174048 live=6667153
	csg_mem tag=ta_stream src=113 arena=88561032 rss=1920174048 live=6667153
	csg_mem tag=forest src=114 bytes=396704 rss=1920174048 live=6667147
	csg_mem tag=forest_parse_begin pass=1 src=114 reserve=15747456 rss=1920681952 live=6667185
	csg_mem tag=forest_appended src=114 forest_arena=88561032 rss=1926744032 live=6706124
	csg_mem tag=ta_stream src=114 arena=88561032 rss=1926744032 live=6706124
	csg_mem tag=forest src=115 bytes=5769 rss=1926744032 live=6706118
	csg_mem tag=forest_parse_begin pass=1 src=115 reserve=275744 rss=1926744032 live=6706144
	csg_mem tag=forest_appended src=115 forest_arena=88561032 rss=1928628192 live=6706720
	csg_mem tag=ta_stream src=115 arena=88561032 rss=1928628192 live=6706720
	csg_mem tag=forest src=116 bytes=3136 rss=1928628192 live=6706714
	csg_mem tag=forest_parse_begin pass=1 src=116 reserve=173312 rss=1928628192 live=6706738
	csg_mem tag=forest_appended src=116 forest_arena=88561032 rss=1931282400 live=6707072
	csg_mem tag=ta_stream src=116 arena=88561032 rss=1931282400 live=6707072
	csg_mem tag=forest src=117 bytes=281236 rss=1931282400 live=6707066
	csg_mem tag=forest_parse_begin pass=1 src=117 reserve=8688640 rss=1931446240 live=6707102
	csg_mem tag=forest_appended src=117 forest_arena=88561032 rss=1942292448 live=6728988
	csg_mem tag=ta_stream src=117 arena=88561032 rss=1942292448 live=6728988
	csg_mem tag=forest src=118 bytes=36339 rss=1942292448 live=6728982
	csg_mem tag=forest_parse_begin pass=1 src=118 reserve=2269312 rss=1942308832 live=6729012
	csg_mem tag=forest_appended src=118 forest_arena=88561032 rss=1946847200 live=6733143
	csg_mem tag=ta_stream src=118 arena=88561032 rss=1946847200 live=6733143
	csg_mem tag=forest src=119 bytes=66727 rss=1946847200 live=6733137
	csg_mem tag=forest_parse_begin pass=1 src=119 reserve=4620192 rss=1946929120 live=6733169
	csg_mem tag=forest_appended src=119 forest_arena=88561032 rss=1968064504 live=6741049
	csg_mem tag=ta_stream src=119 arena=88561032 rss=1968064504 live=6741049
	csg_mem tag=forest src=120 bytes=19895 rss=1968064504 live=6741043
	csg_mem tag=forest_parse_begin pass=1 src=120 reserve=782208 rss=1968130040 live=6741071
	csg_mem tag=forest_appended src=120 forest_arena=88561032 rss=1968769016 live=6742829
	csg_mem tag=ta_stream src=120 arena=88561032 rss=1968769016 live=6742829
	csg_mem tag=forest src=121 bytes=104630 rss=1968769016 live=6742823
	csg_mem tag=forest_parse_begin pass=1 src=121 reserve=4295776 rss=1968965624 live=6742857
	csg_mem tag=forest_appended src=121 forest_arena=88561032 rss=1981171704 live=6752663
	csg_mem tag=ta_stream src=121 arena=88561032 rss=1981171704 live=6752663
	csg_mem tag=forest src=122 bytes=21670 rss=1981171704 live=6752657
	csg_mem tag=forest_parse_begin pass=1 src=122 reserve=1223104 rss=1981204472 live=6752687
	csg_mem tag=forest_appended src=122 forest_arena=88561032 rss=1985595384 live=6755277
	csg_mem tag=ta_stream src=122 arena=88561032 rss=1985595384 live=6755277
	csg_mem tag=forest src=123 bytes=41012 rss=1985595384 live=6755271
	csg_mem tag=forest_parse_begin pass=1 src=123 reserve=2385152 rss=1985726456 live=6755303
	csg_mem tag=forest_appended src=123 forest_arena=88561032 rss=1988626424 live=6760586
	csg_mem tag=ta_stream src=123 arena=88561032 rss=1988626424 live=6760586
	csg_mem tag=forest src=124 bytes=602132 rss=1988626424 live=6760580
	csg_mem tag=forest_parse_begin pass=1 src=124 reserve=31538592 rss=1989511160 live=6760618
	csg_mem tag=forest_appended src=124 forest_arena=88561032 rss=2064631896 live=6827533
	csg_mem tag=ta_stream src=124 arena=88561032 rss=2064631896 live=6827533
	csg_mem tag=forest src=125 bytes=2984 rss=2064631896 live=6827527
	csg_mem tag=forest_parse_begin pass=1 src=125 reserve=168896 rss=2064631896 live=6827551
	csg_mem tag=forest_appended src=125 forest_arena=88561032 rss=2067220568 live=6827861
	csg_mem tag=ta_stream src=125 arena=88561032 rss=2067220568 live=6827861
	csg_mem tag=forest src=126 bytes=6234 rss=2067220568 live=6827855
	csg_mem tag=forest_parse_begin pass=1 src=126 reserve=339040 rss=2067236952 live=6827881
	csg_mem tag=forest_appended src=126 forest_arena=88561032 rss=2067810392 live=6828379
	csg_mem tag=ta_stream src=126 arena=88561032 rss=2067810392 live=6828379
	csg_mem tag=forest src=127 bytes=36702 rss=2067810392 live=6828373
	csg_mem tag=forest_parse_begin pass=1 src=127 reserve=1209024 rss=2067875928 live=6828403
	csg_mem tag=forest_appended src=127 forest_arena=88561032 rss=2070366296 live=6831221
	csg_mem tag=ta_stream src=127 arena=88561032 rss=2070366296 live=6831221
	csg_mem tag=forest src=128 bytes=49364 rss=2070366296 live=6831215
	csg_mem tag=forest_parse_begin pass=1 src=128 reserve=2388160 rss=2070415448 live=6831247
	csg_mem tag=forest_appended src=128 forest_arena=88561032 rss=2089519192 live=6837240
	csg_mem tag=ta_stream src=128 arena=88561032 rss=2089519192 live=6837240
	csg_mem tag=forest src=129 bytes=42894 rss=2089519192 live=6837234
	csg_mem tag=forest_parse_begin pass=1 src=129 reserve=2354976 rss=2089584728 live=6837264
	csg_mem tag=forest_appended src=129 forest_arena=88563080 rss=2097645656 live=6842014
	csg_mem tag=ta_stream src=129 arena=88563080 rss=2097645656 live=6842014
	csg_mem tag=forest src=130 bytes=32186 rss=2097645656 live=6842008
	csg_mem tag=forest_parse_begin pass=1 src=130 reserve=2063840 rss=2097776728 live=6842038
	csg_mem tag=forest_appended src=130 forest_arena=88563080 rss=2103134296 live=6845599
	csg_mem tag=ta_stream src=130 arena=88563080 rss=2103134296 live=6845599
	csg_mem tag=forest src=131 bytes=34873 rss=2103134296 live=6845593
	csg_mem tag=forest_parse_begin pass=1 src=131 reserve=1693152 rss=2103199832 live=6845623
	csg_mem tag=forest_appended src=131 forest_arena=88563080 rss=2115569752 live=6849457
	csg_mem tag=ta_stream src=131 arena=88563080 rss=2115569752 live=6849457
	csg_mem tag=forest src=132 bytes=1850073 rss=2115569752 live=6849451
	csg_mem tag=forest_parse_begin pass=1 src=132 reserve=72523584 rss=2119551064 live=6849493
	csg_mem tag=forest_appended src=132 forest_arena=88829320 rss=2232223952 live=7001581
	csg_mem tag=ta_stream src=132 arena=88829320 rss=2232223952 live=7001581
	csg_mem tag=forest src=133 bytes=41896 rss=2231863504 live=7001575
	csg_mem tag=forest_parse_begin pass=1 src=133 reserve=2011104 rss=2231879888 live=7001605
	csg_mem tag=forest_appended src=133 forest_arena=88829320 rss=2237237456 live=7005579
	csg_mem tag=ta_stream src=133 arena=88829320 rss=2237237456 live=7005579
	csg_mem tag=forest src=134 bytes=3550288 rss=2237237456 live=7005573
	csg_mem tag=forest_parse_begin pass=1 src=134 reserve=140668736 rss=2243283176 live=7005617
	csg_mem tag=forest_appended src=134 forest_arena=88829320 rss=2434926920 live=7284541
	csg_mem tag=ta_stream src=134 arena=88829320 rss=2434926920 live=7284541
	csg_mem tag=forest src=135 bytes=134144 rss=2432977224 live=7284535
	csg_mem tag=forest_parse_begin pass=1 src=135 reserve=7807872 rss=2433190216 live=7284569
	csg_mem tag=forest_appended src=135 forest_arena=88829320 rss=2444560760 live=7296683
	csg_mem tag=ta_stream src=135 arena=88829320 rss=2444560760 live=7296683
	csg_mem tag=forest src=136 bytes=592436 rss=2444560760 live=7296677
	csg_mem tag=forest_parse_begin pass=1 src=136 reserve=18570208 rss=2445543800 live=7296715
	csg_mem tag=forest_appended src=136 forest_arena=88829320 rss=2459027808 live=7340635
	csg_mem tag=ta_stream src=136 arena=88829320 rss=2459027808 live=7340635
	csg_mem tag=forest src=137 bytes=17351 rss=2459027808 live=7340629
	csg_mem tag=forest_parse_begin pass=1 src=137 reserve=1215776 rss=2459044192 live=7340657
	csg_mem tag=forest_appended src=137 forest_arena=88829320 rss=2466171256 live=7343601
	csg_mem tag=ta_stream src=137 arena=88829320 rss=2466171256 live=7343601
	csg_mem tag=forest src=138 bytes=2319 rss=2466171256 live=7343595
	csg_mem tag=forest_parse_begin pass=1 src=138 reserve=152416 rss=2466171256 live=7343617
	csg_mem tag=forest_appended src=138 forest_arena=88829320 rss=2466646392 live=7343935
	csg_mem tag=ta_stream src=138 arena=88829320 rss=2466646392 live=7343935
	csg_mem tag=forest src=139 bytes=1697 rss=2466646392 live=7343929
	csg_mem tag=forest_parse_begin pass=1 src=139 reserve=123040 rss=2466646392 live=7343951
	csg_mem tag=forest_appended src=139 forest_arena=88829320 rss=2466990456 live=7344244
	csg_mem tag=ta_stream src=139 arena=88829320 rss=2466990456 live=7344244
	csg_mem tag=forest src=140 bytes=1202 rss=2466990456 live=7344238
	csg_mem tag=forest_parse_begin pass=1 src=140 reserve=118240 rss=2466990456 live=7344260
	csg_mem tag=forest_appended src=140 forest_arena=88829320 rss=2467563896 live=7344461
	csg_mem tag=ta_stream src=140 arena=88829320 rss=2467563896 live=7344461
	csg_mem tag=forest src=141 bytes=5427 rss=2467563896 live=7344455
	csg_mem tag=forest_parse_begin pass=1 src=141 reserve=352192 rss=2467580280 live=7344481
	csg_mem tag=forest_appended src=141 forest_arena=88829320 rss=2468104568 live=7345203
	csg_mem tag=ta_stream src=141 arena=88829320 rss=2468104568 live=7345203
	csg_mem tag=forest src=142 bytes=53259 rss=2468104568 live=7345197
	csg_mem tag=forest_parse_begin pass=1 src=142 reserve=2567232 rss=2468104568 live=7345229
	csg_mem tag=forest_appended src=142 forest_arena=88829320 rss=2517649808 live=7358398
	csg_mem tag=ta_stream src=142 arena=88829320 rss=2517649808 live=7358398
	csg_mem tag=forest src=143 bytes=4821 rss=2517649808 live=7358392
	csg_mem tag=forest_parse_begin pass=1 src=143 reserve=342048 rss=2517666192 live=7358418
	csg_mem tag=forest_appended src=143 forest_arena=88829320 rss=2518190480 live=7359116
	csg_mem tag=ta_stream src=143 arena=88829320 rss=2518190480 live=7359116
	csg_mem tag=forest src=144 bytes=684 rss=2518190480 live=7359110
	csg_mem tag=forest_parse_begin pass=1 src=144 reserve=88800 rss=2518190480 live=7359130
	csg_mem tag=forest_appended src=144 forest_arena=88829320 rss=2518796688 live=7359220
	csg_mem tag=ta_stream src=144 arena=88829320 rss=2518796688 live=7359220
	csg_mem tag=forest src=145 bytes=706 rss=2518796688 live=7359214
	csg_mem tag=forest_parse_begin pass=1 src=145 reserve=89248 rss=2518796688 live=7359234
	csg_mem tag=forest_appended src=145 forest_arena=88829320 rss=2519452048 live=7359332
	csg_mem tag=ta_stream src=145 arena=88829320 rss=2519452048 live=7359332
	csg_mem tag=forest src=146 bytes=7097 rss=2519452048 live=7359326
	csg_mem tag=forest_parse_begin pass=1 src=146 reserve=457920 rss=2519468432 live=7359352
	csg_mem tag=forest_appended src=146 forest_arena=88829320 rss=2522220944 live=7360487
	csg_mem tag=ta_stream src=146 arena=88829320 rss=2522220944 live=7360487
	csg_mem tag=forest src=147 bytes=8518 rss=2522220944 live=7360481
	csg_mem tag=forest_parse_begin pass=1 src=147 reserve=551904 rss=2522253712 live=7360507
	csg_mem tag=forest_appended src=147 forest_arena=88829320 rss=2525022608 live=7361369
	csg_mem tag=ta_stream src=147 arena=88829320 rss=2525022608 live=7361369
	csg_mem tag=forest src=148 bytes=171411 rss=2525022608 live=7361363
	csg_mem tag=forest_parse_begin pass=1 src=148 reserve=8131232 rss=2525333904 live=7361397
	csg_mem tag=forest_appended src=148 forest_arena=88829320 rss=2543126952 live=7385717
	csg_mem tag=ta_stream src=148 arena=88829320 rss=2543126952 live=7385717
	csg_mem tag=forest src=149 bytes=49447 rss=2543126952 live=7385711
	csg_mem tag=forest_parse_begin pass=1 src=149 reserve=2269504 rss=2543258024 live=7385743
	csg_mem tag=forest_appended src=149 forest_arena=88829320 rss=2555480488 live=7390141
	csg_mem tag=ta_stream src=149 arena=88829320 rss=2555480488 live=7390141
	csg_mem tag=forest src=150 bytes=15928 rss=2555480488 live=7390135
	csg_mem tag=forest_parse_begin pass=1 src=150 reserve=825312 rss=2555546024 live=7390163
	csg_mem tag=forest_appended src=150 forest_arena=88829320 rss=2558577064 live=7392075
	csg_mem tag=ta_stream src=150 arena=88829320 rss=2558577064 live=7392075
	csg_mem tag=forest src=151 bytes=1861 rss=2558577064 live=7392069
	csg_mem tag=forest_parse_begin pass=1 src=151 reserve=152224 rss=2558577064 live=7392091
	csg_mem tag=forest_appended src=151 forest_arena=88829320 rss=2559330728 live=7392439
	csg_mem tag=ta_stream src=151 arena=88829320 rss=2559330728 live=7392439
	csg_mem tag=forest src=152 bytes=1128 rss=2559330728 live=7392433
	csg_mem tag=forest_parse_begin pass=1 src=152 reserve=131584 rss=2559347112 live=7392453
	csg_mem tag=forest_appended src=152 forest_arena=88829320 rss=2560018856 live=7392602
	csg_mem tag=ta_stream src=152 arena=88829320 rss=2560018856 live=7392602
	csg_mem tag=forest src=153 bytes=1513 rss=2560018856 live=7392596
	csg_mem tag=forest_parse_begin pass=1 src=153 reserve=119584 rss=2560035240 live=7392618
	csg_mem tag=forest_appended src=153 forest_arena=88829320 rss=2560690600 live=7392900
	csg_mem tag=ta_stream src=153 arena=88829320 rss=2560690600 live=7392900
	csg_mem tag=forest src=154 bytes=463934 rss=2560706984 live=7392894
	csg_mem tag=forest_parse_begin pass=1 src=154 reserve=18578528 rss=2561395112 live=7392932
	csg_mem tag=forest_appended src=154 forest_arena=88829320 rss=2595703208 live=7429413
	csg_mem tag=ta_stream src=154 arena=88829320 rss=2595703208 live=7429413
	csg_mem tag=forest src=155 bytes=13667 rss=2595703208 live=7429407
	csg_mem tag=forest_parse_begin pass=1 src=155 reserve=603616 rss=2595703208 live=7429433
	csg_mem tag=forest_appended src=155 forest_arena=88829320 rss=2596047272 live=7430271
	csg_mem tag=ta_stream src=155 arena=88829320 rss=2596047272 live=7430271
	csg_mem tag=forest src=156 bytes=38093 rss=2596047272 live=7430265
	csg_mem tag=forest_parse_begin pass=1 src=156 reserve=2080032 rss=2596080040 live=7430297
	csg_mem tag=forest_appended src=156 forest_arena=88829320 rss=2598537640 live=7434007
	csg_mem tag=ta_stream src=156 arena=88829320 rss=2598537640 live=7434007
	csg_mem tag=forest src=157 bytes=11977 rss=2598537640 live=7434001
	csg_mem tag=forest_parse_begin pass=1 src=157 reserve=644640 rss=2598554024 live=7434029
	csg_mem tag=forest_appended src=157 forest_arena=88829320 rss=2600733096 live=7435382
	csg_mem tag=ta_stream src=157 arena=88829320 rss=2600733096 live=7435382
	csg_mem tag=forest src=158 bytes=2184453 rss=2600733096 live=7435376
	csg_mem tag=forest_parse_begin pass=1 src=158 reserve=73477216 rss=2603289000 live=7435418
