	csg_mem tag=import_edges_resolved rss=394019632 live=886767
	csg_mem tag=metadata_contexts_built rss=590562240 live=1498589
	csg_mem tag=forest_build_start mode=reparse rss=596444096 live=1507621
	csg_mem tag=forest src=0 bytes=7371 rss=596444096 live=1507623
	csg_mem tag=forest_parse_begin pass=0 src=0 reserve=0 rss=596476864 live=1507642
	csg_mem tag=forest_parse_end pass=0 src=0 arena=267456 parse_ms=10 rss=596919232 live=1508145
	csg_mem tag=forest_parsed src=0 arena=267456 rss=596919232 live=1508145
	csg_mem tag=forest src=1 bytes=9952 rss=596640704 live=1508178
	csg_mem tag=forest_parse_begin pass=0 src=1 reserve=0 rss=596657088 live=1508199
	csg_mem tag=forest_parse_end pass=0 src=1 arena=524864 parse_ms=17 rss=597345216 live=1509273
	csg_mem tag=forest_parsed src=1 arena=524864 rss=597345216 live=1509273
	csg_mem tag=forest src=2 bytes=817253 rss=596837312 live=1509278
	csg_mem tag=forest_parse_begin pass=0 src=2 reserve=0 rss=599917504 live=1509311
	csg_mem tag=forest_parse_end pass=0 src=2 arena=33621952 parse_ms=1037 rss=636437488 live=1553151
	csg_mem tag=forest_parsed src=2 arena=33621952 rss=636437488 live=1553151
	csg_mem tag=forest src=3 bytes=94454 rss=601981888 live=1553161
	csg_mem tag=forest_parse_begin pass=0 src=3 reserve=0 rss=601981888 live=1553186
	csg_mem tag=forest_parse_end pass=0 src=3 arena=2923808 parse_ms=91 rss=605422528 live=1557040
	csg_mem tag=forest_parsed src=3 arena=2923808 rss=605422528 live=1557040
	csg_mem tag=forest src=4 bytes=59923 rss=602489792 live=1557027
	csg_mem tag=forest_parse_begin pass=0 src=4 reserve=0 rss=602538944 live=1557052
	csg_mem tag=forest_parse_end pass=0 src=4 arena=2089344 parse_ms=59 rss=605012928 live=1559651
	csg_mem tag=forest_parsed src=4 arena=2089344 rss=605012928 live=1559651
	csg_mem tag=forest src=5 bytes=136411 rss=602915776 live=1559647
	csg_mem tag=forest_parse_begin pass=0 src=5 reserve=0 rss=603210688 live=1559674
	csg_mem tag=forest_parse_end pass=0 src=5 arena=4658880 parse_ms=161 rss=608879576 live=1566212
	csg_mem tag=forest_parsed src=5 arena=4658880 rss=608879576 live=1566212
	csg_mem tag=forest src=6 bytes=164754 rss=604210112 live=1566202
	csg_mem tag=forest_parse_begin pass=0 src=6 reserve=0 rss=604423104 live=1566229
	csg_mem tag=forest_parse_end pass=0 src=6 arena=7788096 parse_ms=183 rss=612418520 live=1573482
	csg_mem tag=forest_parsed src=6 arena=7788096 rss=612418520 live=1573482
	csg_mem tag=forest src=7 bytes=126542 rss=605569984 live=1573468
	csg_mem tag=forest_parse_begin pass=0 src=7 reserve=0 rss=605979584 live=1573495
	csg_mem tag=forest_parse_end pass=0 src=7 arena=4544352 parse_ms=150 rss=611107800 live=1580253
	csg_mem tag=forest_parsed src=7 arena=4544352 rss=611107800 live=1580253
	csg_mem tag=forest src=8 bytes=108814 rss=606553024 live=1580243
	csg_mem tag=forest_parse_begin pass=0 src=8 reserve=0 rss=606864320 live=1580270
	csg_mem tag=forest_parse_end pass=0 src=8 arena=4364704 parse_ms=145 rss=611845080 live=1586397
	csg_mem tag=forest_parsed src=8 arena=4364704 rss=611845080 live=1586397
	csg_mem tag=forest src=9 bytes=97046 rss=607454144 live=1586397
	csg_mem tag=forest_parse_begin pass=0 src=9 reserve=0 rss=607503296 live=1586422
	csg_mem tag=forest_parse_end pass=0 src=9 arena=3957344 parse_ms=108 rss=611533760 live=1591162
	csg_mem tag=forest_parsed src=9 arena=3957344 rss=611533760 live=1591162
	csg_mem tag=forest src=10 bytes=263042 rss=607568832 live=1591149
	csg_mem tag=forest_parse_begin pass=0 src=10 reserve=0 rss=607699904 live=1591178
	csg_mem tag=forest_parse_end pass=0 src=10 arena=9308960 parse_ms=363 rss=617382872 live=1605894
	csg_mem tag=forest_parsed src=10 arena=9308960 rss=617382872 live=1605894
	csg_mem tag=forest src=11 bytes=30477 rss=607830976 live=1605917
	csg_mem tag=forest_parse_begin pass=0 src=11 reserve=0 rss=607847360 live=1605940
	csg_mem tag=forest_parse_end pass=0 src=11 arena=2263584 parse_ms=66 rss=610255808 live=1609809
	csg_mem tag=forest_parsed src=11 arena=2263584 rss=610255808 live=1609809
	csg_mem tag=forest src=12 bytes=17051 rss=607978432 live=1609795
	csg_mem tag=forest_parse_begin pass=0 src=12 reserve=0 rss=607994816 live=1609816
	csg_mem tag=forest_parse_end pass=0 src=12 arena=779168 parse_ms=20 rss=608797632 live=1610782
	csg_mem tag=forest_parsed src=12 arena=779168 rss=608797632 live=1610782
	csg_mem tag=forest src=13 bytes=11252 rss=608011200 live=1610768
	csg_mem tag=forest_parse_begin pass=0 src=13 reserve=0 rss=608027584 live=1610787
	csg_mem tag=forest_parse_end pass=0 src=13 arena=574720 parse_ms=24 rss=608682944 live=1611645
	csg_mem tag=forest_parsed src=13 arena=574720 rss=608699328 live=1611645
	csg_mem tag=forest src=14 bytes=520230 rss=608109504 live=1611631
	csg_mem tag=forest_parse_begin pass=0 src=14 reserve=0 rss=608273344 live=1611662
	csg_mem tag=forest_parse_end pass=0 src=14 arena=42641152 parse_ms=1040 rss=651641840 live=1651203
	csg_mem tag=forest_parsed src=14 arena=42641152 rss=651641840 live=1651203
	csg_mem tag=forest src=15 bytes=1170 rss=608928704 live=1651189
	csg_mem tag=forest_parse_begin pass=0 src=15 reserve=0 rss=608928704 live=1651202
	csg_mem tag=forest_parse_end pass=0 src=15 arena=20544 parse_ms=1 rss=608928704 live=1651238
	csg_mem tag=forest_parsed src=15 arena=20544 rss=608928704 live=1651238
	csg_mem tag=forest src=16 bytes=99478 rss=608928704 live=1651224
	csg_mem tag=forest_parse_begin pass=0 src=16 reserve=0 rss=609043392 live=1651249
	csg_mem tag=forest_parse_end pass=0 src=16 arena=3435744 parse_ms=99 rss=612516800 live=1657235
	csg_mem tag=forest_parsed src=16 arena=3435744 rss=612516800 live=1657235
	csg_mem tag=forest src=17 bytes=1232 rss=609076160 live=1657241
	csg_mem tag=forest_parse_begin pass=0 src=17 reserve=0 rss=609076160 live=1657254
	csg_mem tag=forest_parse_end pass=0 src=17 arena=9408 parse_ms=0 rss=609076160 live=1657285
	csg_mem tag=forest_parsed src=17 arena=9408 rss=609076160 live=1657285
	csg_mem tag=forest src=18 bytes=1854 rss=609076160 live=1657271
	csg_mem tag=forest_parse_begin pass=0 src=18 reserve=0 rss=609076160 live=1657284
	csg_mem tag=forest_parse_end pass=0 src=18 arena=11776 parse_ms=0 rss=609092544 live=1657325
	csg_mem tag=forest_parsed src=18 arena=11776 rss=609092544 live=1657325
	csg_mem tag=forest src=19 bytes=3277 rss=609092544 live=1657311
	csg_mem tag=forest_parse_begin pass=0 src=19 reserve=0 rss=609092544 live=1657326
	csg_mem tag=forest_parse_end pass=0 src=19 arena=82848 parse_ms=2 rss=609108928 live=1657509
	csg_mem tag=forest_parsed src=19 arena=82848 rss=609108928 live=1657509
	csg_mem tag=forest src=20 bytes=7479 rss=609108928 live=1657495
	csg_mem tag=forest_parse_begin pass=0 src=20 reserve=0 rss=609125312 live=1657514
	csg_mem tag=forest_parse_end pass=0 src=20 arena=282240 parse_ms=10 rss=609436608 live=1657947
	csg_mem tag=forest_parsed src=20 arena=282240 rss=609436608 live=1657947
	csg_mem tag=forest src=21 bytes=3268 rss=609141696 live=1657933
	csg_mem tag=forest_parse_begin pass=0 src=21 reserve=0 rss=609141696 live=1657950
	csg_mem tag=forest_parse_end pass=0 src=21 arena=84416 parse_ms=2 rss=609141696 live=1658039
	csg_mem tag=forest_parsed src=21 arena=84416 rss=609141696 live=1658039
	csg_mem tag=forest src=22 bytes=89269 rss=609141696 live=1658025
	csg_mem tag=forest_parse_begin pass=0 src=22 reserve=0 rss=609158080 live=1658052
	csg_mem tag=forest_parse_end pass=0 src=22 arena=4664544 parse_ms=179 rss=613876696 live=1665927
	csg_mem tag=forest_parsed src=22 arena=4664544 rss=613876696 live=1665927
	csg_mem tag=forest src=23 bytes=25398 rss=609223616 live=1665919
	csg_mem tag=forest_parse_begin pass=0 src=23 reserve=0 rss=609223616 live=1665942
	csg_mem tag=forest_parse_end pass=0 src=23 arena=2018560 parse_ms=52 rss=611271616 live=1668817
	csg_mem tag=forest_parsed src=23 arena=2018560 rss=611271616 live=1668817
	csg_mem tag=forest src=24 bytes=36083 rss=609240000 live=1668804
	csg_mem tag=forest_parse_begin pass=0 src=24 reserve=0 rss=609256384 live=1668827
	csg_mem tag=forest_parse_end pass=0 src=24 arena=1539552 parse_ms=47 rss=610894784 live=1671540
	csg_mem tag=forest_parsed src=24 arena=1539552 rss=610894784 live=1671540
	csg_mem tag=forest src=25 bytes=29310 rss=609354688 live=1671541
	csg_mem tag=forest_parse_begin pass=0 src=25 reserve=0 rss=609371072 live=1671564
	csg_mem tag=forest_parse_end pass=0 src=25 arena=1136928 parse_ms=34 rss=610599872 live=1672846
	csg_mem tag=forest_parsed src=25 arena=1136928 rss=610599872 live=1672846
	csg_mem tag=forest src=26 bytes=21459 rss=609452992 live=1672832
	csg_mem tag=forest_parse_begin pass=0 src=26 reserve=0 rss=609452992 live=1672853
	csg_mem tag=forest_parse_end pass=0 src=26 arena=1099968 parse_ms=36 rss=610599872 live=1673950
	csg_mem tag=forest_parsed src=26 arena=1099968 rss=610599872 live=1673950
	csg_mem tag=forest src=27 bytes=1082 rss=609485760 live=1673936
	csg_mem tag=forest_parse_begin pass=0 src=27 reserve=0 rss=609502144 live=1673949
	csg_mem tag=forest_parse_end pass=0 src=27 arena=64576 parse_ms=2 rss=609502144 live=1674015
	csg_mem tag=forest_parsed src=27 arena=64576 rss=609502144 live=1674015
	csg_mem tag=forest src=28 bytes=5750 rss=609502144 live=1674001
	csg_mem tag=forest_parse_begin pass=0 src=28 reserve=0 rss=609502144 live=1674020
	csg_mem tag=forest_parse_end pass=0 src=28 arena=260320 parse_ms=8 rss=609813440 live=1674527
	csg_mem tag=forest_parsed src=28 arena=260320 rss=609813440 live=1674527
	csg_mem tag=forest src=29 bytes=59609 rss=609551296 live=1674514
	csg_mem tag=forest_parse_begin pass=0 src=29 reserve=0 rss=609567680 live=1674539
	csg_mem tag=forest_parse_end pass=0 src=29 arena=3234976 parse_ms=81 rss=612975552 live=1678355
	csg_mem tag=forest_parsed src=29 arena=3234976 rss=612991936 live=1678355
	csg_mem tag=forest src=30 bytes=50794 rss=609747904 live=1678345
	csg_mem tag=forest_parse_begin pass=0 src=30 reserve=0 rss=609747904 live=1678370
	csg_mem tag=forest_parse_end pass=0 src=30 arena=2238272 parse_ms=76 rss=612189120 live=1682109
	csg_mem tag=forest_parsed src=30 arena=2238272 rss=612189120 live=1682109
	csg_mem tag=forest src=31 bytes=52710 rss=609944512 live=1682103
	csg_mem tag=forest_parse_begin pass=0 src=31 reserve=0 rss=609977280 live=1682128
	csg_mem tag=forest_parse_end pass=0 src=31 arena=2247424 parse_ms=74 rss=612664256 live=1685236
	csg_mem tag=forest_parsed src=31 arena=2247424 rss=612664256 live=1685236
	csg_mem tag=forest src=32 bytes=2252 rss=610403264 live=1685224
	csg_mem tag=forest_parse_begin pass=0 src=32 reserve=0 rss=610403264 live=1685239
	csg_mem tag=forest_parse_end pass=0 src=32 arena=95584 parse_ms=2 rss=610583488 live=1685387
	csg_mem tag=forest_parsed src=32 arena=95584 rss=610583488 live=1685387
	csg_mem tag=forest src=33 bytes=48367 rss=610583488 live=1685384
	csg_mem tag=forest_parse_begin pass=0 src=33 reserve=0 rss=610665408 live=1685407
	csg_mem tag=forest_parse_end pass=0 src=33 arena=1983616 parse_ms=62 rss=612860888 live=1688600
	csg_mem tag=forest_parsed src=33 arena=1983616 rss=612860888 live=1688600
	csg_mem tag=forest src=34 bytes=16779 rss=610894808 live=1688589
	csg_mem tag=forest_parse_begin pass=0 src=34 reserve=0 rss=610960344 live=1688610
	csg_mem tag=forest_parse_end pass=0 src=34 arena=1070528 parse_ms=29 rss=612074456 live=1689817
	csg_mem tag=forest_parsed src=34 arena=1070528 rss=612074456 live=1689817
	csg_mem tag=forest src=35 bytes=241090 rss=611009496 live=1689814
	csg_mem tag=forest_parse_begin pass=0 src=35 reserve=0 rss=611386328 live=1689843
	csg_mem tag=forest_parse_end pass=0 src=35 arena=9242720 parse_ms=397 rss=621003760 live=1701979
	csg_mem tag=forest_parsed src=35 arena=9242720 rss=621020144 live=1701979
	csg_mem tag=forest src=36 bytes=21751 rss=611812312 live=1701966
	csg_mem tag=forest_parse_begin pass=0 src=36 reserve=0 rss=611828696 live=1701989
	csg_mem tag=forest_parse_end pass=0 src=36 arena=1131168 parse_ms=33 rss=612975576 live=1703230
	csg_mem tag=forest_parsed src=36 arena=1131168 rss=612975576 live=1703230
	csg_mem tag=forest src=37 bytes=91449 rss=611845080 live=1703219
	csg_mem tag=forest_parse_begin pass=0 src=37 reserve=0 rss=611861464 live=1703246
	csg_mem tag=forest_parse_end pass=0 src=37 arena=7943136 parse_ms=205 rss=619381744 live=1713034
	csg_mem tag=forest_parsed src=37 arena=7943136 rss=619381744 live=1713034
	csg_mem tag=forest src=38 bytes=22555 rss=611927000 live=1713026
	csg_mem tag=forest_parse_begin pass=0 src=38 reserve=0 rss=611943384 live=1713049
	csg_mem tag=forest_parse_end pass=0 src=38 arena=1179904 parse_ms=46 rss=613270488 live=1715762
	csg_mem tag=forest_parsed src=38 arena=1179904 rss=613270488 live=1715762
	csg_mem tag=forest src=39 bytes=16869 rss=612074456 live=1715749
	csg_mem tag=forest_parse_begin pass=0 src=39 reserve=0 rss=612074456 live=1715770
	csg_mem tag=forest_parse_end pass=0 src=39 arena=1112096 parse_ms=36 rss=613270488 live=1717867
	csg_mem tag=forest_parsed src=39 arena=1112096 rss=613270488 live=1717867
	csg_mem tag=forest src=40 bytes=42339 rss=612156376 live=1717854
	csg_mem tag=forest_parse_begin pass=0 src=40 reserve=0 rss=612221912 live=1717877
	csg_mem tag=forest_parse_end pass=0 src=40 arena=3115232 parse_ms=103 rss=615515096 live=1723114
	csg_mem tag=forest_parsed src=40 arena=3115232 rss=615515096 live=1723114
	csg_mem tag=forest src=41 bytes=16263 rss=612402136 live=1723105
	csg_mem tag=forest_parse_begin pass=0 src=41 reserve=0 rss=612418520 live=1723126
	csg_mem tag=forest_parse_end pass=0 src=41 arena=1044768 parse_ms=34 rss=613581784 live=1725327
	csg_mem tag=forest_parsed src=41 arena=1044768 rss=613581784 live=1725327
	csg_mem tag=forest src=42 bytes=14980 rss=612549592 live=1725314
	csg_mem tag=forest_parse_begin pass=0 src=42 reserve=0 rss=612598744 live=1725335
	csg_mem tag=forest_parse_end pass=0 src=42 arena=1044640 parse_ms=33 rss=613680088 live=1727390
	csg_mem tag=forest_parsed src=42 arena=1044640 rss=613680088 live=1727390
	csg_mem tag=forest src=43 bytes=1470 rss=612631512 live=1727377
	csg_mem tag=forest_parse_begin pass=0 src=43 reserve=0 rss=612631512 live=1727392
	csg_mem tag=forest_parse_end pass=0 src=43 arena=68320 parse_ms=2 rss=612647896 live=1727483
	csg_mem tag=forest_parsed src=43 arena=68320 rss=612647896 live=1727483
	csg_mem tag=forest src=44 bytes=45177 rss=612647896 live=1727469
	csg_mem tag=forest_parse_begin pass=0 src=44 reserve=0 rss=612713432 live=1727494
	csg_mem tag=forest_parse_end pass=0 src=44 arena=2183520 parse_ms=65 rss=614974424 live=1730092
	csg_mem tag=forest_parsed src=44 arena=2183520 rss=614974424 live=1730092
	csg_mem tag=forest src=45 bytes=3258 rss=612778968 live=1730080
	csg_mem tag=forest_parse_begin pass=0 src=45 reserve=0 rss=612778968 live=1730097
	csg_mem tag=forest_parse_end pass=0 src=45 arena=205280 parse_ms=7 rss=613008344 live=1730309
	csg_mem tag=forest_parsed src=45 arena=205280 rss=613008344 live=1730309
	csg_mem tag=forest src=46 bytes=1452 rss=612795352 live=1730295
	csg_mem tag=forest_parse_begin pass=0 src=46 reserve=0 rss=612795352 live=1730310
	csg_mem tag=forest_parse_end pass=0 src=46 arena=42336 parse_ms=1 rss=612795352 live=1730414
	csg_mem tag=forest_parsed src=46 arena=42336 rss=612795352 live=1730414
	csg_mem tag=forest src=47 bytes=1498710 rss=612795352 live=1730400
	csg_mem tag=forest_parse_begin pass=0 src=47 reserve=0 rss=615842776 live=1730433
	csg_mem tag=forest_parse_end pass=0 src=47 arena=63019392 parse_ms=1862 rss=675382304 live=1798600
	csg_mem tag=forest_parsed src=47 arena=63019392 rss=675382304 live=1798600
	csg_mem tag=forest src=48 bytes=15407 rss=617137112 live=1798646
	csg_mem tag=forest_parse_begin pass=0 src=48 reserve=0 rss=617137112 live=1798667
	csg_mem tag=forest_parse_end pass=0 src=48 arena=978976 parse_ms=23 rss=618169304 live=1799577
	csg_mem tag=forest_parsed src=48 arena=978976 rss=618169304 live=1799577
	csg_mem tag=forest src=49 bytes=36412 rss=617186264 live=1799564
	csg_mem tag=forest_parse_begin pass=0 src=49 reserve=0 rss=617186264 live=1799587
	csg_mem tag=forest_parse_end pass=0 src=49 arena=2226944 parse_ms=76 rss=619561944 live=1803448
	csg_mem tag=forest_parsed src=49 arena=2226944 rss=619561944 live=1803448
	csg_mem tag=forest src=50 bytes=212055 rss=617333720 live=1803435
	csg_mem tag=forest_parse_begin pass=0 src=50 reserve=0 rss=617530328 live=1803462
	csg_mem tag=forest_parse_end pass=0 src=50 arena=9190592 parse_ms=359 rss=627672048 live=1817941
	csg_mem tag=forest_parsed src=50 arena=9190592 rss=627672048 live=1817941
	csg_mem tag=forest src=51 bytes=714 rss=618513368 live=1817939
	csg_mem tag=forest_parse_begin pass=0 src=51 reserve=0 rss=618513368 live=1817952
	csg_mem tag=forest_parse_end pass=0 src=51 arena=37568 parse_ms=1 rss=618513368 live=1818012
	csg_mem tag=forest_parsed src=51 arena=37568 rss=618513368 live=1818012
	csg_mem tag=forest src=52 bytes=15736 rss=618513368 live=1817998
	csg_mem tag=forest_parse_begin pass=0 src=52 reserve=0 rss=618546136 live=1818019
	csg_mem tag=forest_parse_end pass=0 src=52 arena=565856 parse_ms=19 rss=619135960 live=1818890
	csg_mem tag=forest_parsed src=52 arena=565856 rss=619135960 live=1818890
	csg_mem tag=forest src=53 bytes=15907 rss=618562520 live=1818876
	csg_mem tag=forest_parse_begin pass=0 src=53 reserve=0 rss=618578904 live=1818897
	csg_mem tag=forest_parse_end pass=0 src=53 arena=748160 parse_ms=22 rss=619348952 live=1819958
	csg_mem tag=forest_parsed src=53 arena=748160 rss=619348952 live=1819958
	csg_mem tag=forest src=54 bytes=18039 rss=618595288 live=1819947
	csg_mem tag=forest_parse_begin pass=0 src=54 reserve=0 rss=618595288 live=1819968
	csg_mem tag=forest_parse_end pass=0 src=54 arena=972064 parse_ms=25 rss=619594712 live=1820908
	csg_mem tag=forest_parsed src=54 arena=972064 rss=619594712 live=1820908
	csg_mem tag=forest src=55 bytes=7239 rss=618611672 live=1820896
	csg_mem tag=forest_parse_begin pass=0 src=55 reserve=0 rss=618611672 live=1820915
	csg_mem tag=forest_parse_end pass=0 src=55 arena=562848 parse_ms=17 rss=619201496 live=1821543
	csg_mem tag=forest_parsed src=55 arena=562848 rss=619201496 live=1821543
	csg_mem tag=forest src=56 bytes=11717 rss=618628056 live=1821530
	csg_mem tag=forest_parse_begin pass=0 src=56 reserve=0 rss=618660824 live=1821551
	csg_mem tag=forest_parse_end pass=0 src=56 arena=540640 parse_ms=17 rss=619201496 live=1822358
	csg_mem tag=forest_parsed src=56 arena=540640 rss=619201496 live=1822358
	csg_mem tag=forest src=57 bytes=2498 rss=618660824 live=1822346
	csg_mem tag=forest_parse_begin pass=0 src=57 reserve=0 rss=618677208 live=1822363
	csg_mem tag=forest_parse_end pass=0 src=57 arena=108032 parse_ms=3 rss=618677208 live=1822511
	csg_mem tag=forest_parsed src=57 arena=108032 rss=618677208 live=1822511
	csg_mem tag=forest src=58 bytes=9947 rss=618677208 live=1822500
	csg_mem tag=forest_parse_begin pass=0 src=58 reserve=0 rss=618709976 live=1822521
	csg_mem tag=forest_parse_end pass=0 src=58 arena=562528 parse_ms=17 rss=619348952 live=1823191
	csg_mem tag=forest_parsed src=58 arena=562528 rss=619348952 live=1823191
	csg_mem tag=forest src=59 bytes=59910 rss=618775512 live=1823179
	csg_mem tag=forest_parse_begin pass=0 src=59 reserve=0 rss=618922968 live=1823204
	csg_mem tag=forest_parse_end pass=0 src=59 arena=2329920 parse_ms=96 rss=621626328 live=1826417
	csg_mem tag=forest_parsed src=59 arena=2329920 rss=621626328 live=1826417
	csg_mem tag=forest src=60 bytes=4463 rss=619299800 live=1826406
	csg_mem tag=forest_parse_begin pass=0 src=60 reserve=0 rss=619299800 live=1826423
	csg_mem tag=forest_parse_end pass=0 src=60 arena=246432 parse_ms=6 rss=619709400 live=1826736
	csg_mem tag=forest_parsed src=60 arena=246432 rss=619709400 live=1826736
	csg_mem tag=forest src=61 bytes=4513921 rss=619447256 live=1826722
	csg_mem tag=forest_parse_begin pass=0 src=61 reserve=0 rss=627819480 live=1826759
	csg_mem tag=forest_parse_end pass=0 src=61 arena=140260800 parse_ms=9341 rss=693945424 live=2024763
	csg_mem tag=forest_parsed src=61 arena=140260800 rss=693945424 live=2024763
	csg_mem tag=forest src=62 bytes=214132 rss=548389848 live=2024776
	csg_mem tag=forest_parse_begin pass=0 src=62 reserve=0 rss=548553688 live=2024805
	csg_mem tag=forest_parse_end pass=0 src=62 arena=9147168 parse_ms=416 rss=558187504 live=2037709
	csg_mem tag=forest_parsed src=62 arena=9147168 rss=558187504 live=2037709
	csg_mem tag=forest src=63 bytes=146632 rss=549061592 live=2037695
	csg_mem tag=forest_parse_begin pass=0 src=63 reserve=0 rss=549143512 live=2037722
	csg_mem tag=forest_parse_end pass=0 src=63 arena=7895328 parse_ms=268 rss=557155312 live=2046407
	csg_mem tag=forest_parsed src=63 arena=7895328 rss=557171696 live=2046407
	csg_mem tag=forest src=64 bytes=60278 rss=549258200 live=2046401
	csg_mem tag=forest_parse_begin pass=0 src=64 reserve=0 rss=549290968 live=2046426
	csg_mem tag=forest_parse_end pass=0 src=64 arena=2237760 parse_ms=105 rss=551551960 live=2049789
	csg_mem tag=forest_parsed src=64 arena=2237760 rss=551551960 live=2049789
	csg_mem tag=forest src=65 bytes=26513 rss=549307352 live=2049788
	csg_mem tag=forest_parse_begin pass=0 src=65 reserve=0 rss=549340120 live=2049811
	csg_mem tag=forest_parse_end pass=0 src=65 arena=1929824 parse_ms=60 rss=551273432 live=2052143
	csg_mem tag=forest_parsed src=65 arena=1929824 rss=551273432 live=2052143
	csg_mem tag=forest src=66 bytes=115864 rss=549340120 live=2052129
	csg_mem tag=forest_parse_begin pass=0 src=66 reserve=0 rss=549340120 live=2052156
	csg_mem tag=forest_parse_end pass=0 src=66 arena=7864864 parse_ms=234 rss=556745712 live=2061362
	csg_mem tag=forest_parsed src=66 arena=7864864 rss=556745712 live=2061362
	csg_mem tag=forest src=67 bytes=342860 rss=549372888 live=2061350
	csg_mem tag=forest_parse_begin pass=0 src=67 reserve=0 rss=549372888 live=2061379
	csg_mem tag=forest_parse_end pass=0 src=67 arena=15735424 parse_ms=590 rss=564560880 live=2087202
	csg_mem tag=forest_parsed src=67 arena=15735424 rss=564560880 live=2087202
	csg_mem tag=forest src=68 bytes=93793 rss=549487576 live=2087201
	csg_mem tag=forest_parse_begin pass=0 src=68 reserve=0 rss=549520344 live=2087228
	csg_mem tag=forest_parse_end pass=0 src=68 arena=4499488 parse_ms=193 rss=554124272 live=2093346
	csg_mem tag=forest_parsed src=68 arena=4499488 rss=554124272 live=2093346
	csg_mem tag=forest src=69 bytes=18553 rss=549602264 live=2093333
	csg_mem tag=forest_parse_begin pass=0 src=69 reserve=0 rss=549618648 live=2093354
	csg_mem tag=forest_parse_end pass=0 src=69 arena=1560128 parse_ms=65 rss=551240664 live=2096611
	csg_mem tag=forest_parsed src=69 arena=1560128 rss=551240664 live=2096611
	csg_mem tag=forest src=70 bytes=23302 rss=549667800 live=2096597
	csg_mem tag=forest_parse_begin pass=0 src=70 reserve=0 rss=549667800 live=2096620
	csg_mem tag=forest_parse_end pass=0 src=70 arena=1078944 parse_ms=42 rss=550749144 live=2098687
	csg_mem tag=forest_parsed src=70 arena=1078944 rss=550749144 live=2098687
	csg_mem tag=forest src=71 bytes=12094 rss=549684184 live=2098682
	csg_mem tag=forest_parse_begin pass=0 src=71 reserve=0 rss=549684184 live=2098701
	csg_mem tag=forest_parse_end pass=0 src=71 arena=484512 parse_ms=18 rss=550175704 live=2099329
	csg_mem tag=forest_parsed src=71 arena=484512 rss=550175704 live=2099329
	csg_mem tag=forest src=72 bytes=373101 rss=549684184 live=2099317
	csg_mem tag=forest_parse_begin pass=0 src=72 reserve=0 rss=549831640 live=2099346
	csg_mem tag=forest_parse_end pass=0 src=72 arena=15793504 parse_ms=524 rss=565085168 live=2117388
	csg_mem tag=forest_parsed src=72 arena=15793504 rss=565085168 live=2117388
	csg_mem tag=forest src=73 bytes=5619 rss=549929944 live=2117391
	csg_mem tag=forest_parse_begin pass=0 src=73 reserve=0 rss=549929944 live=2117410
	csg_mem tag=forest_parse_end pass=0 src=73 arena=206048 parse_ms=8 rss=550142936 live=2117829
	csg_mem tag=forest_parsed src=73 arena=206048 rss=550142936 live=2117829
	csg_mem tag=forest src=74 bytes=256078 rss=549929944 live=2117815
	csg_mem tag=forest_parse_begin pass=0 src=74 reserve=0 rss=549995480 live=2117844
	csg_mem tag=forest_parse_end pass=0 src=74 arena=9120128 parse_ms=414 rss=559121392 live=2129201
	csg_mem tag=forest_parsed src=74 arena=9120128 rss=559121392 live=2129201
	csg_mem tag=forest src=75 bytes=228229 rss=550028248 live=2129193
	csg_mem tag=forest_parse_begin pass=0 src=75 reserve=0 rss=550061016 live=2129222
	csg_mem tag=forest_parse_end pass=0 src=75 arena=8998336 parse_ms=371 rss=559105008 live=2140683
	csg_mem tag=forest_parsed src=75 arena=8998336 rss=559105008 live=2140683
	csg_mem tag=forest src=76 bytes=9159 rss=550077400 live=2140679
	csg_mem tag=forest_parse_begin pass=0 src=76 reserve=0 rss=550077400 live=2140700
	csg_mem tag=forest_parse_end pass=0 src=76 arena=481184 parse_ms=15 rss=550568920 live=2140965
	csg_mem tag=forest_parsed src=76 arena=481184 rss=550568920 live=2140965
	csg_mem tag=forest src=77 bytes=207027 rss=550077400 live=2140951
	csg_mem tag=forest_parse_begin pass=0 src=77 reserve=0 rss=550142936 live=2140980
	csg_mem tag=forest_parse_end pass=0 src=77 arena=9306368 parse_ms=385 rss=559776752 live=2155188
	csg_mem tag=forest_parsed src=77 arena=9306368 rss=559776752 live=2155188
	csg_mem tag=forest src=78 bytes=21659 rss=550487000 live=2155174
	csg_mem tag=forest_parse_begin pass=0 src=78 reserve=0 rss=550487000 live=2155195
	csg_mem tag=forest_parse_end pass=0 src=78 arena=897152 parse_ms=31 rss=551420888 live=2156256
	csg_mem tag=forest_parsed src=78 arena=897152 rss=551420888 live=2156256
	csg_mem tag=forest src=79 bytes=138950 rss=550519768 live=2156242
	csg_mem tag=forest_parse_begin pass=0 src=79 reserve=0 rss=550536152 live=2156269
	csg_mem tag=forest_parse_end pass=0 src=79 arena=7673728 parse_ms=244 rss=557958128 live=2165961
	csg_mem tag=forest_parsed src=79 arena=7673728 rss=557958128 live=2165961
	csg_mem tag=forest src=80 bytes=16818 rss=550781912 live=2165947
	csg_mem tag=forest_parse_begin pass=0 src=80 reserve=0 rss=550814680 live=2165968
	csg_mem tag=forest_parse_end pass=0 src=80 arena=580096 parse_ms=29 rss=551453656 live=2166873
	csg_mem tag=forest_parsed src=80 arena=580096 rss=551453656 live=2166873
	csg_mem tag=forest src=81 bytes=7011 rss=550863832 live=2166860
	csg_mem tag=forest_parse_begin pass=0 src=81 reserve=0 rss=550863832 live=2166877
	csg_mem tag=forest_parse_end pass=0 src=81 arena=26368 parse_ms=1 rss=550863832 live=2166950
	csg_mem tag=forest_parsed src=81 arena=26368 rss=550863832 live=2166950
	csg_mem tag=forest src=82 bytes=3088 rss=550863832 live=2166938
	csg_mem tag=forest_parse_begin pass=0 src=82 reserve=0 rss=550863832 live=2166955
	csg_mem tag=forest_parse_end pass=0 src=82 arena=135104 parse_ms=6 rss=551011288 live=2167197
	csg_mem tag=forest_parsed src=82 arena=135104 rss=551011288 live=2167197
	csg_mem tag=forest src=83 bytes=209875 rss=550863832 live=2167183
	csg_mem tag=forest_parse_begin pass=0 src=83 reserve=0 rss=550994904 live=2167212
	csg_mem tag=forest_parse_end pass=0 src=83 arena=8672672 parse_ms=349 rss=559678448 live=2180429
	csg_mem tag=forest_parsed src=83 arena=8672672 rss=559678448 live=2180429
	csg_mem tag=forest src=84 bytes=113595 rss=551027672 live=2180429
	csg_mem tag=forest_parse_begin pass=0 src=84 reserve=0 rss=551191512 live=2180456
	csg_mem tag=forest_parse_end pass=0 src=84 arena=4098720 parse_ms=152 rss=555336688 live=2185662
	csg_mem tag=forest_parsed src=84 arena=4098720 rss=555336688 live=2185662
	csg_mem tag=forest src=85 bytes=694424 rss=551224280 live=2185655
	csg_mem tag=forest_parse_begin pass=0 src=85 reserve=0 rss=551699416 live=2185686
	csg_mem tag=forest_parse_end pass=0 src=85 arena=31524320 parse_ms=1089 rss=581780488 live=2234132
	csg_mem tag=forest_parsed src=85 arena=31524320 rss=581780488 live=2234132
	csg_mem tag=forest src=86 bytes=84731 rss=552158168 live=2234146
	csg_mem tag=forest_parse_begin pass=0 src=86 reserve=0 rss=552190936 live=2234173
	csg_mem tag=forest_parse_end pass=0 src=86 arena=4655136 parse_ms=175 rss=556991472 live=2239953
	csg_mem tag=forest_parsed src=86 arena=4655136 rss=556991472 live=2239953
	csg_mem tag=forest src=87 bytes=95381 rss=552322008 live=2239959
	csg_mem tag=forest_parse_begin pass=0 src=87 reserve=0 rss=552354776 live=2239986
	csg_mem tag=forest_parse_end pass=0 src=87 arena=4657632 parse_ms=162 rss=557204464 live=2246719
	csg_mem tag=forest_parsed src=87 arena=4657632 rss=557204464 live=2246719
	csg_mem tag=forest src=88 bytes=100872 rss=552535000 live=2246721
	csg_mem tag=forest_parse_begin pass=0 src=88 reserve=0 rss=552584152 live=2246748
	csg_mem tag=forest_parse_end pass=0 src=88 arena=4560160 parse_ms=178 rss=557335536 live=2253697
	csg_mem tag=forest_parsed src=88 arena=4560160 rss=557335536 live=2253697
	csg_mem tag=forest src=89 bytes=8802 rss=552747992 live=2253695
	csg_mem tag=forest_parse_begin pass=0 src=89 reserve=0 rss=552764376 live=2253716
	csg_mem tag=forest_parse_end pass=0 src=89 arena=550528 parse_ms=18 rss=553386968 live=2254323
	csg_mem tag=forest_parsed src=89 arena=550528 rss=553386968 live=2254323
	csg_mem tag=forest src=90 bytes=36472 rss=552829912 live=2254310
	csg_mem tag=forest_parse_begin pass=0 src=90 reserve=0 rss=552879064 live=2254335
	csg_mem tag=forest_parse_end pass=0 src=90 arena=2282368 parse_ms=86 rss=555254744 live=2257278
	csg_mem tag=forest_parsed src=90 arena=2282368 rss=555254744 live=2257278
	csg_mem tag=forest src=91 bytes=9587 rss=552977368 live=2257268
	csg_mem tag=forest_parse_begin pass=0 src=91 reserve=0 rss=552993752 live=2257289
	csg_mem tag=forest_parse_end pass=0 src=91 arena=577568 parse_ms=21 rss=553632728 live=2258081
	csg_mem tag=forest_parsed src=91 arena=577568 rss=553632728 live=2258081
	csg_mem tag=forest src=92 bytes=146673 rss=553042904 live=2258068
	csg_mem tag=forest_parse_begin pass=0 src=92 reserve=0 rss=553403352 live=2258095
	csg_mem tag=forest_parse_end pass=0 src=92 arena=6026144 parse_ms=234 rss=559858672 live=2267076
	csg_mem tag=forest_parsed src=92 arena=6026144 rss=559858672 live=2267076
	csg_mem tag=forest src=93 bytes=85404 rss=553812952 live=2267086
	csg_mem tag=forest_parse_begin pass=0 src=93 reserve=0 rss=553960408 live=2267113
	csg_mem tag=forest_parse_end pass=0 src=93 arena=4405344 parse_ms=161 rss=559072240 live=2271790
	csg_mem tag=forest_parsed src=93 arena=4405344 rss=559072240 live=2271790
	csg_mem tag=forest src=94 bytes=60609 rss=554648536 live=2271793
	csg_mem tag=forest_parse_begin pass=0 src=94 reserve=0 rss=554763224 live=2271818
	csg_mem tag=forest_parse_end pass=0 src=94 arena=3005376 parse_ms=112 rss=557892592 live=2275237
	csg_mem tag=forest_parsed src=94 arena=3005376 rss=557892592 live=2275237
	csg_mem tag=forest src=95 bytes=21133 rss=554861528 live=2275230
	csg_mem tag=forest_parse_begin pass=0 src=95 reserve=0 rss=554894296 live=2275253
	csg_mem tag=forest_parse_end pass=0 src=95 arena=1127648 parse_ms=44 rss=556057560 live=2276477
	csg_mem tag=forest_parsed src=95 arena=1127648 rss=556057560 live=2276477
	csg_mem tag=forest src=96 bytes=3751 rss=554927064 live=2276464
	csg_mem tag=forest_parse_begin pass=0 src=96 reserve=0 rss=554943448 live=2276481
	csg_mem tag=forest_parse_end pass=0 src=96 arena=196480 parse_ms=7 rss=555303896 live=2276716
	csg_mem tag=forest_parsed src=96 arena=196480 rss=555303896 live=2276716
	csg_mem tag=forest src=97 bytes=97141 rss=555107288 live=2276702
	csg_mem tag=forest_parse_begin pass=0 src=97 reserve=0 rss=555385816 live=2276729
	csg_mem tag=forest_parse_end pass=0 src=97 arena=4655136 parse_ms=207 rss=560104432 live=2282804
	csg_mem tag=forest_parsed src=97 arena=4655136 rss=560104432 live=2282804
	csg_mem tag=forest src=98 bytes=25148 rss=555434968 live=2282801
	csg_mem tag=forest_parse_begin pass=0 src=98 reserve=0 rss=555500504 live=2282824
	csg_mem tag=forest_parse_end pass=0 src=98 arena=1160192 parse_ms=53 rss=556680152 live=2284218
	csg_mem tag=forest_parsed src=98 arena=1160192 rss=556680152 live=2284218
	csg_mem tag=forest src=99 bytes=67075 rss=555533272 live=2284206
	csg_mem tag=forest_parse_begin pass=0 src=99 reserve=0 rss=555549656 live=2284231
	csg_mem tag=forest_parse_end pass=0 src=99 arena=3936576 parse_ms=125 rss=559596528 live=2287735
	csg_mem tag=forest_parsed src=99 arena=3936576 rss=559612912 live=2287735
	csg_mem tag=forest src=100 bytes=122136 rss=555664344 live=2287728
	csg_mem tag=forest_parse_begin pass=0 src=100 reserve=0 rss=555762648 live=2287755
	csg_mem tag=forest_parse_end pass=0 src=100 arena=4583264 parse_ms=203 rss=560399344 live=2294694
	csg_mem tag=forest_parsed src=100 arena=4583264 rss=560399344 live=2294694
	csg_mem tag=forest src=101 bytes=477806 rss=555844568 live=2294699
	csg_mem tag=forest_parse_begin pass=0 src=101 reserve=0 rss=556221400 live=2294730
	csg_mem tag=forest_parse_end pass=0 src=101 arena=18347488 parse_ms=924 rss=575276040 live=2333620
	csg_mem tag=forest_parsed src=101 arena=18347488 rss=575276040 live=2333620
	csg_mem tag=forest src=102 bytes=9251 rss=556549080 live=2333624
	csg_mem tag=forest_parse_begin pass=0 src=102 reserve=0 rss=556549080 live=2333643
	csg_mem tag=forest_parse_end pass=0 src=102 arena=410976 parse_ms=17 rss=556975064 live=2334365
	csg_mem tag=forest_parsed src=102 arena=410976 rss=556975064 live=2334365
	csg_mem tag=forest src=103 bytes=35254 rss=556549080 live=2334351
	csg_mem tag=forest_parse_begin pass=0 src=103 reserve=0 rss=556565464 live=2334376
	csg_mem tag=forest_parse_end pass=0 src=103 arena=1696640 parse_ms=65 rss=558269400 live=2336287
	csg_mem tag=forest_parsed src=103 arena=1696640 rss=558269400 live=2336287
	csg_mem tag=forest src=104 bytes=207662 rss=556565464 live=2336279
	csg_mem tag=forest_parse_begin pass=0 src=104 reserve=0 rss=556745688 live=2336308
	csg_mem tag=forest_parse_end pass=0 src=104 arena=8813440 parse_ms=327 rss=565691376 live=2347574
	csg_mem tag=forest_parsed src=104 arena=8813440 rss=565691376 live=2347574
	csg_mem tag=forest src=105 bytes=53041 rss=556860376 live=2347592
	csg_mem tag=forest_parse_begin pass=0 src=105 reserve=0 rss=556893144 live=2347617
	csg_mem tag=forest_parse_end pass=0 src=105 arena=2259072 parse_ms=92 rss=559170520 live=2350388
	csg_mem tag=forest_parsed src=105 arena=2259072 rss=559170520 live=2350388
	csg_mem tag=forest src=106 bytes=19779 rss=556909528 live=2350380
	csg_mem tag=forest_parse_begin pass=0 src=106 reserve=0 rss=556909528 live=2350401
	csg_mem tag=forest_parse_end pass=0 src=106 arena=751744 parse_ms=30 rss=557663192 live=2351364
	csg_mem tag=forest_parsed src=106 arena=751744 rss=557663192 live=2351364
	csg_mem tag=forest src=107 bytes=274 rss=556909528 live=2351353
	csg_mem tag=forest_parse_begin pass=0 src=107 reserve=0 rss=556909528 live=2351364
	csg_mem tag=forest_parse_end pass=0 src=107 arena=9376 parse_ms=0 rss=556909528 live=2351401
	csg_mem tag=forest_parsed src=107 arena=9376 rss=556909528 live=2351401
	csg_mem tag=forest src=108 bytes=131447 rss=556909528 live=2351388
	csg_mem tag=forest_parse_begin pass=0 src=108 reserve=0 rss=557024216 live=2351415
	csg_mem tag=forest_parse_end pass=0 src=108 arena=4836960 parse_ms=220 rss=562136048 live=2357889
	csg_mem tag=forest_parsed src=108 arena=4836960 rss=562136048 live=2357889
	csg_mem tag=forest src=109 bytes=204964 rss=557286360 live=2357883
	csg_mem tag=forest_parse_begin pass=0 src=109 reserve=0 rss=557679576 live=2357912
	csg_mem tag=forest_parse_end pass=0 src=109 arena=8810624 parse_ms=315 rss=566625264 live=2367971
	csg_mem tag=forest_parsed src=109 arena=8810624 rss=566625264 live=2367971
	csg_mem tag=forest src=110 bytes=26073 rss=557794264 live=2367979
	csg_mem tag=forest_parse_begin pass=0 src=110 reserve=0 rss=557876184 live=2368002
	csg_mem tag=forest_parse_end pass=0 src=110 arena=1108928 parse_ms=41 rss=559006680 live=2369387
	csg_mem tag=forest_parsed src=110 arena=1108928 rss=559006680 live=2369387
	csg_mem tag=forest src=111 bytes=52561 rss=557892568 live=2369375
	csg_mem tag=forest_parse_begin pass=0 src=111 reserve=0 rss=557925336 live=2369400
	csg_mem tag=forest_parse_end pass=0 src=111 arena=2303040 parse_ms=85 rss=560301016 live=2372400
	csg_mem tag=forest_parsed src=111 arena=2303040 rss=560301016 live=2372400
	csg_mem tag=forest src=112 bytes=54759 rss=557990872 live=2372390
	csg_mem tag=forest_parse_begin pass=0 src=112 reserve=0 rss=558007256 live=2372415
	csg_mem tag=forest_parse_end pass=0 src=112 arena=2325568 parse_ms=98 rss=560448472 live=2375478
	csg_mem tag=forest_parsed src=112 arena=2325568 rss=560448472 live=2375478
	csg_mem tag=forest src=113 bytes=22222 rss=558121944 live=2375474
	csg_mem tag=forest_parse_begin pass=0 src=113 reserve=0 rss=558138328 live=2375495
	csg_mem tag=forest_parse_end pass=0 src=113 arena=1006144 parse_ms=34 rss=559186904 live=2377040
	csg_mem tag=forest_parsed src=113 arena=1006144 rss=559186904 live=2377040
	csg_mem tag=forest src=114 bytes=396704 rss=558171096 live=2377027
	csg_mem tag=forest_parse_begin pass=0 src=114 reserve=0 rss=558466008 live=2377058
	csg_mem tag=forest_parse_end pass=0 src=114 arena=15681920 parse_ms=661 rss=574899184 live=2409850
	csg_mem tag=forest_parsed src=114 arena=15681920 rss=574899184 live=2409850
	csg_mem tag=forest src=115 bytes=5769 rss=558826456 live=2409839
	csg_mem tag=forest_parse_begin pass=0 src=115 reserve=0 rss=558842840 live=2409858
	csg_mem tag=forest_parse_end pass=0 src=115 arena=210208 parse_ms=8 rss=559055832 live=2410214
	csg_mem tag=forest_parsed src=115 arena=210208 rss=559055832 live=2410214
	csg_mem tag=forest src=116 bytes=3136 rss=558859224 live=2410202
	csg_mem tag=forest_parse_begin pass=0 src=116 reserve=0 rss=558859224 live=2410219
	csg_mem tag=forest_parse_end pass=0 src=116 arena=107776 parse_ms=4 rss=558859224 live=2410409
	csg_mem tag=forest_parsed src=116 arena=107776 rss=558859224 live=2410409
	csg_mem tag=forest src=117 bytes=281236 rss=558875608 live=2410397
	csg_mem tag=forest_parse_begin pass=0 src=117 reserve=0 rss=559039448 live=2410426
	csg_mem tag=forest_parse_end pass=0 src=117 arena=8623104 parse_ms=336 rss=568017904 live=2427344
	csg_mem tag=forest_parsed src=117 arena=8623104 rss=568017904 live=2427344
	csg_mem tag=forest src=118 bytes=36339 rss=559088600 live=2427335
	csg_mem tag=forest_parse_begin pass=0 src=118 reserve=0 rss=559088600 live=2427358
	csg_mem tag=forest_parse_end pass=0 src=118 arena=2203776 parse_ms=63 rss=561382360 live=2430106
	csg_mem tag=forest_parsed src=118 arena=2203776 rss=561382360 live=2430106
	csg_mem tag=forest src=119 bytes=66727 rss=559170520 live=2430093
	csg_mem tag=forest_parse_begin pass=0 src=119 reserve=0 rss=559219672 live=2430118
	csg_mem tag=forest_parse_end pass=0 src=119 arena=4554656 parse_ms=131 rss=563938288 live=2434964
	csg_mem tag=forest_parsed src=119 arena=4554656 rss=563938288 live=2434964
	csg_mem tag=forest src=120 bytes=19895 rss=559367128 live=2434956
	csg_mem tag=forest_parse_begin pass=0 src=120 reserve=0 rss=559383512 live=2434977
	csg_mem tag=forest_parse_end pass=0 src=120 arena=716672 parse_ms=22 rss=560153560 live=2436133
	csg_mem tag=forest_parsed src=120 arena=716672 rss=560153560 live=2436133
	csg_mem tag=forest src=121 bytes=104630 rss=559432664 live=2436121
	csg_mem tag=forest_parse_begin pass=0 src=121 reserve=0 rss=559449048 live=2436148
	csg_mem tag=forest_parse_end pass=0 src=121 arena=4230240 parse_ms=161 rss=563889136 live=2443567
	csg_mem tag=forest_parsed src=121 arena=4230240 rss=563889136 live=2443567
	csg_mem tag=forest src=122 bytes=21670 rss=559629272 live=2443559
	csg_mem tag=forest_parse_begin pass=0 src=122 reserve=0 rss=559711192 live=2443582
	csg_mem tag=forest_parse_end pass=0 src=122 arena=1157568 parse_ms=40 rss=561005528 live=2445046
	csg_mem tag=forest_parsed src=122 arena=1157568 rss=561005528 live=2445046
	csg_mem tag=forest src=123 bytes=41012 rss=559842264 live=2445034
	csg_mem tag=forest_parse_begin pass=0 src=123 reserve=0 rss=559973336 live=2445059
	csg_mem tag=forest_parse_end pass=0 src=123 arena=2319616 parse_ms=68 rss=562349016 live=2447868
	csg_mem tag=forest_parsed src=123 arena=2319616 rss=562349016 live=2447868
	csg_mem tag=forest src=124 bytes=602132 rss=560022488 live=2447856
	csg_mem tag=forest_parse_begin pass=0 src=124 reserve=0 rss=560497624 live=2447887
	csg_mem tag=forest_parse_end pass=0 src=124 arena=31473056 parse_ms=946 rss=591004680 live=2498840
	csg_mem tag=forest_parsed src=124 arena=31473056 rss=591004680 live=2498840
	csg_mem tag=forest src=125 bytes=2984 rss=561513432 live=2498876
	csg_mem tag=forest_parse_begin pass=0 src=125 reserve=0 rss=561513432 live=2498893
	csg_mem tag=forest_parse_end pass=0 src=125 arena=103360 parse_ms=3 rss=561513432 live=2499050
	csg_mem tag=forest_parsed src=125 arena=103360 rss=561513432 live=2499050
	csg_mem tag=forest src=126 bytes=6234 rss=561513432 live=2499038
	csg_mem tag=forest_parse_begin pass=0 src=126 reserve=0 rss=561529816 live=2499057
	csg_mem tag=forest_parse_end pass=0 src=126 arena=273504 parse_ms=8 rss=561808344 live=2499420
	csg_mem tag=forest_parsed src=126 arena=273504 rss=561808344 live=2499420
	csg_mem tag=forest src=127 bytes=36702 rss=561529816 live=2499407
	csg_mem tag=forest_parse_begin pass=0 src=127 reserve=0 rss=561562584 live=2499430
	csg_mem tag=forest_parse_end pass=0 src=127 arena=1143488 parse_ms=42 rss=562725848 live=2501190
	csg_mem tag=forest_parsed src=127 arena=1143488 rss=562725848 live=2501190
	csg_mem tag=forest src=128 bytes=49364 rss=561578968 live=2501179
	csg_mem tag=forest_parse_begin pass=0 src=128 reserve=0 rss=561578968 live=2501204
	csg_mem tag=forest_parse_end pass=0 src=128 arena=2322624 parse_ms=80 rss=563921880 live=2504487
	csg_mem tag=forest_parsed src=128 arena=2322624 rss=563921880 live=2504487
	csg_mem tag=forest src=129 bytes=42894 rss=561595352 live=2504495
	csg_mem tag=forest_parse_begin pass=0 src=129 reserve=0 rss=561595352 live=2504518
	csg_mem tag=forest_parse_end pass=0 src=129 arena=2289440 parse_ms=68 rss=563938264 live=2506614
	csg_mem tag=forest_parsed src=129 arena=2289440 rss=563938264 live=2506614
	csg_mem tag=forest src=130 bytes=32186 rss=561644504 live=2506610
	csg_mem tag=forest_parse_begin pass=0 src=130 reserve=0 rss=561644504 live=2506633
	csg_mem tag=forest_parse_end pass=0 src=130 arena=1998304 parse_ms=48 rss=563725272 live=2508683
	csg_mem tag=forest_parsed src=130 arena=1998304 rss=563725272 live=2508683
	csg_mem tag=forest src=131 bytes=34873 rss=561742808 live=2508671
	csg_mem tag=forest_parse_begin pass=0 src=131 reserve=0 rss=561775576 live=2508694
	csg_mem tag=forest_parse_end pass=0 src=131 arena=1627616 parse_ms=49 rss=563479512 live=2510787
	csg_mem tag=forest_parsed src=131 arena=1627616 rss=563479512 live=2510787
	csg_mem tag=forest src=132 bytes=1850073 rss=561841112 live=2510780
	csg_mem tag=forest_parse_begin pass=0 src=132 reserve=0 rss=564397016 live=2510815
	csg_mem tag=forest_parse_end pass=0 src=132 arena=72458048 parse_ms=3025 rss=640681016 live=2611940
	csg_mem tag=forest_parsed src=132 arena=72458048 rss=640681016 live=2611940
	csg_mem tag=forest src=133 bytes=41896 rss=567198680 live=2611988
	csg_mem tag=forest_parse_begin pass=0 src=133 reserve=0 rss=567264216 live=2612011
	csg_mem tag=forest_parse_end pass=0 src=133 arena=1945568 parse_ms=545 rss=603096024 live=2614621
	csg_mem tag=forest_parsed src=133 arena=1945568 rss=603112408 live=2614621
	csg_mem tag=forest src=134 bytes=3550288 rss=601162712 live=2614609
	csg_mem tag=forest_parse_begin pass=0 src=134 reserve=0 rss=605438936 live=2614646
	csg_mem tag=forest_parse_end pass=0 src=134 arena=140603200 parse_ms=7295 rss=752469072 live=2802345
	csg_mem tag=forest_parsed src=134 arena=140603200 rss=752469072 live=2802345
	csg_mem tag=forest src=135 bytes=134144 rss=607863768 live=2802423
	csg_mem tag=forest_parse_begin pass=0 src=135 reserve=0 rss=607929304 live=2802450
	csg_mem tag=forest_parse_end pass=0 src=135 arena=7742336 parse_ms=194 rss=615285744 live=2811516
	csg_mem tag=forest_parsed src=135 arena=7742336 rss=615285744 live=2811516
	csg_mem tag=forest src=136 bytes=593121 rss=608043992 live=2811508
	csg_mem tag=forest_parse_begin pass=0 src=136 reserve=0 rss=608338904 live=2811539
	csg_mem tag=forest_parse_end pass=0 src=136 arena=18504672 parse_ms=1182 rss=627377160 live=2842256
	csg_mem tag=forest_parsed src=136 arena=18504672 rss=627377160 live=2842256
	csg_mem tag=forest src=137 bytes=17351 rss=608338904 live=2842255
	csg_mem tag=forest_parse_begin pass=0 src=137 reserve=0 rss=608338904 live=2842276
	csg_mem tag=forest_parse_end pass=0 src=137 arena=1150240 parse_ms=32 rss=609485784 live=2843445
	csg_mem tag=forest_parsed src=137 arena=1150240 rss=609485784 live=2843445
	csg_mem tag=forest src=138 bytes=2319 rss=608338904 live=2843435
	csg_mem tag=forest_parse_begin pass=0 src=138 reserve=0 rss=608338904 live=2843450
	csg_mem tag=forest_parse_end pass=0 src=138 arena=86880 parse_ms=3 rss=608338904 live=2843559
	csg_mem tag=forest_parsed src=138 arena=86880 rss=608338904 live=2843559
	csg_mem tag=forest src=139 bytes=1697 rss=608338904 live=2843547
	csg_mem tag=forest_parse_begin pass=0 src=139 reserve=0 rss=608338904 live=2843562
	csg_mem tag=forest_parse_end pass=0 src=139 arena=57504 parse_ms=2 rss=608338904 live=2843662
	csg_mem tag=forest_parsed src=139 arena=57504 rss=608338904 live=2843662
	csg_mem tag=forest src=140 bytes=1202 rss=608338904 live=2843651
	csg_mem tag=forest_parse_begin pass=0 src=140 reserve=0 rss=608338904 live=2843666
	csg_mem tag=forest_parse_end pass=0 src=140 arena=52704 parse_ms=1 rss=608338904 live=2843746
	csg_mem tag=forest_parsed src=140 arena=52704 rss=608338904 live=2843746
	csg_mem tag=forest src=141 bytes=5427 rss=608338904 live=2843733
	csg_mem tag=forest_parse_begin pass=0 src=141 reserve=0 rss=608338904 live=2843752
	csg_mem tag=forest_parse_end pass=0 src=141 arena=286656 parse_ms=9 rss=608650200 live=2844166
	csg_mem tag=forest_parsed src=141 arena=286656 rss=608650200 live=2844166
	csg_mem tag=forest src=142 bytes=53259 rss=608355288 live=2844152
	csg_mem tag=forest_parse_begin pass=0 src=142 reserve=0 rss=608371672 live=2844177
	csg_mem tag=forest_parse_end pass=0 src=142 arena=2501696 parse_ms=94 rss=610878424 live=2853768
	csg_mem tag=forest_parsed src=142 arena=2501696 rss=610878424 live=2853768
	csg_mem tag=forest src=143 bytes=4821 rss=608388056 live=2853760
	csg_mem tag=forest_parse_begin pass=0 src=143 reserve=0 rss=608388056 live=2853779
	csg_mem tag=forest_parse_end pass=0 src=143 arena=276512 parse_ms=8 rss=608682968 live=2854058
	csg_mem tag=forest_parsed src=143 arena=276512 rss=608682968 live=2854058
	csg_mem tag=forest src=144 bytes=684 rss=608404440 live=2854046
	csg_mem tag=forest_parse_begin pass=0 src=144 reserve=0 rss=608404440 live=2854059
	csg_mem tag=forest_parse_end pass=0 src=144 arena=23264 parse_ms=0 rss=608420824 live=2854088
	csg_mem tag=forest_parsed src=144 arena=23264 rss=608420824 live=2854088
	csg_mem tag=forest src=145 bytes=706 rss=608420824 live=2854074
	csg_mem tag=forest_parse_begin pass=0 src=145 reserve=0 rss=608420824 live=2854087
	csg_mem tag=forest_parse_end pass=0 src=145 arena=23712 parse_ms=0 rss=608420824 live=2854139
	csg_mem tag=forest_parsed src=145 arena=23712 rss=608420824 live=2854139
	csg_mem tag=forest src=146 bytes=7097 rss=608420824 live=2854125
	csg_mem tag=forest_parse_begin pass=0 src=146 reserve=0 rss=608420824 live=2854144
	csg_mem tag=forest_parse_end pass=0 src=146 arena=392384 parse_ms=12 rss=608846808 live=2854544
	csg_mem tag=forest_parsed src=146 arena=392384 rss=608846808 live=2854544
	csg_mem tag=forest src=147 bytes=8518 rss=608453592 live=2854531
	csg_mem tag=forest_parse_begin pass=0 src=147 reserve=0 rss=608453592 live=2854550
	csg_mem tag=forest_parse_end pass=0 src=147 arena=486368 parse_ms=13 rss=608945112 live=2855089
	csg_mem tag=forest_parsed src=147 arena=486368 rss=608961496 live=2855089
	csg_mem tag=forest src=148 bytes=171411 rss=608469976 live=2855076
	csg_mem tag=forest_parse_begin pass=0 src=148 reserve=0 rss=608502744 live=2855103
	csg_mem tag=forest_parse_end pass=0 src=148 arena=8065696 parse_ms=231 rss=616072176 live=2873807
	csg_mem tag=forest_parsed src=148 arena=8065696 rss=616072176 live=2873807
	csg_mem tag=forest src=149 bytes=49447 rss=608502744 live=2873805
	csg_mem tag=forest_parse_begin pass=0 src=149 reserve=0 rss=608519128 live=2873830
	csg_mem tag=forest_parse_end pass=0 src=149 arena=2203968 parse_ms=569 rss=610780120 live=2876167
	csg_mem tag=forest_parsed src=149 arena=2203968 rss=610780120 live=2876167
	csg_mem tag=forest src=150 bytes=15928 rss=608568280 live=2876157
	csg_mem tag=forest_parse_begin pass=0 src=150 reserve=0 rss=608584664 live=2876178
	csg_mem tag=forest_parse_end pass=0 src=150 arena=759776 parse_ms=23 rss=609387480 live=2877126
	csg_mem tag=forest_parsed src=150 arena=759776 rss=609387480 live=2877126
	csg_mem tag=forest src=151 bytes=1861 rss=608617432 live=2877113
	csg_mem tag=forest_parse_begin pass=0 src=151 reserve=0 rss=608617432 live=2877128
	csg_mem tag=forest_parse_end pass=0 src=151 arena=86688 parse_ms=2 rss=608650200 live=2877257
	csg_mem tag=forest_parsed src=151 arena=86688 rss=608650200 live=2877257
	csg_mem tag=forest src=152 bytes=1128 rss=608650200 live=2877244
	csg_mem tag=forest_parse_begin pass=0 src=152 reserve=0 rss=608650200 live=2877257
	csg_mem tag=forest_parse_end pass=0 src=152 arena=66048 parse_ms=2 rss=608814040 live=2877355
	csg_mem tag=forest_parsed src=152 arena=66048 rss=608814040 live=2877355
	csg_mem tag=forest src=153 bytes=1513 rss=608814040 live=2877341
	csg_mem tag=forest_parse_begin pass=0 src=153 reserve=0 rss=608814040 live=2877356
	csg_mem tag=forest_parse_end pass=0 src=153 arena=54048 parse_ms=2 rss=608814040 live=2877495
	csg_mem tag=forest_parsed src=153 arena=54048 rss=608814040 live=2877495
	csg_mem tag=forest src=154 bytes=463934 rss=608830424 live=2877481
	csg_mem tag=forest_parse_begin pass=0 src=154 reserve=0 rss=609403864 live=2877512
	csg_mem tag=forest_parse_end pass=0 src=154 arena=18512992 parse_ms=1661 rss=628589576 live=2899505
	csg_mem tag=forest_parsed src=154 arena=18512992 rss=628589576 live=2899505
	csg_mem tag=forest src=155 bytes=13667 rss=609715160 live=2899508
	csg_mem tag=forest_parse_begin pass=0 src=155 reserve=0 rss=609715160 live=2899527
	csg_mem tag=forest_parse_end pass=0 src=155 arena=538080 parse_ms=19 rss=610272216 live=2900102
	csg_mem tag=forest_parsed src=155 arena=538080 rss=610272216 live=2900102
	csg_mem tag=forest src=156 bytes=38093 rss=609731544 live=2900088
	csg_mem tag=forest_parse_begin pass=0 src=156 reserve=0 rss=609780696 live=2900113
	csg_mem tag=forest_parse_end pass=0 src=156 arena=2014496 parse_ms=56 rss=611812312 live=2902262
	csg_mem tag=forest_parsed src=156 arena=2014496 rss=611812312 live=2902262
	csg_mem tag=forest src=157 bytes=11977 rss=609797080 live=2902249
	csg_mem tag=forest_parse_begin pass=0 src=157 reserve=0 rss=609813464 live=2902270
	csg_mem tag=forest_parse_end pass=0 src=157 arena=579104 parse_ms=20 rss=610403288 live=2903022
	csg_mem tag=forest_parsed src=157 arena=579104 rss=610403288 live=2903022
	csg_mem tag=forest src=158 bytes=2184453 rss=609813464 live=2903009
	csg_mem tag=forest_parse_begin pass=0 src=158 reserve=0 rss=678708232 live=2903044
	csg_mem tag=forest_parse_end pass=0 src=158 arena=73411680 parse_ms=3152 rss=756679808 live=3028276
	csg_mem tag=forest_parsed src=158 arena=73411680 rss=756679808 live=3028276
	csg_mem tag=forest src=159 bytes=10933 rss=681722912 live=3028356
	csg_mem tag=forest_parse_begin pass=0 src=159 reserve=0 rss=681739296 live=3028375
	csg_mem tag=forest_parse_end pass=0 src=159 arena=501088 parse_ms=13 rss=682279968 live=3029013
	csg_mem tag=forest_parsed src=159 arena=501088 rss=682279968 live=3029013
	csg_mem tag=forest src=160 bytes=1240 rss=681772064 live=3029002
	csg_mem tag=forest_parse_begin pass=0 src=160 reserve=0 rss=681772064 live=3029015
	csg_mem tag=forest_parse_end pass=0 src=160 arena=64000 parse_ms=2 rss=681788448 live=3029090
	csg_mem tag=forest_parsed src=160 arena=64000 rss=681788448 live=3029090
	csg_mem tag=forest src=161 bytes=9410 rss=681788448 live=3029076
	csg_mem tag=forest_parse_begin pass=0 src=161 reserve=0 rss=681821216 live=3029095
	csg_mem tag=forest_parse_end pass=0 src=161 arena=369024 parse_ms=11 rss=682214432 live=3029477
	csg_mem tag=forest_parsed src=161 arena=369024 rss=682214432 live=3029477
	csg_mem tag=forest src=162 bytes=68635 rss=681837600 live=3029464
	csg_mem tag=forest_parse_begin pass=0 src=162 reserve=0 rss=681968672 live=3029489
	csg_mem tag=forest_parse_end pass=0 src=162 arena=2996384 parse_ms=86 rss=685065272 live=3032745
	csg_mem tag=forest_parsed src=162 arena=2996384 rss=685065272 live=3032745
	csg_mem tag=forest src=163 bytes=50465 rss=682050592 live=3032733
	csg_mem tag=forest_parse_begin pass=0 src=163 reserve=0 rss=682083360 live=3032758
	csg_mem tag=forest_parse_end pass=0 src=163 arena=2227648 parse_ms=62 rss=684475424 live=3035835
	csg_mem tag=forest_parsed src=163 arena=2227648 rss=684475424 live=3035835
	csg_mem tag=forest src=164 bytes=17907 rss=682247200 live=3035825
	csg_mem tag=forest_parse_begin pass=0 src=164 reserve=0 rss=682263584 live=3035846
	csg_mem tag=forest_parse_end pass=0 src=164 arena=742784 parse_ms=22 rss=683033632 live=3036918
	csg_mem tag=forest_parsed src=164 arena=742784 rss=683033632 live=3036918
	csg_mem tag=forest src=165 bytes=5027 rss=682279968 live=3036905
	csg_mem tag=forest_parse_begin pass=0 src=165 reserve=0 rss=682279968 live=3036922
	csg_mem tag=forest_parse_end pass=0 src=165 arena=255104 parse_ms=7 rss=682542112 live=3037224
	csg_mem tag=forest_parsed src=165 arena=255104 rss=682542112 live=3037224
	csg_mem tag=forest src=166 bytes=660119 rss=682279968 live=3037210
	csg_mem tag=forest_parse_begin pass=0 src=166 reserve=0 rss=682673208 live=3037241
	csg_mem tag=forest_parse_end pass=0 src=166 arena=31122080 parse_ms=907 rss=712066152 live=3080216
	csg_mem tag=forest_parsed src=166 arena=31122080 rss=712066152 live=3080216
	csg_mem tag=forest src=167 bytes=20497 rss=682853432 live=3080216
	csg_mem tag=forest_parse_begin pass=0 src=167 reserve=0 rss=682869816 live=3080237
	csg_mem tag=forest_parse_end pass=0 src=167 arena=970752 parse_ms=25 rss=683852856 live=3081342
	csg_mem tag=forest_parsed src=167 arena=970752 rss=683852856 live=3081342
	csg_mem tag=forest src=168 bytes=40593 rss=682869816 live=3081333
	csg_mem tag=forest_parse_begin pass=0 src=168 reserve=0 rss=682886200 live=3081358
	csg_mem tag=forest_parse_end pass=0 src=168 arena=2318432 parse_ms=66 rss=685229112 live=3083607
	csg_mem tag=forest_parsed src=168 arena=2318432 rss=685229112 live=3083607
	csg_mem tag=forest src=169 bytes=46446 rss=682902584 live=3083596
	csg_mem tag=forest_parse_begin pass=0 src=169 reserve=0 rss=682902584 live=3083619
	csg_mem tag=forest_parse_end pass=0 src=169 arena=1915136 parse_ms=49 rss=684819512 live=3085725
	csg_mem tag=forest_parsed src=169 arena=1915136 rss=684819512 live=3085725
	csg_mem tag=forest src=170 bytes=1303220 rss=682902584 live=3085713
	csg_mem tag=forest_parse_begin pass=0 src=170 reserve=0 rss=683803704 live=3085746
	csg_mem tag=forest_parse_end pass=0 src=170 arena=62341184 parse_ms=1787 rss=741409920 live=3152202
	csg_mem tag=forest_parsed src=170 arena=62341184 rss=741409920 live=3152202
	csg_mem tag=forest src=171 bytes=251029 rss=684311608 live=3152200
	csg_mem tag=forest_parse_begin pass=0 src=171 reserve=0 rss=684377144 live=3152229
	csg_mem tag=forest_parse_end pass=0 src=171 arena=8745120 parse_ms=323 rss=693634128 live=3165125
	csg_mem tag=forest_parsed src=171 arena=8745120 rss=693634128 live=3165125
	csg_mem tag=forest src=172 bytes=16374 rss=684868664 live=3165123
	csg_mem tag=forest_parse_begin pass=0 src=172 reserve=0 rss=684885048 live=3165144
	csg_mem tag=forest_parse_end pass=0 src=172 arena=601984 parse_ms=21 rss=685540408 live=3166077
	csg_mem tag=forest_parsed src=172 arena=601984 rss=685540408 live=3166077
	csg_mem tag=forest src=173 bytes=25800 rss=684934200 live=3166064
	csg_mem tag=forest_parse_begin pass=0 src=173 reserve=0 rss=684966968 live=3166087
	csg_mem tag=forest_parse_end pass=0 src=173 arena=1098720 parse_ms=33 rss=686130232 live=3167281
	csg_mem tag=forest_parsed src=173 arena=1098720 rss=686130232 live=3167281
	csg_mem tag=forest src=174 bytes=148845 rss=685016120 live=3167269
	csg_mem tag=forest_parse_begin pass=0 src=174 reserve=0 rss=685278264 live=3167296
	csg_mem tag=forest_parse_end pass=0 src=174 arena=8091232 parse_ms=207 rss=693044304 live=3174606
	csg_mem tag=forest_parsed src=174 arena=8091232 rss=693044304 live=3174606
	csg_mem tag=forest src=175 bytes=67128 rss=685442104 live=3174602
	csg_mem tag=forest_parse_begin pass=0 src=175 reserve=0 rss=685524024 live=3174627
	csg_mem tag=forest_parse_end pass=0 src=175 arena=3947680 parse_ms=94 rss=689701968 live=3177977
	csg_mem tag=forest_parsed src=175 arena=3947680 rss=689701968 live=3177977
	csg_mem tag=forest src=176 bytes=78825 rss=685737016 live=3177965
	csg_mem tag=forest_parse_begin pass=0 src=176 reserve=0 rss=685868088 live=3177990
	csg_mem tag=forest_parse_end pass=0 src=176 arena=3980928 parse_ms=108 rss=690406480 live=3181827
	csg_mem tag=forest_parsed src=176 arena=3980928 rss=690406480 live=3181827
	csg_mem tag=forest src=177 bytes=21900 rss=686408760 live=3181818
	csg_mem tag=forest_parse_begin pass=0 src=177 reserve=0 rss=686441528 live=3181841
	csg_mem tag=forest_parse_end pass=0 src=177 arena=1123968 parse_ms=31 rss=687670328 live=3183032
	csg_mem tag=forest_parsed src=177 arena=1123968 rss=687670328 live=3183032
	csg_mem tag=forest src=178 bytes=23417 rss=686539832 live=3183020
	csg_mem tag=forest_parse_begin pass=0 src=178 reserve=0 rss=686572600 live=3183043
	csg_mem tag=forest_parse_end pass=0 src=178 arena=1161856 parse_ms=37 rss=687834168 live=3184649
	csg_mem tag=forest_parsed src=178 arena=1161856 rss=687834168 live=3184649
	csg_mem tag=forest src=179 bytes=22043 rss=686670904 live=3184637
	csg_mem tag=forest_parse_begin pass=0 src=179 reserve=0 rss=686703672 live=3184660
	csg_mem tag=forest_parse_end pass=0 src=179 arena=1141856 parse_ms=33 rss=687899704 live=3185941
	csg_mem tag=forest_parsed src=179 arena=1141856 rss=687899704 live=3185941
	csg_mem tag=forest src=180 bytes=47225 rss=686752824 live=3185928
	csg_mem tag=forest_parse_begin pass=0 src=180 reserve=0 rss=686818360 live=3185953
	csg_mem tag=forest_parse_end pass=0 src=180 arena=2339200 parse_ms=89 rss=689210424 live=3189200
	csg_mem tag=forest_parsed src=180 arena=2339200 rss=689210424 live=3189200
	csg_mem tag=forest src=181 bytes=30262 rss=686867512 live=3189189
	csg_mem tag=forest_parse_begin pass=0 src=181 reserve=0 rss=686900280 live=3189212
	csg_mem tag=forest_parse_end pass=0 src=181 arena=1158624 parse_ms=40 rss=688096312 live=3191003
	csg_mem tag=forest_parsed src=181 arena=1158624 rss=688096312 live=3191003
	csg_mem tag=forest src=182 bytes=48950 rss=686933048 live=3190994
	csg_mem tag=forest_parse_begin pass=0 src=182 reserve=0 rss=686982200 live=3191019
	csg_mem tag=forest_parse_end pass=0 src=182 arena=3265760 parse_ms=94 rss=690422864 live=3194333
	csg_mem tag=forest_parsed src=182 arena=3265760 rss=690422864 live=3194333
	csg_mem tag=forest src=183 bytes=1838 rss=687129656 live=3194323
	csg_mem tag=forest_parse_begin pass=0 src=183 reserve=0 rss=687129656 live=3194338
	csg_mem tag=forest_parse_end pass=0 src=183 arena=134464 parse_ms=4 rss=687326264 live=3194484
	csg_mem tag=forest_parsed src=183 arena=134464 rss=687326264 live=3194484
	csg_mem tag=forest src=184 bytes=77801 rss=687178808 live=3194470
	csg_mem tag=forest_parse_begin pass=0 src=184 reserve=0 rss=687277112 live=3194495
	csg_mem tag=forest_parse_end pass=0 src=184 arena=4007232 parse_ms=101 rss=691569744 live=3199218
	csg_mem tag=forest_parsed src=184 arena=4007232 rss=691569744 live=3199218
	csg_mem tag=forest src=185 bytes=48122 rss=687539256 live=3199212
	csg_mem tag=forest_parse_begin pass=0 src=185 reserve=0 rss=687670328 live=3199237
	csg_mem tag=forest_parse_end pass=0 src=185 arena=2178528 parse_ms=69 rss=689898552 live=3202391
	csg_mem tag=forest_parsed src=185 arena=2178528 rss=689898552 live=3202391
	csg_mem tag=forest src=186 bytes=184731 rss=687719480 live=3202380
	csg_mem tag=forest_parse_begin pass=0 src=186 reserve=0 rss=687817784 live=3202407
	csg_mem tag=forest_parse_end pass=0 src=186 arena=8187936 parse_ms=241 rss=696370256 live=3213123
	csg_mem tag=forest_parsed src=186 arena=8187936 rss=696370256 live=3213123
	csg_mem tag=forest src=187 bytes=149931 rss=688161848 live=3213122
	csg_mem tag=forest_parse_begin pass=0 src=187 reserve=0 rss=688227384 live=3213149
	csg_mem tag=forest_parse_end pass=0 src=187 arena=7709984 parse_ms=182 rss=695977040 live=3220395
	csg_mem tag=forest_parsed src=187 arena=7709984 rss=695977040 live=3220395
	csg_mem tag=forest src=188 bytes=57852 rss=688260152 live=3220388
	csg_mem tag=forest_parse_begin pass=0 src=188 reserve=0 rss=688276536 live=3220413
	csg_mem tag=forest_parse_end pass=0 src=188 arena=3874400 parse_ms=90 rss=692175952 live=3224129
	csg_mem tag=forest_parsed src=188 arena=3874400 rss=692175952 live=3224129
	csg_mem tag=forest src=189 bytes=34561 rss=688292920 live=3224118
	csg_mem tag=forest_parse_begin pass=0 src=189 reserve=0 rss=688292920 live=3224141
	csg_mem tag=forest_parse_end pass=0 src=189 arena=1181056 parse_ms=46 rss=689472568 live=3226038
	csg_mem tag=forest_parsed src=189 arena=1181056 rss=689472568 live=3226038
	csg_mem tag=forest src=190 bytes=10968 rss=688292920 live=3226026
	csg_mem tag=forest_parse_begin pass=0 src=190 reserve=0 rss=688292920 live=3226045
	csg_mem tag=forest_parse_end pass=0 src=190 arena=299616 parse_ms=11 rss=688751672 live=3226425
	csg_mem tag=forest_parsed src=190 arena=299616 rss=688751672 live=3226425
	csg_mem tag=forest src=191 bytes=8297 rss=688440376 live=3226411
	csg_mem tag=forest_parse_begin pass=0 src=191 reserve=0 rss=688440376 live=3226430
	csg_mem tag=forest_parse_end pass=0 src=191 arena=265824 parse_ms=8 rss=688866360 live=3226682
	csg_mem tag=forest_parsed src=191 arena=265824 rss=688866360 live=3226682
	csg_mem tag=forest src=192 bytes=15897 rss=688587832 live=3226668
	csg_mem tag=forest_parse_begin pass=0 src=192 reserve=0 rss=688587832 live=3226689
	csg_mem tag=forest_parse_end pass=0 src=192 arena=778688 parse_ms=26 rss=689390648 live=3227462
	csg_mem tag=forest_parsed src=192 arena=778688 rss=689390648 live=3227462
	csg_mem tag=forest src=193 bytes=4281 rss=688604216 live=3227452
	csg_mem tag=forest_parse_begin pass=0 src=193 reserve=0 rss=688604216 live=3227469
	csg_mem tag=forest_parse_end pass=0 src=193 arena=140192 parse_ms=5 rss=688915512 live=3227644
	csg_mem tag=forest_parsed src=193 arena=140192 rss=688915512 live=3227644
	csg_mem tag=forest src=194 bytes=16679 rss=688768056 live=3227632
	csg_mem tag=forest_parse_begin pass=0 src=194 reserve=0 rss=688768056 live=3227653
	csg_mem tag=forest_parse_end pass=0 src=194 arena=730336 parse_ms=23 rss=689505336 live=3228651
	csg_mem tag=forest_parsed src=194 arena=730336 rss=689505336 live=3228651
	csg_mem tag=forest src=195 bytes=22255 rss=688768056 live=3228637
	csg_mem tag=forest_parse_begin pass=0 src=195 reserve=0 rss=688768056 live=3228660
	csg_mem tag=forest_parse_end pass=0 src=195 arena=1077184 parse_ms=35 rss=689882168 live=3229883
	csg_mem tag=forest_parsed src=195 arena=1077184 rss=689882168 live=3229883
	csg_mem tag=forest src=196 bytes=11418 rss=688800824 live=3229871
	csg_mem tag=forest_parse_begin pass=0 src=196 reserve=0 rss=688800824 live=3229892
	csg_mem tag=forest_parse_end pass=0 src=196 arena=562144 parse_ms=18 rss=689374264 live=3230567
	csg_mem tag=forest_parsed src=196 arena=562144 rss=689374264 live=3230567
	csg_mem tag=forest src=197 bytes=55565 rss=688800824 live=3230554
	csg_mem tag=forest_parse_begin pass=0 src=197 reserve=0 rss=688849976 live=3230579
	csg_mem tag=forest_parse_end pass=0 src=197 arena=2286496 parse_ms=81 rss=691373112 live=3233543
	csg_mem tag=forest_parsed src=197 arena=2286496 rss=691373112 live=3233543
	csg_mem tag=forest src=198 bytes=12852 rss=689079352 live=3233532
	csg_mem tag=forest_parse_begin pass=0 src=198 reserve=0 rss=689079352 live=3233553
	csg_mem tag=forest_parse_end pass=0 src=198 arena=551392 parse_ms=18 rss=689652792 live=3234348
	csg_mem tag=forest_parsed src=198 arena=551392 rss=689652792 live=3234348
	csg_mem tag=forest src=199 bytes=16279 rss=689095736 live=3234334
	csg_mem tag=forest_parse_begin pass=0 src=199 reserve=0 rss=689095736 live=3234355
	csg_mem tag=forest_parse_end pass=0 src=199 arena=725472 parse_ms=22 rss=689849400 live=3235248
	csg_mem tag=forest_parsed src=199 arena=725472 rss=689849400 live=3235248
	csg_mem tag=forest src=200 bytes=13988 rss=689112120 live=3235235
	csg_mem tag=forest_parse_begin pass=0 src=200 reserve=0 rss=689144888 live=3235256
	csg_mem tag=forest_parse_end pass=0 src=200 arena=556256 parse_ms=20 rss=689734712 live=3236098
	csg_mem tag=forest_parsed src=200 arena=556256 rss=689734712 live=3236098
	csg_mem tag=forest src=201 bytes=16582 rss=689177656 live=3236084
	csg_mem tag=forest_parse_begin pass=0 src=201 reserve=0 rss=689194040 live=3236105
	csg_mem tag=forest_parse_end pass=0 src=201 arena=980576 parse_ms=22 rss=690209848 live=3236874
	csg_mem tag=forest_parsed src=201 arena=980576 rss=690209848 live=3236874
	csg_mem tag=forest src=202 bytes=13467 rss=689226808 live=3236861
	csg_mem tag=forest_parse_begin pass=0 src=202 reserve=0 rss=689226808 live=3236882
	csg_mem tag=forest_parse_end pass=0 src=202 arena=556256 parse_ms=18 rss=689800248 live=3237632
	csg_mem tag=forest_parsed src=202 arena=556256 rss=689800248 live=3237632
	csg_mem tag=forest src=203 bytes=9353 rss=689243192 live=3237618
	csg_mem tag=forest_parse_begin pass=0 src=203 reserve=0 rss=689259576 live=3237637
	csg_mem tag=forest_parse_end pass=0 src=203 arena=486272 parse_ms=12 rss=689783864 live=3238163
	csg_mem tag=forest_parsed src=203 arena=486272 rss=689800248 live=3238163
	csg_mem tag=forest src=204 bytes=1551 rss=689308728 live=3238149
	csg_mem tag=forest_parse_begin pass=0 src=204 reserve=0 rss=689308728 live=3238166
	csg_mem tag=forest_parse_end pass=0 src=204 arena=116288 parse_ms=3 rss=689325112 live=3238260
	csg_mem tag=forest_parsed src=204 arena=116288 rss=689325112 live=3238260
	csg_mem tag=forest src=205 bytes=5930 rss=689325112 live=3238247
	csg_mem tag=forest_parse_begin pass=0 src=205 reserve=0 rss=689325112 live=3238266
	csg_mem tag=forest_parse_end pass=0 src=205 arena=244416 parse_ms=9 rss=689570872 live=3238611
	csg_mem tag=forest_parsed src=205 arena=244416 rss=689570872 live=3238611
	csg_mem tag=forest src=206 bytes=7319 rss=689325112 live=3238598
	csg_mem tag=forest_parse_begin pass=0 src=206 reserve=0 rss=689374264 live=3238619
	csg_mem tag=forest_parse_end pass=0 src=206 arena=621280 parse_ms=19 rss=690177080 live=3239286
	csg_mem tag=forest_parsed src=206 arena=621280 rss=690177080 live=3239286
	csg_mem tag=forest src=207 bytes=14020 rss=689554488 live=3239274
	csg_mem tag=forest_parse_begin pass=0 src=207 reserve=0 rss=689554488 live=3239295
	csg_mem tag=forest_parse_end pass=0 src=207 arena=1135904 parse_ms=32 rss=690734136 live=3240427
	csg_mem tag=forest_parsed src=207 arena=1135904 rss=690750520 live=3240427
	csg_mem tag=forest src=208 bytes=13488 rss=689603640 live=3240418
	csg_mem tag=forest_parse_begin pass=0 src=208 reserve=0 rss=689620024 live=3240439
	csg_mem tag=forest_parse_end pass=0 src=208 arena=904928 parse_ms=30 rss=690570296 live=3241371
	csg_mem tag=forest_parsed src=208 arena=904928 rss=690570296 live=3241371
	csg_mem tag=forest src=209 bytes=20084 rss=689652792 live=3241357
	csg_mem tag=forest_parse_begin pass=0 src=209 reserve=0 rss=689685560 live=3241380
	csg_mem tag=forest_parse_end pass=0 src=209 arena=2075136 parse_ms=54 rss=691864632 live=3244153
	csg_mem tag=forest_parsed src=209 arena=2075136 rss=691864632 live=3244153
	csg_mem tag=forest src=210 bytes=1023 rss=689783864 live=3244143
	csg_mem tag=forest_parse_begin pass=0 src=210 reserve=0 rss=689800248 live=3244156
	csg_mem tag=forest_parse_end pass=0 src=210 arena=52704 parse_ms=2 rss=689800248 live=3244252
	csg_mem tag=forest_parsed src=210 arena=52704 rss=689800248 live=3244252
	csg_mem tag=forest src=211 bytes=5533 rss=689800248 live=3244238
	csg_mem tag=forest_parse_begin pass=0 src=211 reserve=0 rss=689800248 live=3244257
	csg_mem tag=forest_parse_end pass=0 src=211 arena=431616 parse_ms=12 rss=690259000 live=3244657
	csg_mem tag=forest_parsed src=211 arena=431616 rss=690259000 live=3244657
	csg_mem tag=forest src=212 bytes=33495 rss=689816632 live=3244644
	csg_mem tag=forest_parse_begin pass=0 src=212 reserve=0 rss=689833016 live=3244667
	csg_mem tag=forest_parse_end pass=0 src=212 arena=2308384 parse_ms=76 rss=692503608 live=3247479
	csg_mem tag=forest_parsed src=212 arena=2308384 rss=692503608 live=3247479
	csg_mem tag=forest src=213 bytes=13512 rss=690193464 live=3247467
	csg_mem tag=forest_parse_begin pass=0 src=213 reserve=0 rss=690226232 live=3247488
	csg_mem tag=forest_parse_end pass=0 src=213 arena=1011200 parse_ms=30 rss=691323960 live=3248644
	csg_mem tag=forest_parsed src=213 arena=1011200 rss=691323960 live=3248644
	csg_mem tag=forest src=214 bytes=6401 rss=690308152 live=3248630
	csg_mem tag=forest_parse_begin pass=0 src=214 reserve=0 rss=690308152 live=3248651
	csg_mem tag=forest_parse_end pass=0 src=214 arena=482464 parse_ms=14 rss=690832440 live=3249077
	csg_mem tag=forest_parsed src=214 arena=482464 rss=690832440 live=3249077
	csg_mem tag=forest src=215 bytes=50615 rss=690340920 live=3249064
	csg_mem tag=forest_parse_begin pass=0 src=215 reserve=0 rss=690406456 live=3249089
	csg_mem tag=forest_parse_end pass=0 src=215 arena=3387296 parse_ms=103 rss=693978192 live=3252862
	csg_mem tag=forest_parsed src=215 arena=3387296 rss=693978192 live=3252862
	csg_mem tag=forest src=216 bytes=1052 rss=690570296 live=3252858
	csg_mem tag=forest_parse_begin pass=0 src=216 reserve=0 rss=690570296 live=3252873
	csg_mem tag=forest_parse_end pass=0 src=216 arena=57632 parse_ms=2 rss=690603064 live=3252937
	csg_mem tag=forest_parsed src=216 arena=57632 rss=690603064 live=3252937
	csg_mem tag=forest src=217 bytes=42707 rss=690603064 live=3252924
	csg_mem tag=forest_parse_begin pass=0 src=217 reserve=0 rss=690635832 live=3252949
	csg_mem tag=forest_parse_end pass=0 src=217 arena=3378816 parse_ms=95 rss=694240336 live=3256049
	csg_mem tag=forest_parsed src=217 arena=3378816 rss=694240336 live=3256049
	csg_mem tag=forest src=218 bytes=961 rss=690832440 live=3256042
	csg_mem tag=forest_parse_begin pass=0 src=218 reserve=0 rss=690832440 live=3256057
	csg_mem tag=forest_parse_end pass=0 src=218 arena=48704 parse_ms=1 rss=690865208 live=3256104
	csg_mem tag=forest_parsed src=218 arena=48704 rss=690865208 live=3256104
	csg_mem tag=forest src=219 bytes=142651 rss=690865208 live=3256092
	csg_mem tag=forest_parse_begin pass=0 src=219 reserve=0 rss=690979896 live=3256121
	csg_mem tag=forest_parse_end pass=0 src=219 arena=7740960 parse_ms=256 rss=698877008 live=3266567
	csg_mem tag=forest_parsed src=219 arena=7740960 rss=698877008 live=3266567
	csg_mem tag=forest src=220 bytes=37592 rss=691160120 live=3266582
	csg_mem tag=forest_parse_begin pass=0 src=220 reserve=0 rss=691160120 live=3266605
	csg_mem tag=forest_parse_end pass=0 src=220 arena=1904480 parse_ms=60 rss=693142584 live=3268630
	csg_mem tag=forest_parsed src=220 arena=1904480 rss=693142584 live=3268630
	csg_mem tag=forest src=221 bytes=4151 rss=691225656 live=3268616
	csg_mem tag=forest_parse_begin pass=0 src=221 reserve=0 rss=691225656 live=3268635
	csg_mem tag=forest_parse_end pass=0 src=221 arena=322112 parse_ms=12 rss=691569720 live=3269045
	csg_mem tag=forest_parsed src=221 arena=322112 rss=691569720 live=3269045
	csg_mem tag=forest src=222 bytes=7309 rss=691242040 live=3269032
	csg_mem tag=forest_parse_begin pass=0 src=222 reserve=0 rss=691242040 live=3269053
	csg_mem tag=forest_parse_end pass=0 src=222 arena=582336 parse_ms=17 rss=691848248 live=3269655
	csg_mem tag=forest_parsed src=222 arena=582336 rss=691848248 live=3269655
	csg_mem tag=forest src=223 bytes=10874 rss=691274808 live=3269641
	csg_mem tag=forest_parse_begin pass=0 src=223 reserve=0 rss=691291192 live=3269662
	csg_mem tag=forest_parse_end pass=0 src=223 arena=844128 parse_ms=23 rss=692192312 live=3270563
	csg_mem tag=forest_parsed src=223 arena=844128 rss=692192312 live=3270563
	csg_mem tag=forest src=224 bytes=2184 rss=691340344 live=3270552
	csg_mem tag=forest_parse_begin pass=0 src=224 reserve=0 rss=691340344 live=3270569
	csg_mem tag=forest_parse_end pass=0 src=224 arena=199136 parse_ms=6 rss=691569720 live=3270697
	csg_mem tag=forest_parsed src=224 arena=199136 rss=691569720 live=3270697
	csg_mem tag=forest src=225 bytes=2730 rss=691356728 live=3270683
	csg_mem tag=forest_parse_begin pass=0 src=225 reserve=0 rss=691356728 live=3270700
	csg_mem tag=forest_parse_end pass=0 src=225 arena=220992 parse_ms=6 rss=691586104 live=3270865
	csg_mem tag=forest_parsed src=225 arena=220992 rss=691586104 live=3270865
	csg_mem tag=forest src=226 bytes=13214 rss=691356728 live=3270853
	csg_mem tag=forest_parse_begin pass=0 src=226 reserve=0 rss=691356728 live=3270874
	csg_mem tag=forest_parse_end pass=0 src=226 arena=956544 parse_ms=29 rss=692536376 live=3271884
	csg_mem tag=forest_parsed src=226 arena=956544 rss=692536376 live=3271884
	csg_mem tag=forest src=227 bytes=170 rss=691569720 live=3271872
	csg_mem tag=forest_parse_begin pass=0 src=227 reserve=0 rss=691569720 live=3271883
	csg_mem tag=forest_parse_end pass=0 src=227 arena=10176 parse_ms=0 rss=691569720 live=3271904
	csg_mem tag=forest_parsed src=227 arena=10176 rss=691569720 live=3271904
	csg_mem tag=forest src=228 bytes=13660 rss=691569720 live=3271890
	csg_mem tag=forest_parse_begin pass=0 src=228 reserve=0 rss=691602488 live=3271913
	csg_mem tag=forest_parse_end pass=0 src=228 arena=1243744 parse_ms=36 rss=692896824 live=3272978
	csg_mem tag=forest_parsed src=228 arena=1243744 rss=692896824 live=3272978
	csg_mem tag=forest src=229 bytes=13065 rss=691651640 live=3272964
	csg_mem tag=forest_parse_begin pass=0 src=229 reserve=0 rss=691651640 live=3272985
	csg_mem tag=forest_parse_end pass=0 src=229 arena=1160288 parse_ms=34 rss=692864056 live=3274081
	csg_mem tag=forest_parsed src=229 arena=1160288 rss=692864056 live=3274081
	csg_mem tag=forest src=230 bytes=103363 rss=691700792 live=3274068
	csg_mem tag=forest_parse_begin pass=0 src=230 reserve=0 rss=691733560 live=3274095
	csg_mem tag=forest_parse_end pass=0 src=230 arena=5081696 parse_ms=173 rss=696861776 live=3282321
	csg_mem tag=forest_parsed src=230 arena=5081696 rss=696861776 live=3282321
	csg_mem tag=forest src=231 bytes=5655 rss=691782712 live=3282332
	csg_mem tag=forest_parse_begin pass=0 src=231 reserve=0 rss=691782712 live=3282351
	csg_mem tag=forest_parse_end pass=0 src=231 arena=473504 parse_ms=16 rss=692290616 live=3282966
	csg_mem tag=forest_parsed src=231 arena=473504 rss=692290616 live=3282966
	csg_mem tag=forest src=232 bytes=8447 rss=691815480 live=3282954
	csg_mem tag=forest_parse_begin pass=0 src=232 reserve=0 rss=691815480 live=3282975
	csg_mem tag=forest_parse_end pass=0 src=232 arena=448320 parse_ms=14 rss=692274232 live=3283442
	csg_mem tag=forest_parsed src=232 arena=448320 rss=692274232 live=3283442
	csg_mem tag=forest src=233 bytes=2526 rss=691815480 live=3283433
	csg_mem tag=forest_parse_begin pass=0 src=233 reserve=0 rss=691815480 live=3283450
	csg_mem tag=forest_parse_end pass=0 src=233 arena=117280 parse_ms=3 rss=691815480 live=3283521
	csg_mem tag=forest_parsed src=233 arena=117280 rss=691815480 live=3283521
	csg_mem tag=ta_limits tokens=3631960 type_syntax=158351 type_syntax_children=58789 enum_variants=975 declaration_symbols=1315 functions=17460 bracket_args=1277 generic_symbols=111 generic_symbol_children=0 column_rows=17859567 column_bytes=71438268 rss=691831864 live=3283506
	csg_mem tag=forest_build_done rss=691831864 live=3283506
	csg_mem tag=decl_index entries=1315 sources=234 type_syntax=158351 declarations=156076 verified=0 rss=691831864 live=3283506
	csg_mem tag=ta_limits tokens=3631960 type_syntax=158351 type_syntax_children=58789 enum_variants=975 declaration_symbols=1315 functions=17460 bracket_args=1277 generic_symbols=111 generic_symbol_children=0 column_rows=17859567 column_bytes=71438268 rss=691831864 live=3283557
	csg_mem tag=p1_arena_reserved rss=731743360 live=3283849
	csg_mem tag=p1_ctx_index_built rss=758989976 live=3597367
	csg_mem tag=forest src=0 bytes=7371 rss=758989976 live=3597369
	csg_mem tag=forest_parse_begin pass=1 src=0 reserve=332992 rss=758989976 live=3597395
	csg_mem tag=forest_appended src=0 forest_arena=86204968 rss=766461104 live=3598910
	csg_mem tag=ta_stream src=0 arena=86204968 rss=766461104 live=3598910
	csg_mem tag=forest src=1 bytes=9952 rss=766461104 live=3598904
	csg_mem tag=forest_parse_begin pass=1 src=1 reserve=590400 rss=766477488 live=3598932
	csg_mem tag=forest_appended src=1 forest_arena=86210088 rss=784352432 live=3601371
	csg_mem tag=ta_stream src=1 arena=86210088 rss=784352432 live=3601371
	csg_mem tag=forest src=2 bytes=817253 rss=784352432 live=3601365
	csg_mem tag=forest_parse_begin pass=1 src=2 reserve=33687488 rss=787924144 live=3601405
	csg_mem tag=forest_appended src=2 forest_arena=86347400 rss=857031928 live=3663618
	csg_mem tag=ta_stream src=2 arena=86347400 rss=857031928 live=3663618
	csg_mem tag=forest src=3 bytes=94454 rss=857031928 live=3663612
	csg_mem tag=forest_parse_begin pass=1 src=3 reserve=2989344 rss=857244920 live=3663644
	csg_mem tag=forest_appended src=3 forest_arena=86347400 rss=860505336 live=3670770
	csg_mem tag=ta_stream src=3 arena=86347400 rss=860505336 live=3670770
	csg_mem tag=forest src=4 bytes=59923 rss=860505336 live=3670764
	csg_mem tag=forest_parse_begin pass=1 src=4 reserve=2154880 rss=860701944 live=3670796
	csg_mem tag=forest_appended src=4 forest_arena=86347400 rss=861488376 live=3674063
	csg_mem tag=ta_stream src=4 arena=86347400 rss=861488376 live=3674063
	csg_mem tag=forest src=5 bytes=136411 rss=861488376 live=3674057
	csg_mem tag=forest_parse_begin pass=1 src=5 reserve=4724416 rss=861832440 live=3674091
	csg_mem tag=forest_appended src=5 forest_arena=86347400 rss=866092280 live=3686071
	csg_mem tag=ta_stream src=5 arena=86347400 rss=866092280 live=3686071
	csg_mem tag=forest src=6 bytes=164754 rss=866092280 live=3686065
	csg_mem tag=forest_parse_begin pass=1 src=6 reserve=7853632 rss=866469112 live=3686099
	csg_mem tag=forest_appended src=6 forest_arena=86363784 rss=868353272 live=3697666
	csg_mem tag=ta_stream src=6 arena=86363784 rss=868353272 live=3697666
	csg_mem tag=forest src=7 bytes=126542 rss=868353272 live=3697660
	csg_mem tag=forest_parse_begin pass=1 src=7 reserve=4609888 rss=868599032 live=3697694
	csg_mem tag=forest_appended src=7 forest_arena=86363784 rss=873579768 live=3708634
	csg_mem tag=ta_stream src=7 arena=86363784 rss=873579768 live=3708634
	csg_mem tag=forest src=8 bytes=108814 rss=873579768 live=3708628
	csg_mem tag=forest_parse_begin pass=1 src=8 reserve=4430240 rss=873678072 live=3708662
	csg_mem tag=forest_appended src=8 forest_arena=86363784 rss=877806840 live=3718646
	csg_mem tag=ta_stream src=8 arena=86363784 rss=877806840 live=3718646
	csg_mem tag=forest src=9 bytes=97046 rss=877806840 live=3718640
	csg_mem tag=forest_parse_begin pass=1 src=9 reserve=4022880 rss=877823224 live=3718672
	csg_mem tag=forest_appended src=9 forest_arena=86363784 rss=878380304 live=3724774
	csg_mem tag=ta_stream src=9 arena=86363784 rss=878380304 live=3724774
	csg_mem tag=forest src=10 bytes=263042 rss=878380304 live=3724768
	csg_mem tag=forest_parse_begin pass=1 src=10 reserve=9374496 rss=878544144 live=3724804
	csg_mem tag=forest_appended src=10 forest_arena=86495816 rss=942736680 live=3748854
	csg_mem tag=ta_stream src=10 arena=86495816 rss=942736680 live=3748854
	csg_mem tag=forest src=11 bytes=30477 rss=942736680 live=3748848
	csg_mem tag=forest_parse_begin pass=1 src=11 reserve=2329120 rss=942818600 live=3748878
	csg_mem tag=forest_appended src=11 forest_arena=86495816 rss=943457576 live=3755841
	csg_mem tag=ta_stream src=11 arena=86495816 rss=943457576 live=3755841
	csg_mem tag=forest src=12 bytes=17051 rss=943457576 live=3755835
	csg_mem tag=forest_parse_begin pass=1 src=12 reserve=844704 rss=943473960 live=3755863
	csg_mem tag=forest_appended src=12 forest_arena=86495816 rss=943523112 live=3757143
	csg_mem tag=ta_stream src=12 arena=86495816 rss=943523112 live=3757143
	csg_mem tag=forest src=13 bytes=11252 rss=943523112 live=3757137
	csg_mem tag=forest_parse_begin pass=1 src=13 reserve=640256 rss=943523112 live=3757163
	csg_mem tag=forest_appended src=13 forest_arena=86495816 rss=944309544 live=3760034
	csg_mem tag=ta_stream src=13 arena=86495816 rss=944309544 live=3760034
	csg_mem tag=forest src=14 bytes=520230 rss=944309544 live=3760028
	csg_mem tag=forest_parse_begin pass=1 src=14 reserve=42706688 rss=945063208 live=3760066
	csg_mem tag=forest_appended src=14 forest_arena=86495816 rss=947963176 live=3800854
	csg_mem tag=ta_stream src=14 arena=86495816 rss=947963176 live=3800854
	csg_mem tag=forest src=15 bytes=1170 rss=947963176 live=3800848
	csg_mem tag=forest_parse_begin pass=1 src=15 reserve=86080 rss=947963176 live=3800868
	csg_mem tag=forest_appended src=15 forest_arena=86495816 rss=947979560 live=3800973
	csg_mem tag=ta_stream src=15 arena=86495816 rss=947979560 live=3800973
	csg_mem tag=forest src=16 bytes=99478 rss=947979560 live=3800967
	csg_mem tag=forest_parse_begin pass=1 src=16 reserve=3501280 rss=948012328 live=3800999
	csg_mem tag=forest_appended src=16 forest_arena=86495816 rss=992429376 live=3815929
	csg_mem tag=ta_stream src=16 arena=86495816 rss=992429376 live=3815929
	csg_mem tag=forest src=17 bytes=1232 rss=992429376 live=3815923
	csg_mem tag=forest_parse_begin pass=1 src=17 reserve=74944 rss=992429376 live=3815943
	csg_mem tag=forest_appended src=17 forest_arena=86495816 rss=992462144 live=3816005
	csg_mem tag=ta_stream src=17 arena=86495816 rss=992462144 live=3816005
	csg_mem tag=forest src=18 bytes=1854 rss=992462144 live=3815999
	csg_mem tag=forest_parse_begin pass=1 src=18 reserve=77312 rss=992462144 live=3816019
	csg_mem tag=forest_appended src=18 forest_arena=86495816 rss=992806208 live=3816123
	csg_mem tag=ta_stream src=18 arena=86495816 rss=992806208 live=3816123
	csg_mem tag=forest src=19 bytes=3277 rss=992806208 live=3816117
	csg_mem tag=forest_parse_begin pass=1 src=19 reserve=148384 rss=992806208 live=3816139
	csg_mem tag=forest_appended src=19 forest_arena=86495816 rss=993166656 live=3816449
	csg_mem tag=ta_stream src=19 arena=86495816 rss=993166656 live=3816449
	csg_mem tag=forest src=20 bytes=7479 rss=993166656 live=3816443
	csg_mem tag=forest_parse_begin pass=1 src=20 reserve=347776 rss=993166656 live=3816469
	csg_mem tag=forest_appended src=20 forest_arena=86495816 rss=993543488 live=3817257
	csg_mem tag=ta_stream src=20 arena=86495816 rss=993543488 live=3817257
	csg_mem tag=forest src=21 bytes=3268 rss=993543488 live=3817251
	csg_mem tag=forest_parse_begin pass=1 src=21 reserve=149952 rss=993543488 live=3817275
	csg_mem tag=forest_appended src=21 forest_arena=86495816 rss=993903936 live=3817722
	csg_mem tag=ta_stream src=21 arena=86495816 rss=993903936 live=3817722
	csg_mem tag=forest src=22 bytes=89269 rss=993903936 live=3817716
	csg_mem tag=forest_parse_begin pass=1 src=22 reserve=4730080 rss=994133312 live=3817750
	csg_mem tag=forest_appended src=22 forest_arena=86528584 rss=1024263512 live=3829738
	csg_mem tag=ta_stream src=22 arena=86528584 rss=1024263512 live=3829738
	csg_mem tag=forest src=23 bytes=25398 rss=1024263512 live=3829732
	csg_mem tag=forest_parse_begin pass=1 src=23 reserve=2084096 rss=1024263512 live=3829762
	csg_mem tag=forest_appended src=23 forest_arena=86528584 rss=1025049944 live=3834061
	csg_mem tag=ta_stream src=23 arena=86528584 rss=1025049944 live=3834061
	csg_mem tag=forest src=24 bytes=36083 rss=1025049944 live=3834055
	csg_mem tag=forest_parse_begin pass=1 src=24 reserve=1605088 rss=1025082712 live=3834085
	csg_mem tag=forest_appended src=24 forest_arena=86528584 rss=1030374744 live=3838567
	csg_mem tag=ta_stream src=24 arena=86528584 rss=1030374744 live=3838567
	csg_mem tag=forest src=25 bytes=29310 rss=1030374744 live=3838561
	csg_mem tag=forest_parse_begin pass=1 src=25 reserve=1202464 rss=1030423896 live=3838591
	csg_mem tag=forest_appended src=25 forest_arena=86528584 rss=1031144792 live=3840650
	csg_mem tag=ta_stream src=25 arena=86528584 rss=1031144792 live=3840650
	csg_mem tag=forest src=26 bytes=21459 rss=1031144792 live=3840644
	csg_mem tag=forest_parse_begin pass=1 src=26 reserve=1165504 rss=1031161176 live=3840672
	csg_mem tag=forest_appended src=26 forest_arena=86528584 rss=1031751000 live=3842664
	csg_mem tag=ta_stream src=26 arena=86528584 rss=1031751000 live=3842664
	csg_mem tag=forest src=27 bytes=1082 rss=1031751000 live=3842658
	csg_mem tag=forest_parse_begin pass=1 src=27 reserve=130112 rss=1031751000 live=3842678
	csg_mem tag=forest_appended src=27 forest_arena=86528584 rss=1032291672 live=3842816
	csg_mem tag=ta_stream src=27 arena=86528584 rss=1032291672 live=3842816
	csg_mem tag=forest src=28 bytes=5750 rss=1032291672 live=3842810
	csg_mem tag=forest_parse_begin pass=1 src=28 reserve=325856 rss=1032308056 live=3842836
	csg_mem tag=forest_appended src=28 forest_arena=86528584 rss=1032734040 live=3843517
	csg_mem tag=ta_stream src=28 arena=86528584 rss=1032734040 live=3843517
	csg_mem tag=forest src=29 bytes=59609 rss=1032734040 live=3843511
	csg_mem tag=forest_parse_begin pass=1 src=29 reserve=3300512 rss=1032914264 live=3843543
	csg_mem tag=forest_appended src=29 forest_arena=86528584 rss=1042908504 live=3849173
	csg_mem tag=ta_stream src=29 arena=86528584 rss=1042908504 live=3849173
	csg_mem tag=forest src=30 bytes=50794 rss=1042908504 live=3849167
	csg_mem tag=forest_parse_begin pass=1 src=30 reserve=2303808 rss=1043039576 live=3849199
	csg_mem tag=forest_appended src=30 forest_arena=86528584 rss=1054950768 live=3854732
	csg_mem tag=ta_stream src=30 arena=86528584 rss=1054950768 live=3854732
	csg_mem tag=forest src=31 bytes=52710 rss=1054950768 live=3854726
	csg_mem tag=forest_parse_begin pass=1 src=31 reserve=2312960 rss=1055081840 live=3854758
	csg_mem tag=forest_appended src=31 forest_arena=86528584 rss=1060324720 live=3859249
	csg_mem tag=ta_stream src=31 arena=86528584 rss=1060324720 live=3859249
	csg_mem tag=forest src=32 bytes=2252 rss=1060324720 live=3859243
	csg_mem tag=forest_parse_begin pass=1 src=32 reserve=161120 rss=1060324720 live=3859265
	csg_mem tag=forest_appended src=32 forest_arena=86528584 rss=1062602096 live=3859614
	csg_mem tag=ta_stream src=32 arena=86528584 rss=1062602096 live=3859614
	csg_mem tag=forest src=33 bytes=48367 rss=1062602096 live=3859608
	csg_mem tag=forest_parse_begin pass=1 src=33 reserve=2049152 rss=1062634864 live=3859638
	csg_mem tag=forest_appended src=33 forest_arena=86528584 rss=1069155696 live=3864122
	csg_mem tag=ta_stream src=33 arena=86528584 rss=1069155696 live=3864122
	csg_mem tag=forest src=34 bytes=16779 rss=1069155696 live=3864116
	csg_mem tag=forest_parse_begin pass=1 src=34 reserve=1136064 rss=1069172080 live=3864144
	csg_mem tag=forest_appended src=34 forest_arena=86528584 rss=1073710448 live=3866206
	csg_mem tag=ta_stream src=34 arena=86528584 rss=1073710448 live=3866206
	csg_mem tag=forest src=35 bytes=241090 rss=1073710448 live=3866200
	csg_mem tag=forest_parse_begin pass=1 src=35 reserve=9308256 rss=1074185584 live=3866236
	csg_mem tag=forest_appended src=35 forest_arena=86790728 rss=1078494576 live=3886467
	csg_mem tag=ta_stream src=35 arena=86790728 rss=1078494576 live=3886467
	csg_mem tag=forest src=36 bytes=21751 rss=1078494576 live=3886461
	csg_mem tag=forest_parse_begin pass=1 src=36 reserve=1196704 rss=1078510960 live=3886491
	csg_mem tag=forest_appended src=36 forest_arena=86790728 rss=1084327280 live=3888684
	csg_mem tag=ta_stream src=36 arena=86790728 rss=1084343664 live=3888684
	csg_mem tag=forest src=37 bytes=91449 rss=1084360048 live=3888678
	csg_mem tag=forest_parse_begin pass=1 src=37 reserve=8008672 rss=1084540272 live=3888712
	csg_mem tag=forest_appended src=37 forest_arena=86790728 rss=1096844704 live=3901493
	csg_mem tag=ta_stream src=37 arena=86790728 rss=1096844704 live=3901493
	csg_mem tag=forest src=38 bytes=22555 rss=1096844704 live=3901487
	csg_mem tag=forest_parse_begin pass=1 src=38 reserve=1245440 rss=1096844704 live=3901517
	csg_mem tag=forest_appended src=38 forest_arena=86790728 rss=1097205152 live=3905667
	csg_mem tag=ta_stream src=38 arena=86790728 rss=1097205152 live=3905667
	csg_mem tag=forest src=39 bytes=16869 rss=1097205152 live=3905661
	csg_mem tag=forest_parse_begin pass=1 src=39 reserve=1177632 rss=1097237920 live=3905689
	csg_mem tag=forest_appended src=39 forest_arena=86790728 rss=1097352608 live=3908867
	csg_mem tag=ta_stream src=39 arena=86790728 rss=1097352608 live=3908867
	csg_mem tag=forest src=40 bytes=42339 rss=1097352608 live=3908861
	csg_mem tag=forest_parse_begin pass=1 src=40 reserve=3180768 rss=1097368992 live=3908891
	csg_mem tag=forest_appended src=40 forest_arena=86790728 rss=1108247968 live=3916555
	csg_mem tag=ta_stream src=40 arena=86790728 rss=1108264352 live=3916555
	csg_mem tag=forest src=41 bytes=16263 rss=1108264352 live=3916549
	csg_mem tag=forest_parse_begin pass=1 src=41 reserve=1110304 rss=1108264352 live=3916577
	csg_mem tag=forest_appended src=41 forest_arena=86790728 rss=1108772256 live=3919583
	csg_mem tag=ta_stream src=41 arena=86790728 rss=1108772256 live=3919583
	csg_mem tag=forest src=42 bytes=14980 rss=1108772256 live=3919577
	csg_mem tag=forest_parse_begin pass=1 src=42 reserve=1110176 rss=1108788640 live=3919605
	csg_mem tag=forest_appended src=42 forest_arena=86790728 rss=1108903328 live=3922516
	csg_mem tag=ta_stream src=42 arena=86790728 rss=1108903328 live=3922516
	csg_mem tag=forest src=43 bytes=1470 rss=1108903328 live=3922510
	csg_mem tag=forest_parse_begin pass=1 src=43 reserve=133856 rss=1108919712 live=3922532
	csg_mem tag=forest_appended src=43 forest_arena=86790728 rss=1113179552 live=3922893
	csg_mem tag=ta_stream src=43 arena=86790728 rss=1113179552 live=3922893
	csg_mem tag=forest src=44 bytes=45177 rss=1113179552 live=3922887
	csg_mem tag=forest_parse_begin pass=1 src=44 reserve=2249056 rss=1113195936 live=3922919
	csg_mem tag=forest_appended src=44 forest_arena=86790728 rss=1115948448 live=3927355
	csg_mem tag=ta_stream src=44 arena=86790728 rss=1115948448 live=3927355
	csg_mem tag=forest src=45 bytes=3258 rss=1115948448 live=3927349
	csg_mem tag=forest_parse_begin pass=1 src=45 reserve=270816 rss=1115964832 live=3927373
	csg_mem tag=forest_appended src=45 forest_arena=86790728 rss=1116276128 live=3927819
	csg_mem tag=ta_stream src=45 arena=86790728 rss=1116276128 live=3927819
	csg_mem tag=forest src=46 bytes=1452 rss=1116276128 live=3927813
	csg_mem tag=forest_parse_begin pass=1 src=46 reserve=107872 rss=1116292512 live=3927835
	csg_mem tag=forest_appended src=46 forest_arena=86790728 rss=1116767648 live=3928010
	csg_mem tag=ta_stream src=46 arena=86790728 rss=1116767648 live=3928010
	csg_mem tag=forest src=47 bytes=1498710 rss=1116767648 live=3928004
	csg_mem tag=forest_parse_begin pass=1 src=47 reserve=63084928 rss=1119782304 live=3928044
	csg_mem tag=forest_appended src=47 forest_arena=86856264 rss=1202800080 live=4034777
	csg_mem tag=ta_stream src=47 arena=86856264 rss=1202800080 live=4034777
	csg_mem tag=forest src=48 bytes=15407 rss=1202800080 live=4034771
	csg_mem tag=forest_parse_begin pass=1 src=48 reserve=1044512 rss=1202800080 live=4034799
	csg_mem tag=forest_appended src=48 forest_arena=86856264 rss=1207846352 live=4036349
	csg_mem tag=ta_stream src=48 arena=86856264 rss=1207846352 live=4036349
	csg_mem tag=forest src=49 bytes=36412 rss=1207846352 live=4036343
	csg_mem tag=forest_parse_begin pass=1 src=49 reserve=2292480 rss=1207928272 live=4036373
	csg_mem tag=forest_appended src=49 forest_arena=86856264 rss=1208681936 live=4041559
	csg_mem tag=ta_stream src=49 arena=86856264 rss=1208681936 live=4041559
	csg_mem tag=forest src=50 bytes=212055 rss=1208681936 live=4041553
	csg_mem tag=forest_parse_begin pass=1 src=50 reserve=9256128 rss=1209009616 live=4041587
	csg_mem tag=forest_appended src=50 forest_arena=86856264 rss=1230292456 live=4062696
	csg_mem tag=ta_stream src=50 arena=86856264 rss=1230292456 live=4062696
	csg_mem tag=forest src=51 bytes=714 rss=1230292456 live=4062690
	csg_mem tag=forest_parse_begin pass=1 src=51 reserve=103104 rss=1230292456 live=4062710
	csg_mem tag=forest_appended src=51 forest_arena=86856264 rss=1230800360 live=4062812
	csg_mem tag=ta_stream src=51 arena=86856264 rss=1230800360 live=4062812
	csg_mem tag=forest src=52 bytes=15736 rss=1230816744 live=4062806
	csg_mem tag=forest_parse_begin pass=1 src=52 reserve=631392 rss=1230833128 live=4062834
	csg_mem tag=forest_appended src=52 forest_arena=86856264 rss=1231324648 live=4064065
	csg_mem tag=ta_stream src=52 arena=86856264 rss=1231324648 live=4064065
	csg_mem tag=forest src=53 bytes=15907 rss=1231341032 live=4064059
	csg_mem tag=forest_parse_begin pass=1 src=53 reserve=813696 rss=1231357416 live=4064087
	csg_mem tag=forest_appended src=53 forest_arena=86856264 rss=1235994088 live=4065902
	csg_mem tag=ta_stream src=53 arena=86856264 rss=1235994088 live=4065902
	csg_mem tag=forest src=54 bytes=18039 rss=1235994088 live=4065896
	csg_mem tag=forest_parse_begin pass=1 src=54 reserve=1037600 rss=1235994088 live=4065924
	csg_mem tag=forest_appended src=54 forest_arena=86856264 rss=1240909288 live=4067450
	csg_mem tag=ta_stream src=54 arena=86856264 rss=1240909288 live=4067450
	csg_mem tag=forest src=55 bytes=7239 rss=1240909288 live=4067444
	csg_mem tag=forest_parse_begin pass=1 src=55 reserve=628384 rss=1240909288 live=4067470
	csg_mem tag=forest_appended src=55 forest_arena=86856264 rss=1243514344 live=4068682
	csg_mem tag=ta_stream src=55 arena=86856264 rss=1243514344 live=4068682
	csg_mem tag=forest src=56 bytes=11717 rss=1243514344 live=4068676
	csg_mem tag=forest_parse_begin pass=1 src=56 reserve=606176 rss=1243530728 live=4068704
	csg_mem tag=forest_appended src=56 forest_arena=86856264 rss=1248445928 live=4070107
	csg_mem tag=ta_stream src=56 arena=86856264 rss=1248445928 live=4070107
	csg_mem tag=forest src=57 bytes=2498 rss=1248445928 live=4070101
	csg_mem tag=forest_parse_begin pass=1 src=57 reserve=173568 rss=1248445928 live=4070125
	csg_mem tag=forest_appended src=57 forest_arena=86856264 rss=1253115368 live=4070576
	csg_mem tag=ta_stream src=57 arena=86856264 rss=1253115368 live=4070576
	csg_mem tag=forest src=58 bytes=9947 rss=1253115368 live=4070570
	csg_mem tag=forest_parse_begin pass=1 src=58 reserve=628064 rss=1253131752 live=4070598
	csg_mem tag=forest_appended src=58 forest_arena=86856264 rss=1257932264 live=4071836
	csg_mem tag=ta_stream src=58 arena=86856264 rss=1257932264 live=4071836
	csg_mem tag=forest src=59 bytes=59910 rss=1257932264 live=4071830
	csg_mem tag=forest_parse_begin pass=1 src=59 reserve=2395456 rss=1258063336 live=4071862
	csg_mem tag=forest_appended src=59 forest_arena=86856264 rss=1272169960 live=4077703
	csg_mem tag=ta_stream src=59 arena=86856264 rss=1272169960 live=4077703
	csg_mem tag=forest src=60 bytes=4463 rss=1272169960 live=4077697
	csg_mem tag=forest_parse_begin pass=1 src=60 reserve=311968 rss=1272186344 live=4077721
	csg_mem tag=forest_appended src=60 forest_arena=86856264 rss=1272612328 live=4078295
	csg_mem tag=ta_stream src=60 arena=86856264 rss=1272612328 live=4078295
	csg_mem tag=forest src=61 bytes=4513921 rss=1272612328 live=4078289
	csg_mem tag=forest_parse_begin pass=1 src=61 reserve=140326336 rss=1282442752 live=4078333
	csg_mem tag=forest_appended src=61 forest_arena=87380552 rss=1332102704 live=4354184
	csg_mem tag=ta_stream src=61 arena=87380552 rss=1332102704 live=4354184
	csg_mem tag=forest src=62 bytes=214132 rss=1329808944 live=4354178
	csg_mem tag=forest_parse_begin pass=1 src=62 reserve=9212704 rss=1329825328 live=4354214
	csg_mem tag=forest_appended src=62 forest_arena=87380552 rss=1339426400 live=4373597
	csg_mem tag=ta_stream src=62 arena=87380552 rss=1339426400 live=4373597
	csg_mem tag=forest src=63 bytes=146632 rss=1339426400 live=4373591
	csg_mem tag=forest_parse_begin pass=1 src=63 reserve=7960864 rss=1339590240 live=4373625
	csg_mem tag=forest_appended src=63 forest_arena=87380552 rss=1360512608 live=4387262
	csg_mem tag=ta_stream src=63 arena=87380552 rss=1360528992 live=4387262
	csg_mem tag=forest src=64 bytes=60278 rss=1360528992 live=4387256
	csg_mem tag=forest_parse_begin pass=1 src=64 reserve=2303296 rss=1360594528 live=4387288
	csg_mem tag=forest_appended src=64 forest_arena=87380552 rss=1367901792 live=4392311
	csg_mem tag=ta_stream src=64 arena=87380552 rss=1367901792 live=4392311
	csg_mem tag=forest src=65 bytes=26513 rss=1367901792 live=4392305
	csg_mem tag=forest_parse_begin pass=1 src=65 reserve=1995360 rss=1367934560 live=4392335
	csg_mem tag=forest_appended src=65 forest_arena=87380552 rss=1372866144 live=4395679
	csg_mem tag=ta_stream src=65 arena=87380552 rss=1372866144 live=4395679
	csg_mem tag=forest src=66 bytes=115864 rss=1372866144 live=4395673
	csg_mem tag=forest_parse_begin pass=1 src=66 reserve=7930400 rss=1373128288 live=4395707
	csg_mem tag=forest_appended src=66 forest_arena=87511624 rss=1383761528 live=4408945
	csg_mem tag=ta_stream src=66 arena=87511624 rss=1383761528 live=4408945
	csg_mem tag=forest src=67 bytes=342860 rss=1383761528 live=4408939
	csg_mem tag=forest_parse_begin pass=1 src=67 reserve=15800960 rss=1384564344 live=4408975
	csg_mem tag=forest_appended src=67 forest_arena=87511624 rss=1427048080 live=4443752
	csg_mem tag=ta_stream src=67 arena=87511624 rss=1427048080 live=4443752
	csg_mem tag=forest src=68 bytes=93793 rss=1427048080 live=4443746
	csg_mem tag=forest_parse_begin pass=1 src=68 reserve=4565024 rss=1427244688 live=4443780
	csg_mem tag=forest_appended src=68 forest_arena=87511624 rss=1432077968 live=4453103
	csg_mem tag=ta_stream src=68 arena=87511624 rss=1432077968 live=4453103
	csg_mem tag=forest src=69 bytes=18553 rss=1432077968 live=4453097
	csg_mem tag=forest_parse_begin pass=1 src=69 reserve=1625664 rss=1432077968 live=4453125
	csg_mem tag=forest_appended src=69 forest_arena=87511624 rss=1432618640 live=4459609
	csg_mem tag=ta_stream src=69 arena=87511624 rss=1432618640 live=4459609
	csg_mem tag=forest src=70 bytes=23302 rss=1432618640 live=4459603
	csg_mem tag=forest_parse_begin pass=1 src=70 reserve=1144480 rss=1432635024 live=4459633
	csg_mem tag=forest_appended src=70 forest_arena=87512648 rss=1436976784 live=4462811
	csg_mem tag=ta_stream src=70 arena=87512648 rss=1436976784 live=4462811
	csg_mem tag=forest src=71 bytes=12094 rss=1436976784 live=4462805
	csg_mem tag=forest_parse_begin pass=1 src=71 reserve=550048 rss=1436993168 live=4462831
	csg_mem tag=forest_appended src=71 forest_arena=87512648 rss=1437517456 live=4463978
	csg_mem tag=ta_stream src=71 arena=87512648 rss=1437517456 live=4463978
	csg_mem tag=forest src=72 bytes=373101 rss=1437517456 live=4463972
	csg_mem tag=forest_parse_begin pass=1 src=72 reserve=15859040 rss=1437910672 live=4464008
	csg_mem tag=forest_appended src=72 forest_arena=87512648 rss=1466189456 live=4492436
	csg_mem tag=ta_stream src=72 arena=87512648 rss=1466189456 live=4492436
	csg_mem tag=forest src=73 bytes=5619 rss=1466189456 live=4492430
	csg_mem tag=forest_parse_begin pass=1 src=73 reserve=271584 rss=1466189456 live=4492456
	csg_mem tag=forest_appended src=73 forest_arena=87512648 rss=1466631824 live=4493028
	csg_mem tag=ta_stream src=73 arena=87512648 rss=1466631824 live=4493028
	csg_mem tag=forest src=74 bytes=256078 rss=1466631824 live=4493022
	csg_mem tag=forest_parse_begin pass=1 src=74 reserve=9185664 rss=1466730128 live=4493058
	csg_mem tag=forest_appended src=74 forest_arena=87512648 rss=1478559376 live=4511729
	csg_mem tag=ta_stream src=74 arena=87512648 rss=1478559376 live=4511729
	csg_mem tag=forest src=75 bytes=228229 rss=1478559376 live=4511723
	csg_mem tag=forest_parse_begin pass=1 src=75 reserve=9063872 rss=1478854288 live=4511759
	csg_mem tag=forest_appended src=75 forest_arena=87512648 rss=1502725776 live=4532288
	csg_mem tag=ta_stream src=75 arena=87512648 rss=1502725776 live=4532288
	csg_mem tag=forest src=76 bytes=9159 rss=1502725776 live=4532282
	csg_mem tag=forest_parse_begin pass=1 src=76 reserve=546720 rss=1502725776 live=4532310
	csg_mem tag=forest_appended src=76 forest_arena=87512648 rss=1503184528 live=4533089
	csg_mem tag=ta_stream src=76 arena=87512648 rss=1503184528 live=4533089
	csg_mem tag=forest src=77 bytes=207027 rss=1503184528 live=4533083
	csg_mem tag=forest_parse_begin pass=1 src=77 reserve=9371904 rss=1503544976 live=4533119
	csg_mem tag=forest_appended src=77 forest_arena=87512648 rss=1505396368 live=4556316
	csg_mem tag=ta_stream src=77 arena=87512648 rss=1505396368 live=4556316
	csg_mem tag=forest src=78 bytes=21659 rss=1505396368 live=4556310
	csg_mem tag=forest_parse_begin pass=1 src=78 reserve=962688 rss=1505396368 live=4556338
	csg_mem tag=forest_appended src=78 forest_arena=87512648 rss=1505560208 live=4558852
	csg_mem tag=ta_stream src=78 arena=87512648 rss=1505560208 live=4558852
	csg_mem tag=forest src=79 bytes=138950 rss=1505560208 live=4558846
	csg_mem tag=forest_parse_begin pass=1 src=79 reserve=7739264 rss=1505609360 live=4558880
	csg_mem tag=forest_appended src=79 forest_arena=87512648 rss=1506559632 live=4572280
	csg_mem tag=ta_stream src=79 arena=87512648 rss=1506559632 live=4572280
	csg_mem tag=forest src=80 bytes=16818 rss=1506559632 live=4572274
	csg_mem tag=forest_parse_begin pass=1 src=80 reserve=645632 rss=1506576016 live=4572302
	csg_mem tag=forest_appended src=80 forest_arena=87512648 rss=1508951696 live=4573863
	csg_mem tag=ta_stream src=80 arena=87512648 rss=1508951696 live=4573863
	csg_mem tag=forest src=81 bytes=7011 rss=1508951696 live=4573857
	csg_mem tag=forest_parse_begin pass=1 src=81 reserve=91904 rss=1508968080 live=4573881
	csg_mem tag=forest_appended src=81 forest_arena=87512648 rss=1509492368 live=4574068
	csg_mem tag=ta_stream src=81 arena=87512648 rss=1509492368 live=4574068
	csg_mem tag=forest src=82 bytes=3088 rss=1509492368 live=4574062
	csg_mem tag=forest_parse_begin pass=1 src=82 reserve=200640 rss=1509492368 live=4574086
	csg_mem tag=forest_appended src=82 forest_arena=87512648 rss=1510114960 live=4574508
	csg_mem tag=ta_stream src=82 arena=87512648 rss=1510114960 live=4574508
	csg_mem tag=forest src=83 bytes=209875 rss=1510114960 live=4574502
	csg_mem tag=forest_parse_begin pass=1 src=83 reserve=8738208 rss=1510442640 live=4574538
	csg_mem tag=forest_appended src=83 forest_arena=87512648 rss=1530922664 live=4592699
	csg_mem tag=ta_stream src=83 arena=87512648 rss=1530939048 live=4592699
	csg_mem tag=forest src=84 bytes=113595 rss=1530939048 live=4592693
	csg_mem tag=forest_parse_begin pass=1 src=84 reserve=4164256 rss=1531201192 live=4592727
	csg_mem tag=forest_appended src=84 forest_arena=87512648 rss=1540982440 live=4602608
	csg_mem tag=ta_stream src=84 arena=87512648 rss=1540982440 live=4602608
	csg_mem tag=forest src=85 bytes=694424 rss=1540982440 live=4602602
	csg_mem tag=forest_parse_begin pass=1 src=85 reserve=31589856 rss=1541736104 live=4602640
	csg_mem tag=forest_appended src=85 forest_arena=87512648 rss=1550911168 live=4661929
	csg_mem tag=ta_stream src=85 arena=87512648 rss=1550911168 live=4661929
	csg_mem tag=forest src=86 bytes=84731 rss=1550911168 live=4661923
	csg_mem tag=forest_parse_begin pass=1 src=86 reserve=4720672 rss=1551156928 live=4661957
	csg_mem tag=forest_appended src=86 forest_arena=87512648 rss=1563510464 live=4671763
	csg_mem tag=ta_stream src=86 arena=87512648 rss=1563510464 live=4671763
	csg_mem tag=forest src=87 bytes=95381 rss=1563510464 live=4671757
	csg_mem tag=forest_parse_begin pass=1 src=87 reserve=4723168 rss=1563559616 live=4671791
	csg_mem tag=forest_appended src=87 forest_arena=87512648 rss=1570391744 live=4682553
	csg_mem tag=ta_stream src=87 arena=87512648 rss=1570391744 live=4682553
	csg_mem tag=forest src=88 bytes=100872 rss=1570391744 live=4682547
	csg_mem tag=forest_parse_begin pass=1 src=88 reserve=4625696 rss=1570719448 live=4682581
	csg_mem tag=forest_appended src=88 forest_arena=87512648 rss=1585858264 live=4694187
	csg_mem tag=ta_stream src=88 arena=87512648 rss=1585858264 live=4694187
	csg_mem tag=forest src=89 bytes=8802 rss=1585858264 live=4694181
	csg_mem tag=forest_parse_begin pass=1 src=89 reserve=616064 rss=1585891032 live=4694209
	csg_mem tag=forest_appended src=89 forest_arena=87512648 rss=1586448088 live=4695440
	csg_mem tag=ta_stream src=89 arena=87512648 rss=1586448088 live=4695440
	csg_mem tag=forest src=90 bytes=36472 rss=1586448088 live=4695434
	csg_mem tag=forest_parse_begin pass=1 src=90 reserve=2347904 rss=1586579160 live=4695466
	csg_mem tag=forest_appended src=90 forest_arena=88561224 rss=1601767152 live=4700134
	csg_mem tag=ta_stream src=90 arena=88561224 rss=1601767152 live=4700134
	csg_mem tag=forest src=91 bytes=9587 rss=1601767152 live=4700128
	csg_mem tag=forest_parse_begin pass=1 src=91 reserve=643104 rss=1601799920 live=4700156
	csg_mem tag=forest_appended src=91 forest_arena=88561224 rss=1602406128 live=4701543
	csg_mem tag=ta_stream src=91 arena=88561224 rss=1602406128 live=4701543
	csg_mem tag=forest src=92 bytes=146673 rss=1602406128 live=4701537
	csg_mem tag=forest_parse_begin pass=1 src=92 reserve=6091680 rss=1603143408 live=4701571
	csg_mem tag=forest_appended src=92 forest_arena=88561224 rss=1612416752 live=4716886
	csg_mem tag=ta_stream src=92 arena=88561224 rss=1612416752 live=4716886
	csg_mem tag=forest src=93 bytes=85404 rss=1612416752 live=4716880
	csg_mem tag=forest_parse_begin pass=1 src=93 reserve=4470880 rss=1612580592 live=4716914
	csg_mem tag=forest_appended src=93 forest_arena=88561224 rss=1643759368 live=4725345
	csg_mem tag=ta_stream src=93 arena=88561224 rss=1643759368 live=4725345
	csg_mem tag=forest src=94 bytes=60609 rss=1643759368 live=4725339
	csg_mem tag=forest_parse_begin pass=1 src=94 reserve=3070912 rss=1643955976 live=4725371
	csg_mem tag=forest_appended src=94 forest_arena=88561224 rss=1675724552 live=4731824
	csg_mem tag=ta_stream src=94 arena=88561224 rss=1675724552 live=4731824
	csg_mem tag=forest src=95 bytes=21133 rss=1675724552 live=4731818
	csg_mem tag=forest_parse_begin pass=1 src=95 reserve=1193184 rss=1675806472 live=4731848
	csg_mem tag=forest_appended src=95 forest_arena=88561224 rss=1676003080 live=4733971
	csg_mem tag=ta_stream src=95 arena=88561224 rss=1676003080 live=4733971
	csg_mem tag=forest src=96 bytes=3751 rss=1676003080 live=4733965
	csg_mem tag=forest_parse_begin pass=1 src=96 reserve=262016 rss=1676019464 live=4733989
	csg_mem tag=forest_appended src=96 forest_arena=88561224 rss=1676461832 live=4734345
	csg_mem tag=ta_stream src=96 arena=88561224 rss=1676461832 live=4734345
	csg_mem tag=forest src=97 bytes=97141 rss=1676461832 live=4734339
	csg_mem tag=forest_parse_begin pass=1 src=97 reserve=4720672 rss=1676756744 live=4734373
	csg_mem tag=forest_appended src=97 forest_arena=88561224 rss=1683867424 live=4745570
	csg_mem tag=ta_stream src=97 arena=88561224 rss=1683867424 live=4745570
	csg_mem tag=forest src=98 bytes=25148 rss=1683867424 live=4745564
	csg_mem tag=forest_parse_begin pass=1 src=98 reserve=1225728 rss=1683916576 live=4745594
	csg_mem tag=forest_appended src=98 forest_arena=88561224 rss=1686521608 live=4747883
	csg_mem tag=ta_stream src=98 arena=88561224 rss=1686521608 live=4747883
	csg_mem tag=forest src=99 bytes=67075 rss=1686521608 live=4747877
	csg_mem tag=forest_parse_begin pass=1 src=99 reserve=4002112 rss=1686603528 live=4747909
	csg_mem tag=forest_appended src=99 forest_arena=88561224 rss=1697154848 live=4753878
	csg_mem tag=ta_stream src=99 arena=88561224 rss=1697171232 live=4753878
	csg_mem tag=forest src=100 bytes=122136 rss=1697171232 live=4753872
	csg_mem tag=forest_parse_begin pass=1 src=100 reserve=4648800 rss=1697482528 live=4753906
	csg_mem tag=forest_appended src=100 forest_arena=88561224 rss=1704625952 live=4764594
	csg_mem tag=ta_stream src=100 arena=88561224 rss=1704625952 live=4764594
	csg_mem tag=forest src=101 bytes=477806 rss=1704625952 live=4764588
	csg_mem tag=forest_parse_begin pass=1 src=101 reserve=18413024 rss=1705002784 live=4764626
	csg_mem tag=forest_appended src=101 forest_arena=88561224 rss=1722877752 live=4816129
	csg_mem tag=ta_stream src=101 arena=88561224 rss=1722877752 live=4816129
	csg_mem tag=forest src=102 bytes=9251 rss=1722877752 live=4816123
	csg_mem tag=forest_parse_begin pass=1 src=102 reserve=476512 rss=1722894136 live=4816149
	csg_mem tag=forest_appended src=102 forest_arena=88561224 rss=1722976056 live=4817173
	csg_mem tag=ta_stream src=102 arena=88561224 rss=1722976056 live=4817173
	csg_mem tag=forest src=103 bytes=35254 rss=1722976056 live=4817167
	csg_mem tag=forest_parse_begin pass=1 src=103 reserve=1762176 rss=1723025208 live=4817199
	csg_mem tag=forest_appended src=103 forest_arena=88561224 rss=1727645496 live=4821057
	csg_mem tag=ta_stream src=103 arena=88561224 rss=1727645496 live=4821057
	csg_mem tag=forest src=104 bytes=207662 rss=1727645496 live=4821051
	csg_mem tag=forest_parse_begin pass=1 src=104 reserve=8878976 rss=1727891256 live=4821087
	csg_mem tag=forest_appended src=104 forest_arena=88561224 rss=1756448592 live=4839666
	csg_mem tag=ta_stream src=104 arena=88561224 rss=1756448592 live=4839666
	csg_mem tag=forest src=105 bytes=53041 rss=1756448592 live=4839660
	csg_mem tag=forest_parse_begin pass=1 src=105 reserve=2324608 rss=1756661584 live=4839692
	csg_mem tag=forest_appended src=105 forest_arena=88561224 rss=1762182968 live=4844073
	csg_mem tag=ta_stream src=105 arena=88561224 rss=1762182968 live=4844073
	csg_mem tag=forest src=106 bytes=19779 rss=1762182968 live=4844067
	csg_mem tag=forest_parse_begin pass=1 src=106 reserve=817280 rss=1762215736 live=4844095
	csg_mem tag=forest_appended src=106 forest_arena=88561224 rss=1765115704 live=4845856
	csg_mem tag=ta_stream src=106 arena=88561224 rss=1765115704 live=4845856
	csg_mem tag=forest src=107 bytes=274 rss=1765115704 live=4845850
	csg_mem tag=forest_parse_begin pass=1 src=107 reserve=74912 rss=1765132088 live=4845868
	csg_mem tag=forest_appended src=107 forest_arena=88561224 rss=1765623608 live=4845947
	csg_mem tag=ta_stream src=107 arena=88561224 rss=1765623608 live=4845947
	csg_mem tag=forest src=108 bytes=131447 rss=1765623608 live=4845941
	csg_mem tag=forest_parse_begin pass=1 src=108 reserve=4902496 rss=1766164280 live=4845975
	csg_mem tag=forest_appended src=108 forest_arena=88561224 rss=1800341352 live=4857982
	csg_mem tag=ta_stream src=108 arena=88561224 rss=1800341352 live=4857982
	csg_mem tag=forest src=109 bytes=204964 rss=1800341352 live=4857976
	csg_mem tag=forest_parse_begin pass=1 src=109 reserve=8876160 rss=1800832872 live=4858012
	csg_mem tag=forest_appended src=109 forest_arena=88561224 rss=1825933184 live=4873957
	csg_mem tag=ta_stream src=109 arena=88561224 rss=1825933184 live=4873957
	csg_mem tag=forest src=110 bytes=26073 rss=1825933184 live=4873951
	csg_mem tag=forest_parse_begin pass=1 src=110 reserve=1174464 rss=1825998720 live=4873981
	csg_mem tag=forest_appended src=110 forest_arena=88561224 rss=1828980608 live=4876280
	csg_mem tag=ta_stream src=110 arena=88561224 rss=1828980608 live=4876280
	csg_mem tag=forest src=111 bytes=52561 rss=1828980608 live=4876274
	csg_mem tag=forest_parse_begin pass=1 src=111 reserve=2368576 rss=1829095296 live=4876306
	csg_mem tag=forest_appended src=111 forest_arena=88561224 rss=1834125184 live=4881180
	csg_mem tag=ta_stream src=111 arena=88561224 rss=1834125184 live=4881180
	csg_mem tag=forest src=112 bytes=54759 rss=1834125184 live=4881174
	csg_mem tag=forest_parse_begin pass=1 src=112 reserve=2391104 rss=1834141568 live=4881206
	csg_mem tag=forest_appended src=112 forest_arena=88561224 rss=1854080920 live=4886561
	csg_mem tag=ta_stream src=112 arena=88561224 rss=1854080920 live=4886561
	csg_mem tag=forest src=113 bytes=22222 rss=1854080920 live=4886555
	csg_mem tag=forest_parse_begin pass=1 src=113 reserve=1071680 rss=1854113688 live=4886583
	csg_mem tag=forest_appended src=113 forest_arena=88561224 rss=1856866200 live=4888819
	csg_mem tag=ta_stream src=113 arena=88561224 rss=1856866200 live=4888819
	csg_mem tag=forest src=114 bytes=396704 rss=1856866200 live=4888813
	csg_mem tag=forest_parse_begin pass=1 src=114 reserve=15747456 rss=1857423256 live=4888851
	csg_mem tag=forest_appended src=114 forest_arena=88561224 rss=1863894936 live=4927790
	csg_mem tag=ta_stream src=114 arena=88561224 rss=1863894936 live=4927790
	csg_mem tag=forest src=115 bytes=5769 rss=1863894936 live=4927784
	csg_mem tag=forest_parse_begin pass=1 src=115 reserve=275744 rss=1863911320 live=4927810
	csg_mem tag=forest_appended src=115 forest_arena=88561224 rss=1865844632 live=4928386
	csg_mem tag=ta_stream src=115 arena=88561224 rss=1865844632 live=4928386
	csg_mem tag=forest src=116 bytes=3136 rss=1865861016 live=4928380
	csg_mem tag=forest_parse_begin pass=1 src=116 reserve=173312 rss=1865861016 live=4928404
	csg_mem tag=forest_appended src=116 forest_arena=88561224 rss=1868335000 live=4928738
	csg_mem tag=ta_stream src=116 arena=88561224 rss=1868335000 live=4928738
	csg_mem tag=forest src=117 bytes=281236 rss=1868335000 live=4928732
	csg_mem tag=forest_parse_begin pass=1 src=117 reserve=8688640 rss=1868367768 live=4928768
	csg_mem tag=forest_appended src=117 forest_arena=88561224 rss=1878935448 live=4950654
	csg_mem tag=ta_stream src=117 arena=88561224 rss=1878935448 live=4950654
	csg_mem tag=forest src=118 bytes=36339 rss=1878935448 live=4950648
	csg_mem tag=forest_parse_begin pass=1 src=118 reserve=2269312 rss=1878951832 live=4950678
	csg_mem tag=forest_appended src=118 forest_arena=88561224 rss=1883637656 live=4954809
	csg_mem tag=ta_stream src=118 arena=88561224 rss=1883637656 live=4954809
	csg_mem tag=forest src=119 bytes=66727 rss=1883637656 live=4954803
	csg_mem tag=forest_parse_begin pass=1 src=119 reserve=4620192 rss=1883785112 live=4954835
	csg_mem tag=forest_appended src=119 forest_arena=88561224 rss=1904969648 live=4962715
	csg_mem tag=ta_stream src=119 arena=88561224 rss=1904969648 live=4962715
	csg_mem tag=forest src=120 bytes=19895 rss=1904969648 live=4962709
	csg_mem tag=forest_parse_begin pass=1 src=120 reserve=782208 rss=1905035184 live=4962737
	csg_mem tag=forest_appended src=120 forest_arena=88561224 rss=1905706928 live=4964495
	csg_mem tag=ta_stream src=120 arena=88561224 rss=1905706928 live=4964495
	csg_mem tag=forest src=121 bytes=104630 rss=1905723312 live=4964489
	csg_mem tag=forest_parse_begin pass=1 src=121 reserve=4295776 rss=1906034608 live=4964523
	csg_mem tag=forest_appended src=121 forest_arena=88561224 rss=1918306224 live=4974329
	csg_mem tag=ta_stream src=121 arena=88561224 rss=1918306224 live=4974329
	csg_mem tag=forest src=122 bytes=21670 rss=1918306224 live=4974323
	csg_mem tag=forest_parse_begin pass=1 src=122 reserve=1223104 rss=1918355376 live=4974353
	csg_mem tag=forest_appended src=122 forest_arena=88561224 rss=1923319728 live=4976943
	csg_mem tag=ta_stream src=122 arena=88561224 rss=1923319728 live=4976943
	csg_mem tag=forest src=123 bytes=41012 rss=1923319728 live=4976937
	csg_mem tag=forest_parse_begin pass=1 src=123 reserve=2385152 rss=1923434416 live=4976969
	csg_mem tag=forest_appended src=123 forest_arena=88561224 rss=1925695408 live=4982252
	csg_mem tag=ta_stream src=123 arena=88561224 rss=1925695408 live=4982252
	csg_mem tag=forest src=124 bytes=602132 rss=1925695408 live=4982246
	csg_mem tag=forest_parse_begin pass=1 src=124 reserve=31538592 rss=1926563760 live=4982284
	csg_mem tag=forest_appended src=124 forest_arena=88561224 rss=2001127416 live=5049199
	csg_mem tag=ta_stream src=124 arena=88561224 rss=2001127416 live=5049199
	csg_mem tag=forest src=125 bytes=2984 rss=2001127416 live=5049193
	csg_mem tag=forest_parse_begin pass=1 src=125 reserve=168896 rss=2001127416 live=5049217
	csg_mem tag=forest_appended src=125 forest_arena=88561224 rss=2003453944 live=5049527
	csg_mem tag=ta_stream src=125 arena=88561224 rss=2003453944 live=5049527
	csg_mem tag=forest src=126 bytes=6234 rss=2003453944 live=5049521
	csg_mem tag=forest_parse_begin pass=1 src=126 reserve=339040 rss=2003470328 live=5049547
	csg_mem tag=forest_appended src=126 forest_arena=88561224 rss=2003912696 live=5050045
	csg_mem tag=ta_stream src=126 arena=88561224 rss=2003912696 live=5050045
	csg_mem tag=forest src=127 bytes=36702 rss=2003912696 live=5050039
	csg_mem tag=forest_parse_begin pass=1 src=127 reserve=1209024 rss=2003929080 live=5050069
	csg_mem tag=forest_appended src=127 forest_arena=88561224 rss=2006861840 live=5052887
	csg_mem tag=ta_stream src=127 arena=88561224 rss=2006861840 live=5052887
	csg_mem tag=forest src=128 bytes=49364 rss=2006861840 live=5052881
	csg_mem tag=forest_parse_begin pass=1 src=128 reserve=2388160 rss=2006943760 live=5052913
	csg_mem tag=forest_appended src=128 forest_arena=88561224 rss=2026260496 live=5058906
	csg_mem tag=ta_stream src=128 arena=88561224 rss=2026260496 live=5058906
	csg_mem tag=forest src=129 bytes=42894 rss=2026260496 live=5058900
	csg_mem tag=forest_parse_begin pass=1 src=129 reserve=2354976 rss=2026293264 live=5058930
	csg_mem tag=forest_appended src=129 forest_arena=88563272 rss=2034321424 live=5063680
	csg_mem tag=ta_stream src=129 arena=88563272 rss=2034321424 live=5063680
	csg_mem tag=forest src=130 bytes=32186 rss=2034321424 live=5063674
	csg_mem tag=forest_parse_begin pass=1 src=130 reserve=2063840 rss=2034436112 live=5063704
	csg_mem tag=forest_appended src=130 forest_arena=88563272 rss=2039777296 live=5067265
	csg_mem tag=ta_stream src=130 arena=88563272 rss=2039793680 live=5067265
	csg_mem tag=forest src=131 bytes=34873 rss=2039793680 live=5067259
	csg_mem tag=forest_parse_begin pass=1 src=131 reserve=1693152 rss=2039810064 live=5067289
	csg_mem tag=forest_appended src=131 forest_arena=88563272 rss=2052212752 live=5071123
	csg_mem tag=ta_stream src=131 arena=88563272 rss=2052212752 live=5071123
	csg_mem tag=forest src=132 bytes=1850073 rss=2052229136 live=5071117
	csg_mem tag=forest_parse_begin pass=1 src=132 reserve=72523584 rss=2055096336 live=5071159
	csg_mem tag=forest_appended src=132 forest_arena=88829512 rss=2162788464 live=5223247
	csg_mem tag=ta_stream src=132 arena=88829512 rss=2162788464 live=5223247
	csg_mem tag=forest src=133 bytes=41896 rss=2162444400 live=5223241
	csg_mem tag=forest_parse_begin pass=1 src=133 reserve=2011104 rss=2162477168 live=5223271
	csg_mem tag=forest_appended src=133 forest_arena=88829512 rss=2167933064 live=5227245
	csg_mem tag=ta_stream src=133 arena=88829512 rss=2167933064 live=5227245
	csg_mem tag=forest src=134 bytes=3550288 rss=2167933064 live=5227239
	csg_mem tag=forest_parse_begin pass=1 src=134 reserve=140668736 rss=2173683848 live=5227283
	csg_mem tag=forest_appended src=134 forest_arena=88829512 rss=2428143944 live=5506207
	csg_mem tag=ta_stream src=134 arena=88829512 rss=2428143944 live=5506207
	csg_mem tag=forest src=135 bytes=134144 rss=2426194248 live=5506201
	csg_mem tag=forest_parse_begin pass=1 src=135 reserve=7807872 rss=2426374472 live=5506235
	csg_mem tag=forest_appended src=135 forest_arena=88829512 rss=2437482848 live=5518349
	csg_mem tag=ta_stream src=135 arena=88829512 rss=2437482848 live=5518349
	csg_mem tag=forest src=136 bytes=593121 rss=2437482848 live=5518343
	csg_mem tag=forest_parse_begin pass=1 src=136 reserve=18570208 rss=2438416736 live=5518381
	csg_mem tag=forest_appended src=136 forest_arena=88829512 rss=2452408672 live=5562317
	csg_mem tag=ta_stream src=136 arena=88829512 rss=2452408672 live=5562317
	csg_mem tag=forest src=137 bytes=17351 rss=2452408672 live=5562311
	csg_mem tag=forest_parse_begin pass=1 src=137 reserve=1215776 rss=2452408672 live=5562339
	csg_mem tag=forest_appended src=137 forest_arena=88829512 rss=2459519328 live=5565283
	csg_mem tag=ta_stream src=137 arena=88829512 rss=2459519328 live=5565283
	csg_mem tag=forest src=138 bytes=2319 rss=2459519328 live=5565277
	csg_mem tag=forest_parse_begin pass=1 src=138 reserve=152416 rss=2459519328 live=5565299
	csg_mem tag=forest_appended src=138 forest_arena=88829512 rss=2460010848 live=5565617
	csg_mem tag=ta_stream src=138 arena=88829512 rss=2460010848 live=5565617
	csg_mem tag=forest src=139 bytes=1697 rss=2460010848 live=5565611
	csg_mem tag=forest_parse_begin pass=1 src=139 reserve=123040 rss=2460010848 live=5565633
	csg_mem tag=forest_appended src=139 forest_arena=88829512 rss=2460371296 live=5565926
	csg_mem tag=ta_stream src=139 arena=88829512 rss=2460371296 live=5565926
	csg_mem tag=forest src=140 bytes=1202 rss=2460371296 live=5565920
	csg_mem tag=forest_parse_begin pass=1 src=140 reserve=118240 rss=2460387680 live=5565942
	csg_mem tag=forest_appended src=140 forest_arena=88829512 rss=2460895584 live=5566143
	csg_mem tag=ta_stream src=140 arena=88829512 rss=2460895584 live=5566143
	csg_mem tag=forest src=141 bytes=5427 rss=2460895584 live=5566137
	csg_mem tag=forest_parse_begin pass=1 src=141 reserve=352192 rss=2460911968 live=5566163
	csg_mem tag=forest_appended src=141 forest_arena=88829512 rss=2461452640 live=5566885
	csg_mem tag=ta_stream src=141 arena=88829512 rss=2461452640 live=5566885
	csg_mem tag=forest src=142 bytes=53259 rss=2461452640 live=5566879
	csg_mem tag=forest_parse_begin pass=1 src=142 reserve=2567232 rss=2461469024 live=5566911
	csg_mem tag=forest_appended src=142 forest_arena=88829512 rss=2510948728 live=5580080
	csg_mem tag=ta_stream src=142 arena=88829512 rss=2510948728 live=5580080
	csg_mem tag=forest src=143 bytes=4821 rss=2510948728 live=5580074
	csg_mem tag=forest_parse_begin pass=1 src=143 reserve=342048 rss=2510948728 live=5580100
	csg_mem tag=forest_appended src=143 forest_arena=88829512 rss=2511538552 live=5580798
	csg_mem tag=ta_stream src=143 arena=88829512 rss=2511538552 live=5580798
	csg_mem tag=forest src=144 bytes=684 rss=2511538552 live=5580792
	csg_mem tag=forest_parse_begin pass=1 src=144 reserve=88800 rss=2511538552 live=5580812
	csg_mem tag=forest_appended src=144 forest_arena=88829512 rss=2512161144 live=5580902
	csg_mem tag=ta_stream src=144 arena=88829512 rss=2512161144 live=5580902
	csg_mem tag=forest src=145 bytes=706 rss=2512161144 live=5580896
	csg_mem tag=forest_parse_begin pass=1 src=145 reserve=89248 rss=2512161144 live=5580916
	csg_mem tag=forest_appended src=145 forest_arena=88829512 rss=2512767352 live=5581014
	csg_mem tag=ta_stream src=145 arena=88829512 rss=2512767352 live=5581014
	csg_mem tag=forest src=146 bytes=7097 rss=2512767352 live=5581008
	csg_mem tag=forest_parse_begin pass=1 src=146 reserve=457920 rss=2512767352 live=5581034
	csg_mem tag=forest_appended src=146 forest_arena=88829512 rss=2515552632 live=5582169
	csg_mem tag=ta_stream src=146 arena=88829512 rss=2515552632 live=5582169
	csg_mem tag=forest src=147 bytes=8518 rss=2515552632 live=5582163
	csg_mem tag=forest_parse_begin pass=1 src=147 reserve=551904 rss=2515569016 live=5582189
	csg_mem tag=forest_appended src=147 forest_arena=88829512 rss=2518387088 live=5583051
	csg_mem tag=ta_stream src=147 arena=88829512 rss=2518387088 live=5583051
	csg_mem tag=forest src=148 bytes=171411 rss=2518387088 live=5583045
	csg_mem tag=forest_parse_begin pass=1 src=148 reserve=8131232 rss=2518698384 live=5583079
	csg_mem tag=forest_appended src=148 forest_arena=88829512 rss=2536360360 live=5607399
	csg_mem tag=ta_stream src=148 arena=88829512 rss=2536360360 live=5607399
	csg_mem tag=forest src=149 bytes=49447 rss=2536360360 live=5607393
	csg_mem tag=forest_parse_begin pass=1 src=149 reserve=2269504 rss=2536475048 live=5607425
	csg_mem tag=forest_appended src=149 forest_arena=88829512 rss=2548730280 live=5611823
	csg_mem tag=ta_stream src=149 arena=88829512 rss=2548730280 live=5611823
	csg_mem tag=forest src=150 bytes=15928 rss=2548730280 live=5611817
	csg_mem tag=forest_parse_begin pass=1 src=150 reserve=825312 rss=2548746664 live=5611845
	csg_mem tag=forest_appended src=150 forest_arena=88829512 rss=2551810472 live=5613757
	csg_mem tag=ta_stream src=150 arena=88829512 rss=2551810472 live=5613757
	csg_mem tag=forest src=151 bytes=1861 rss=2551810472 live=5613751
	csg_mem tag=forest_parse_begin pass=1 src=151 reserve=152224 rss=2551810472 live=5613773
	csg_mem tag=forest_appended src=151 forest_arena=88829512 rss=2552547752 live=5614121
	csg_mem tag=ta_stream src=151 arena=88829512 rss=2552547752 live=5614121
	csg_mem tag=forest src=152 bytes=1128 rss=2552547752 live=5614115
	csg_mem tag=forest_parse_begin pass=1 src=152 reserve=131584 rss=2552564136 live=5614135
	csg_mem tag=forest_appended src=152 forest_arena=88829512 rss=2553268648 live=5614284
	csg_mem tag=ta_stream src=152 arena=88829512 rss=2553268648 live=5614284
	csg_mem tag=forest src=153 bytes=1513 rss=2553268648 live=5614278
	csg_mem tag=forest_parse_begin pass=1 src=153 reserve=119584 rss=2553268648 live=5614300
	csg_mem tag=forest_appended src=153 forest_arena=88829512 rss=2553924008 live=5614582
	csg_mem tag=ta_stream src=153 arena=88829512 rss=2553924008 live=5614582
	csg_mem tag=forest src=154 bytes=463934 rss=2553924008 live=5614576
	csg_mem tag=forest_parse_begin pass=1 src=154 reserve=18578528 rss=2554677672 live=5614614
	csg_mem tag=forest_appended src=154 forest_arena=88829512 rss=2589444520 live=5651095
	csg_mem tag=ta_stream src=154 arena=88829512 rss=2589444520 live=5651095
	csg_mem tag=forest src=155 bytes=13667 rss=2589444520 live=5651089
	csg_mem tag=forest_parse_begin pass=1 src=155 reserve=603616 rss=2589477288 live=5651115
	csg_mem tag=forest_appended src=155 forest_arena=88829512 rss=2589968808 live=5651953
	csg_mem tag=ta_stream src=155 arena=88829512 rss=2589968808 live=5651953
	csg_mem tag=forest src=156 bytes=38093 rss=2589968808 live=5651947
	csg_mem tag=forest_parse_begin pass=1 src=156 reserve=2080032 rss=2590001576 live=5651979
	csg_mem tag=forest_appended src=156 forest_arena=88829512 rss=2592623016 live=5655689
	csg_mem tag=ta_stream src=156 arena=88829512 rss=2592623016 live=5655689
	csg_mem tag=forest src=157 bytes=11977 rss=2592623016 live=5655683
	csg_mem tag=forest_parse_begin pass=1 src=157 reserve=644640 rss=2592623016 live=5655711
	csg_mem tag=forest_appended src=157 forest_arena=88829512 rss=2595080616 live=5657064
	csg_mem tag=ta_stream src=157 arena=88829512 rss=2595080616 live=5657064
	csg_mem tag=forest src=158 bytes=2184453 rss=2595080616 live=5657058
	csg_mem tag=forest_parse_begin pass=1 src=158 reserve=73477216 rss=2597636520 live=5657100
