	csg_mem tag=import_edges_resolved rss=401556272 live=886767
	csg_mem tag=metadata_contexts_built rss=598770624 live=1498589
	csg_mem tag=forest_build_start mode=reparse rss=604439488 live=1507621
	csg_mem tag=forest src=0 bytes=7371 rss=604439488 live=1507623
	csg_mem tag=forest_parse_begin pass=0 src=0 reserve=0 rss=604488640 live=1507642
	csg_mem tag=forest_parse_end pass=0 src=0 arena=267456 parse_ms=10 rss=604931008 live=1508145
	csg_mem tag=forest_parsed src=0 arena=267456 rss=604931008 live=1508145
	csg_mem tag=forest src=1 bytes=9952 rss=604652480 live=1508178
	csg_mem tag=forest_parse_begin pass=0 src=1 reserve=0 rss=604668864 live=1508199
	csg_mem tag=forest_parse_end pass=0 src=1 arena=524864 parse_ms=17 rss=605389760 live=1509273
	csg_mem tag=forest_parsed src=1 arena=524864 rss=605389760 live=1509273
	csg_mem tag=forest src=2 bytes=817253 rss=604881856 live=1509278
	csg_mem tag=forest_parse_begin pass=0 src=2 reserve=0 rss=608076760 live=1509311
	csg_mem tag=forest_parse_end pass=0 src=2 arena=33621952 parse_ms=1046 rss=644498440 live=1553151
	csg_mem tag=forest_parsed src=2 arena=33621952 rss=644498440 live=1553151
	csg_mem tag=forest src=3 bytes=94454 rss=610042840 live=1553161
	csg_mem tag=forest_parse_begin pass=0 src=3 reserve=0 rss=610042840 live=1553186
	csg_mem tag=forest_parse_end pass=0 src=3 arena=2923808 parse_ms=91 rss=613499864 live=1557040
	csg_mem tag=forest_parsed src=3 arena=2923808 rss=613499864 live=1557040
	csg_mem tag=forest src=4 bytes=59923 rss=610567128 live=1557027
	csg_mem tag=forest_parse_begin pass=0 src=4 reserve=0 rss=610599896 live=1557052
	csg_mem tag=forest_parse_end pass=0 src=4 arena=2089344 parse_ms=59 rss=613139416 live=1559651
	csg_mem tag=forest_parsed src=4 arena=2089344 rss=613139416 live=1559651
	csg_mem tag=forest src=5 bytes=136411 rss=611042264 live=1559647
	csg_mem tag=forest_parse_begin pass=0 src=5 reserve=0 rss=611353560 live=1559674
	csg_mem tag=forest_parse_end pass=0 src=5 arena=4658880 parse_ms=162 rss=616891376 live=1566212
	csg_mem tag=forest_parsed src=5 arena=4658880 rss=616891376 live=1566212
	csg_mem tag=forest src=6 bytes=164754 rss=612221912 live=1566202
	csg_mem tag=forest_parse_begin pass=0 src=6 reserve=0 rss=612434904 live=1566229
	csg_mem tag=forest_parse_end pass=0 src=6 arena=7788096 parse_ms=185 rss=620495856 live=1573482
	csg_mem tag=forest_parsed src=6 arena=7788096 rss=620495856 live=1573482
	csg_mem tag=forest src=7 bytes=126542 rss=613630936 live=1573468
	csg_mem tag=forest_parse_begin pass=0 src=7 reserve=0 rss=613975000 live=1573495
	csg_mem tag=forest_parse_end pass=0 src=7 arena=4544352 parse_ms=150 rss=619316208 live=1580253
	csg_mem tag=forest_parsed src=7 arena=4544352 rss=619316208 live=1580253
	csg_mem tag=forest src=8 bytes=108814 rss=614745048 live=1580243
	csg_mem tag=forest_parse_begin pass=0 src=8 reserve=0 rss=614990808 live=1580270
	csg_mem tag=forest_parse_end pass=0 src=8 arena=4364704 parse_ms=144 rss=619906032 live=1586397
	csg_mem tag=forest_parsed src=8 arena=4364704 rss=619922416 live=1586397
	csg_mem tag=forest src=9 bytes=97046 rss=615531480 live=1586397
	csg_mem tag=forest_parse_begin pass=0 src=9 reserve=0 rss=615629784 live=1586422
	csg_mem tag=forest_parse_end pass=0 src=9 arena=3957344 parse_ms=107 rss=619660248 live=1591162
	csg_mem tag=forest_parsed src=9 arena=3957344 rss=619660248 live=1591162
	csg_mem tag=forest src=10 bytes=263042 rss=615695320 live=1591149
	csg_mem tag=forest_parse_begin pass=0 src=10 reserve=0 rss=615826392 live=1591178
	csg_mem tag=forest_parse_end pass=0 src=10 arena=9308960 parse_ms=337 rss=625509360 live=1605894
	csg_mem tag=forest_parsed src=10 arena=9308960 rss=625509360 live=1605894
	csg_mem tag=forest src=11 bytes=30477 rss=615957464 live=1605917
	csg_mem tag=forest_parse_begin pass=0 src=11 reserve=0 rss=615973848 live=1605940
	csg_mem tag=forest_parse_end pass=0 src=11 arena=2263584 parse_ms=65 rss=618382296 live=1609809
	csg_mem tag=forest_parsed src=11 arena=2263584 rss=618382296 live=1609809
	csg_mem tag=forest src=12 bytes=17051 rss=616104920 live=1609795
	csg_mem tag=forest_parse_begin pass=0 src=12 reserve=0 rss=616121304 live=1609816
	csg_mem tag=forest_parse_end pass=0 src=12 arena=779168 parse_ms=20 rss=616924120 live=1610782
	csg_mem tag=forest_parsed src=12 arena=779168 rss=616924120 live=1610782
	csg_mem tag=forest src=13 bytes=11252 rss=616137688 live=1610768
	csg_mem tag=forest_parse_begin pass=0 src=13 reserve=0 rss=616154072 live=1610787
	csg_mem tag=forest_parse_end pass=0 src=13 arena=574720 parse_ms=23 rss=616825816 live=1611645
	csg_mem tag=forest_parsed src=13 arena=574720 rss=616825816 live=1611645
	csg_mem tag=forest src=14 bytes=520230 rss=616235992 live=1611631
	csg_mem tag=forest_parse_begin pass=0 src=14 reserve=0 rss=616383448 live=1611662
	csg_mem tag=forest_parse_end pass=0 src=14 arena=42641152 parse_ms=1040 rss=659735560 live=1651203
	csg_mem tag=forest_parsed src=14 arena=42641152 rss=659735560 live=1651203
	csg_mem tag=forest src=15 bytes=1170 rss=617022424 live=1651189
	csg_mem tag=forest_parse_begin pass=0 src=15 reserve=0 rss=617022424 live=1651202
	csg_mem tag=forest_parse_end pass=0 src=15 arena=20544 parse_ms=1 rss=617022424 live=1651238
	csg_mem tag=forest_parsed src=15 arena=20544 rss=617022424 live=1651238
	csg_mem tag=forest src=16 bytes=99478 rss=617022424 live=1651224
	csg_mem tag=forest_parse_begin pass=0 src=16 reserve=0 rss=617137112 live=1651249
	csg_mem tag=forest_parse_end pass=0 src=16 arena=3435744 parse_ms=100 rss=620610520 live=1657235
	csg_mem tag=forest_parsed src=16 arena=3435744 rss=620610520 live=1657235
	csg_mem tag=forest src=17 bytes=1232 rss=617169880 live=1657241
	csg_mem tag=forest_parse_begin pass=0 src=17 reserve=0 rss=617169880 live=1657254
	csg_mem tag=forest_parse_end pass=0 src=17 arena=9408 parse_ms=0 rss=617169880 live=1657285
	csg_mem tag=forest_parsed src=17 arena=9408 rss=617169880 live=1657285
	csg_mem tag=forest src=18 bytes=1854 rss=617169880 live=1657271
	csg_mem tag=forest_parse_begin pass=0 src=18 reserve=0 rss=617169880 live=1657284
	csg_mem tag=forest_parse_end pass=0 src=18 arena=11776 parse_ms=0 rss=617186264 live=1657325
	csg_mem tag=forest_parsed src=18 arena=11776 rss=617186264 live=1657325
	csg_mem tag=forest src=19 bytes=3277 rss=617186264 live=1657311
	csg_mem tag=forest_parse_begin pass=0 src=19 reserve=0 rss=617186264 live=1657326
	csg_mem tag=forest_parse_end pass=0 src=19 arena=82848 parse_ms=2 rss=617202648 live=1657509
	csg_mem tag=forest_parsed src=19 arena=82848 rss=617202648 live=1657509
	csg_mem tag=forest src=20 bytes=7479 rss=617202648 live=1657495
	csg_mem tag=forest_parse_begin pass=0 src=20 reserve=0 rss=617219032 live=1657514
	csg_mem tag=forest_parse_end pass=0 src=20 arena=282240 parse_ms=10 rss=617530328 live=1657947
	csg_mem tag=forest_parsed src=20 arena=282240 rss=617530328 live=1657947
	csg_mem tag=forest src=21 bytes=3268 rss=617235416 live=1657933
	csg_mem tag=forest_parse_begin pass=0 src=21 reserve=0 rss=617235416 live=1657950
	csg_mem tag=forest_parse_end pass=0 src=21 arena=84416 parse_ms=2 rss=617235416 live=1658039
	csg_mem tag=forest_parsed src=21 arena=84416 rss=617235416 live=1658039
	csg_mem tag=forest src=22 bytes=89269 rss=617235416 live=1658025
	csg_mem tag=forest_parse_begin pass=0 src=22 reserve=0 rss=617251800 live=1658052
	csg_mem tag=forest_parse_end pass=0 src=22 arena=4664544 parse_ms=179 rss=621970416 live=1665927
	csg_mem tag=forest_parsed src=22 arena=4664544 rss=621970416 live=1665927
	csg_mem tag=forest src=23 bytes=25398 rss=617317336 live=1665919
	csg_mem tag=forest_parse_begin pass=0 src=23 reserve=0 rss=617317336 live=1665942
	csg_mem tag=forest_parse_end pass=0 src=23 arena=2018560 parse_ms=53 rss=619365336 live=1668817
	csg_mem tag=forest_parsed src=23 arena=2018560 rss=619365336 live=1668817
	csg_mem tag=forest src=24 bytes=36083 rss=617333720 live=1668804
	csg_mem tag=forest_parse_begin pass=0 src=24 reserve=0 rss=617350104 live=1668827
	csg_mem tag=forest_parse_end pass=0 src=24 arena=1539552 parse_ms=47 rss=619004888 live=1671540
	csg_mem tag=forest_parsed src=24 arena=1539552 rss=619004888 live=1671540
	csg_mem tag=forest src=25 bytes=29310 rss=617464792 live=1671541
	csg_mem tag=forest_parse_begin pass=0 src=25 reserve=0 rss=617481176 live=1671564
	csg_mem tag=forest_parse_end pass=0 src=25 arena=1136928 parse_ms=34 rss=618709976 live=1672846
	csg_mem tag=forest_parsed src=25 arena=1136928 rss=618709976 live=1672846
	csg_mem tag=forest src=26 bytes=21459 rss=617563096 live=1672832
	csg_mem tag=forest_parse_begin pass=0 src=26 reserve=0 rss=617563096 live=1672853
	csg_mem tag=forest_parse_end pass=0 src=26 arena=1099968 parse_ms=36 rss=618709976 live=1673950
	csg_mem tag=forest_parsed src=26 arena=1099968 rss=618709976 live=1673950
	csg_mem tag=forest src=27 bytes=1082 rss=617595864 live=1673936
	csg_mem tag=forest_parse_begin pass=0 src=27 reserve=0 rss=617612248 live=1673949
	csg_mem tag=forest_parse_end pass=0 src=27 arena=64576 parse_ms=2 rss=617612248 live=1674015
	csg_mem tag=forest_parsed src=27 arena=64576 rss=617612248 live=1674015
	csg_mem tag=forest src=28 bytes=5750 rss=617612248 live=1674001
	csg_mem tag=forest_parse_begin pass=0 src=28 reserve=0 rss=617612248 live=1674020
	csg_mem tag=forest_parse_end pass=0 src=28 arena=260320 parse_ms=8 rss=617956312 live=1674527
	csg_mem tag=forest_parsed src=28 arena=260320 rss=617956312 live=1674527
	csg_mem tag=forest src=29 bytes=59609 rss=617694168 live=1674514
	csg_mem tag=forest_parse_begin pass=0 src=29 reserve=0 rss=617694168 live=1674539
	csg_mem tag=forest_parse_end pass=0 src=29 arena=3234976 parse_ms=80 rss=621102040 live=1678355
	csg_mem tag=forest_parsed src=29 arena=3234976 rss=621102040 live=1678355
	csg_mem tag=forest src=30 bytes=50794 rss=617858008 live=1678345
	csg_mem tag=forest_parse_begin pass=0 src=30 reserve=0 rss=617874392 live=1678370
	csg_mem tag=forest_parse_end pass=0 src=30 arena=2238272 parse_ms=76 rss=620315608 live=1682109
	csg_mem tag=forest_parsed src=30 arena=2238272 rss=620315608 live=1682109
	csg_mem tag=forest src=31 bytes=52710 rss=618071000 live=1682103
	csg_mem tag=forest_parse_begin pass=0 src=31 reserve=0 rss=618103768 live=1682128
	csg_mem tag=forest_parse_end pass=0 src=31 arena=2247424 parse_ms=74 rss=620954584 live=1685236
	csg_mem tag=forest_parsed src=31 arena=2247424 rss=620954584 live=1685236
	csg_mem tag=forest src=32 bytes=2252 rss=618693592 live=1685224
	csg_mem tag=forest_parse_begin pass=0 src=32 reserve=0 rss=618693592 live=1685239
	csg_mem tag=forest_parse_end pass=0 src=32 arena=95584 parse_ms=2 rss=618726360 live=1685387
	csg_mem tag=forest_parsed src=32 arena=95584 rss=618726360 live=1685387
	csg_mem tag=forest src=33 bytes=48367 rss=618726360 live=1685384
	csg_mem tag=forest_parse_begin pass=0 src=33 reserve=0 rss=618808280 live=1685407
	csg_mem tag=forest_parse_end pass=0 src=33 arena=1983616 parse_ms=62 rss=620987352 live=1688600
	csg_mem tag=forest_parsed src=33 arena=1983616 rss=621003736 live=1688600
	csg_mem tag=forest src=34 bytes=16779 rss=619037656 live=1688589
	csg_mem tag=forest_parse_begin pass=0 src=34 reserve=0 rss=619103192 live=1688610
	csg_mem tag=forest_parse_end pass=0 src=34 arena=1070528 parse_ms=29 rss=620217304 live=1689817
	csg_mem tag=forest_parsed src=34 arena=1070528 rss=620217304 live=1689817
	csg_mem tag=forest src=35 bytes=241090 rss=619152344 live=1689814
	csg_mem tag=forest_parse_begin pass=0 src=35 reserve=0 rss=619267032 live=1689843
	csg_mem tag=forest_parse_end pass=0 src=35 arena=9242720 parse_ms=399 rss=629015536 live=1701979
	csg_mem tag=forest_parsed src=35 arena=9242720 rss=629015536 live=1701979
	csg_mem tag=forest src=36 bytes=21751 rss=619807704 live=1701966
	csg_mem tag=forest_parse_begin pass=0 src=36 reserve=0 rss=619824088 live=1701989
	csg_mem tag=forest_parse_end pass=0 src=36 arena=1131168 parse_ms=33 rss=620970968 live=1703230
	csg_mem tag=forest_parsed src=36 arena=1131168 rss=620970968 live=1703230
	csg_mem tag=forest src=37 bytes=91449 rss=619840472 live=1703219
	csg_mem tag=forest_parse_begin pass=0 src=37 reserve=0 rss=619856856 live=1703246
	csg_mem tag=forest_parse_end pass=0 src=37 arena=7943136 parse_ms=206 rss=627606512 live=1713034
	csg_mem tag=forest_parsed src=37 arena=7943136 rss=627606512 live=1713034
	csg_mem tag=forest src=38 bytes=22555 rss=620168152 live=1713026
	csg_mem tag=forest_parse_begin pass=0 src=38 reserve=0 rss=620184536 live=1713049
	csg_mem tag=forest_parse_end pass=0 src=38 arena=1179904 parse_ms=45 rss=621478872 live=1715762
	csg_mem tag=forest_parsed src=38 arena=1179904 rss=621478872 live=1715762
	csg_mem tag=forest src=39 bytes=16869 rss=620282840 live=1715749
	csg_mem tag=forest_parse_begin pass=0 src=39 reserve=0 rss=620282840 live=1715770
	csg_mem tag=forest_parse_end pass=0 src=39 arena=1112096 parse_ms=36 rss=621495256 live=1717867
	csg_mem tag=forest_parsed src=39 arena=1112096 rss=621495256 live=1717867
	csg_mem tag=forest src=40 bytes=42339 rss=620381144 live=1717854
	csg_mem tag=forest_parse_begin pass=0 src=40 reserve=0 rss=620446680 live=1717877
	csg_mem tag=forest_parse_end pass=0 src=40 arena=3115232 parse_ms=103 rss=623707096 live=1723114
	csg_mem tag=forest_parsed src=40 arena=3115232 rss=623707096 live=1723114
	csg_mem tag=forest src=41 bytes=16263 rss=620594136 live=1723105
	csg_mem tag=forest_parse_begin pass=0 src=41 reserve=0 rss=620594136 live=1723126
	csg_mem tag=forest_parse_end pass=0 src=41 arena=1044768 parse_ms=34 rss=621790168 live=1725327
	csg_mem tag=forest_parsed src=41 arena=1044768 rss=621790168 live=1725327
	csg_mem tag=forest src=42 bytes=14980 rss=620741592 live=1725314
	csg_mem tag=forest_parse_begin pass=0 src=42 reserve=0 rss=620790744 live=1725335
	csg_mem tag=forest_parse_end pass=0 src=42 arena=1044640 parse_ms=33 rss=621872088 live=1727390
	csg_mem tag=forest_parsed src=42 arena=1044640 rss=621872088 live=1727390
	csg_mem tag=forest src=43 bytes=1470 rss=620823512 live=1727377
	csg_mem tag=forest_parse_begin pass=0 src=43 reserve=0 rss=620823512 live=1727392
	csg_mem tag=forest_parse_end pass=0 src=43 arena=68320 parse_ms=2 rss=620839896 live=1727483
	csg_mem tag=forest_parsed src=43 arena=68320 rss=620839896 live=1727483
	csg_mem tag=forest src=44 bytes=45177 rss=620839896 live=1727469
	csg_mem tag=forest_parse_begin pass=0 src=44 reserve=0 rss=620889048 live=1727494
	csg_mem tag=forest_parse_end pass=0 src=44 arena=2183520 parse_ms=65 rss=623150040 live=1730092
	csg_mem tag=forest_parsed src=44 arena=2183520 rss=623150040 live=1730092
	csg_mem tag=forest src=45 bytes=3258 rss=620954584 live=1730080
	csg_mem tag=forest_parse_begin pass=0 src=45 reserve=0 rss=620954584 live=1730097
	csg_mem tag=forest_parse_end pass=0 src=45 arena=205280 parse_ms=7 rss=621183960 live=1730309
	csg_mem tag=forest_parsed src=45 arena=205280 rss=621183960 live=1730309
	csg_mem tag=forest src=46 bytes=1452 rss=620970968 live=1730295
	csg_mem tag=forest_parse_begin pass=0 src=46 reserve=0 rss=620970968 live=1730310
	csg_mem tag=forest_parse_end pass=0 src=46 arena=42336 parse_ms=1 rss=621003736 live=1730414
	csg_mem tag=forest_parsed src=46 arena=42336 rss=621003736 live=1730414
	csg_mem tag=forest src=47 bytes=1498710 rss=621003736 live=1730400
	csg_mem tag=forest_parse_begin pass=0 src=47 reserve=0 rss=624067544 live=1730433
	csg_mem tag=forest_parse_end pass=0 src=47 arena=63019392 parse_ms=1863 rss=683623456 live=1798600
	csg_mem tag=forest_parsed src=47 arena=63019392 rss=683623456 live=1798600
	csg_mem tag=forest src=48 bytes=15407 rss=625378264 live=1798646
	csg_mem tag=forest_parse_begin pass=0 src=48 reserve=0 rss=625378264 live=1798667
	csg_mem tag=forest_parse_end pass=0 src=48 arena=978976 parse_ms=23 rss=626410456 live=1799577
	csg_mem tag=forest_parsed src=48 arena=978976 rss=626426840 live=1799577
	csg_mem tag=forest src=49 bytes=36412 rss=625443800 live=1799564
	csg_mem tag=forest_parse_begin pass=0 src=49 reserve=0 rss=625443800 live=1799587
	csg_mem tag=forest_parse_end pass=0 src=49 arena=2226944 parse_ms=77 rss=627819480 live=1803448
	csg_mem tag=forest_parsed src=49 arena=2226944 rss=627819480 live=1803448
	csg_mem tag=forest src=50 bytes=212055 rss=625591256 live=1803435
	csg_mem tag=forest_parse_begin pass=0 src=50 reserve=0 rss=625787864 live=1803462
	csg_mem tag=forest_parse_end pass=0 src=50 arena=9190592 parse_ms=360 rss=635945968 live=1817941
	csg_mem tag=forest_parsed src=50 arena=9190592 rss=635945968 live=1817941
	csg_mem tag=forest src=51 bytes=714 rss=626787288 live=1817939
	csg_mem tag=forest_parse_begin pass=0 src=51 reserve=0 rss=626787288 live=1817952
	csg_mem tag=forest_parse_end pass=0 src=51 arena=37568 parse_ms=1 rss=626787288 live=1818012
	csg_mem tag=forest_parsed src=51 arena=37568 rss=626787288 live=1818012
	csg_mem tag=forest src=52 bytes=15736 rss=626787288 live=1817998
	csg_mem tag=forest_parse_begin pass=0 src=52 reserve=0 rss=626820056 live=1818019
	csg_mem tag=forest_parse_end pass=0 src=52 arena=565856 parse_ms=19 rss=627393496 live=1818890
	csg_mem tag=forest_parsed src=52 arena=565856 rss=627393496 live=1818890
	csg_mem tag=forest src=53 bytes=15907 rss=626820056 live=1818876
	csg_mem tag=forest_parse_begin pass=0 src=53 reserve=0 rss=626836440 live=1818897
	csg_mem tag=forest_parse_end pass=0 src=53 arena=748160 parse_ms=22 rss=627606488 live=1819958
	csg_mem tag=forest_parsed src=53 arena=748160 rss=627606488 live=1819958
	csg_mem tag=forest src=54 bytes=18039 rss=626852824 live=1819947
	csg_mem tag=forest_parse_begin pass=0 src=54 reserve=0 rss=626852824 live=1819968
	csg_mem tag=forest_parse_end pass=0 src=54 arena=972064 parse_ms=25 rss=627852248 live=1820908
	csg_mem tag=forest_parsed src=54 arena=972064 rss=627868632 live=1820908
	csg_mem tag=forest src=55 bytes=7239 rss=626885592 live=1820896
	csg_mem tag=forest_parse_begin pass=0 src=55 reserve=0 rss=626885592 live=1820915
	csg_mem tag=forest_parse_end pass=0 src=55 arena=562848 parse_ms=17 rss=627475416 live=1821543
	csg_mem tag=forest_parsed src=55 arena=562848 rss=627475416 live=1821543
	csg_mem tag=forest src=56 bytes=11717 rss=626901976 live=1821530
	csg_mem tag=forest_parse_begin pass=0 src=56 reserve=0 rss=626934744 live=1821551
	csg_mem tag=forest_parse_end pass=0 src=56 arena=540640 parse_ms=17 rss=627475416 live=1822358
	csg_mem tag=forest_parsed src=56 arena=540640 rss=627475416 live=1822358
	csg_mem tag=forest src=57 bytes=2498 rss=626934744 live=1822346
	csg_mem tag=forest_parse_begin pass=0 src=57 reserve=0 rss=626951128 live=1822363
	csg_mem tag=forest_parse_end pass=0 src=57 arena=108032 parse_ms=3 rss=626951128 live=1822511
	csg_mem tag=forest_parsed src=57 arena=108032 rss=626951128 live=1822511
	csg_mem tag=forest src=58 bytes=9947 rss=626951128 live=1822500
	csg_mem tag=forest_parse_begin pass=0 src=58 reserve=0 rss=626983896 live=1822521
	csg_mem tag=forest_parse_end pass=0 src=58 arena=562528 parse_ms=17 rss=627573720 live=1823191
	csg_mem tag=forest_parsed src=58 arena=562528 rss=627573720 live=1823191
	csg_mem tag=forest src=59 bytes=59910 rss=627000280 live=1823179
	csg_mem tag=forest_parse_begin pass=0 src=59 reserve=0 rss=627049432 live=1823204
	csg_mem tag=forest_parse_end pass=0 src=59 arena=2329920 parse_ms=81 rss=629474264 live=1826417
	csg_mem tag=forest_parsed src=59 arena=2329920 rss=629474264 live=1826417
	csg_mem tag=forest src=60 bytes=4463 rss=627147736 live=1826406
	csg_mem tag=forest_parse_begin pass=0 src=60 reserve=0 rss=627147736 live=1826423
	csg_mem tag=forest_parse_end pass=0 src=60 arena=246432 parse_ms=6 rss=627557336 live=1826736
	csg_mem tag=forest_parsed src=60 arena=246432 rss=627557336 live=1826736
	csg_mem tag=forest src=61 bytes=4513921 rss=627295192 live=1826722
	csg_mem tag=forest_parse_begin pass=0 src=61 reserve=0 rss=635667416 live=1826759
	csg_mem tag=forest_parse_end pass=0 src=61 arena=140260800 parse_ms=7491 rss=702186576 live=2024763
	csg_mem tag=forest_parsed src=61 arena=140260800 rss=702186576 live=2024763
	csg_mem tag=forest src=62 bytes=214132 rss=556631000 live=2024776
	csg_mem tag=forest_parse_begin pass=0 src=62 reserve=0 rss=556794840 live=2024805
	csg_mem tag=forest_parse_end pass=0 src=62 arena=9147168 parse_ms=322 rss=566068208 live=2037709
	csg_mem tag=forest_parsed src=62 arena=9147168 rss=566068208 live=2037709
	csg_mem tag=forest src=63 bytes=146632 rss=556942296 live=2037695
	csg_mem tag=forest_parse_begin pass=0 src=63 reserve=0 rss=557024216 live=2037722
	csg_mem tag=forest_parse_end pass=0 src=63 arena=7895328 parse_ms=216 rss=565019632 live=2046407
	csg_mem tag=forest_parsed src=63 arena=7895328 rss=565019632 live=2046407
	csg_mem tag=forest src=64 bytes=60278 rss=557106136 live=2046401
	csg_mem tag=forest_parse_begin pass=0 src=64 reserve=0 rss=557138904 live=2046426
	csg_mem tag=forest_parse_end pass=0 src=64 arena=2237760 parse_ms=75 rss=559399896 live=2049789
	csg_mem tag=forest_parsed src=64 arena=2237760 rss=559399896 live=2049789
	csg_mem tag=forest src=65 bytes=26513 rss=557155288 live=2049788
	csg_mem tag=forest_parse_begin pass=0 src=65 reserve=0 rss=557171672 live=2049811
	csg_mem tag=forest_parse_end pass=0 src=65 arena=1929824 parse_ms=44 rss=559104984 live=2052143
	csg_mem tag=forest_parsed src=65 arena=1929824 rss=559104984 live=2052143
	csg_mem tag=forest src=66 bytes=115864 rss=557171672 live=2052129
	csg_mem tag=forest_parse_begin pass=0 src=66 reserve=0 rss=557171672 live=2052156
	csg_mem tag=forest_parse_end pass=0 src=66 arena=7864864 parse_ms=195 rss=564708336 live=2061362
	csg_mem tag=forest_parsed src=66 arena=7864864 rss=564708336 live=2061362
	csg_mem tag=forest src=67 bytes=342860 rss=557335512 live=2061350
	csg_mem tag=forest_parse_begin pass=0 src=67 reserve=0 rss=557335512 live=2061379
	csg_mem tag=forest_parse_end pass=0 src=67 arena=15735424 parse_ms=473 rss=572523504 live=2087202
	csg_mem tag=forest_parsed src=67 arena=15735424 rss=572523504 live=2087202
	csg_mem tag=forest src=68 bytes=93793 rss=557450200 live=2087201
	csg_mem tag=forest_parse_begin pass=0 src=68 reserve=0 rss=557482968 live=2087228
	csg_mem tag=forest_parse_end pass=0 src=68 arena=4499488 parse_ms=154 rss=562086896 live=2093346
	csg_mem tag=forest_parsed src=68 arena=4499488 rss=562086896 live=2093346
	csg_mem tag=forest src=69 bytes=18553 rss=557581272 live=2093333
	csg_mem tag=forest_parse_begin pass=0 src=69 reserve=0 rss=557597656 live=2093354
	csg_mem tag=forest_parse_end pass=0 src=69 arena=1560128 parse_ms=49 rss=559301592 live=2096611
	csg_mem tag=forest_parsed src=69 arena=1560128 rss=559301592 live=2096611
	csg_mem tag=forest src=70 bytes=23302 rss=557728728 live=2096597
	csg_mem tag=forest_parse_begin pass=0 src=70 reserve=0 rss=557728728 live=2096620
	csg_mem tag=forest_parse_end pass=0 src=70 arena=1078944 parse_ms=34 rss=558810072 live=2098687
	csg_mem tag=forest_parsed src=70 arena=1078944 rss=558810072 live=2098687
	csg_mem tag=forest src=71 bytes=12094 rss=557728728 live=2098682
	csg_mem tag=forest_parse_begin pass=0 src=71 reserve=0 rss=557728728 live=2098701
	csg_mem tag=forest_parse_end pass=0 src=71 arena=484512 parse_ms=14 rss=558220248 live=2099329
	csg_mem tag=forest_parsed src=71 arena=484512 rss=558220248 live=2099329
	csg_mem tag=forest src=72 bytes=373101 rss=557728728 live=2099317
	csg_mem tag=forest_parse_begin pass=0 src=72 reserve=0 rss=557925336 live=2099346
	csg_mem tag=forest_parse_end pass=0 src=72 arena=15793504 parse_ms=429 rss=573342704 live=2117388
	csg_mem tag=forest_parsed src=72 arena=15793504 rss=573342704 live=2117388
	csg_mem tag=forest src=73 bytes=5619 rss=558187480 live=2117391
	csg_mem tag=forest_parse_begin pass=0 src=73 reserve=0 rss=558187480 live=2117410
	csg_mem tag=forest_parse_end pass=0 src=73 arena=206048 parse_ms=7 rss=558547928 live=2117829
	csg_mem tag=forest_parsed src=73 arena=206048 rss=558547928 live=2117829
	csg_mem tag=forest src=74 bytes=256078 rss=558334936 live=2117815
	csg_mem tag=forest_parse_begin pass=0 src=74 reserve=0 rss=558515160 live=2117844
	csg_mem tag=forest_parse_end pass=0 src=74 arena=9120128 parse_ms=321 rss=567641072 live=2129201
	csg_mem tag=forest_parsed src=74 arena=9120128 rss=567641072 live=2129201
	csg_mem tag=forest src=75 bytes=228229 rss=558547928 live=2129193
	csg_mem tag=forest_parse_begin pass=0 src=75 reserve=0 rss=558728152 live=2129222
	csg_mem tag=forest_parse_end pass=0 src=75 arena=8998336 parse_ms=293 rss=567772144 live=2140683
	csg_mem tag=forest_parsed src=75 arena=8998336 rss=567772144 live=2140683
	csg_mem tag=forest src=76 bytes=9159 rss=558744536 live=2140679
	csg_mem tag=forest_parse_begin pass=0 src=76 reserve=0 rss=558744536 live=2140700
	csg_mem tag=forest_parse_end pass=0 src=76 arena=481184 parse_ms=12 rss=559236056 live=2140965
	csg_mem tag=forest_parsed src=76 arena=481184 rss=559236056 live=2140965
	csg_mem tag=forest src=77 bytes=207027 rss=558744536 live=2140951
	csg_mem tag=forest_parse_begin pass=0 src=77 reserve=0 rss=558810072 live=2140980
	csg_mem tag=forest_parse_end pass=0 src=77 arena=9306368 parse_ms=331 rss=568460272 live=2155188
	csg_mem tag=forest_parsed src=77 arena=9306368 rss=568460272 live=2155188
	csg_mem tag=forest src=78 bytes=21659 rss=559170520 live=2155174
	csg_mem tag=forest_parse_begin pass=0 src=78 reserve=0 rss=559186904 live=2155195
	csg_mem tag=forest_parse_end pass=0 src=78 arena=897152 parse_ms=26 rss=560120792 live=2156256
	csg_mem tag=forest_parsed src=78 arena=897152 rss=560120792 live=2156256
	csg_mem tag=forest src=79 bytes=138950 rss=559219672 live=2156242
	csg_mem tag=forest_parse_begin pass=0 src=79 reserve=0 rss=559236056 live=2156269
	csg_mem tag=forest_parse_end pass=0 src=79 arena=7673728 parse_ms=193 rss=567034864 live=2165961
	csg_mem tag=forest_parsed src=79 arena=7673728 rss=567034864 live=2165961
	csg_mem tag=forest src=80 bytes=16818 rss=559858648 live=2165947
	csg_mem tag=forest_parse_begin pass=0 src=80 reserve=0 rss=559875032 live=2165968
	csg_mem tag=forest_parse_end pass=0 src=80 arena=580096 parse_ms=24 rss=560661464 live=2166873
	csg_mem tag=forest_parsed src=80 arena=580096 rss=560661464 live=2166873
	csg_mem tag=forest src=81 bytes=7011 rss=560071640 live=2166860
	csg_mem tag=forest_parse_begin pass=0 src=81 reserve=0 rss=560071640 live=2166877
	csg_mem tag=forest_parse_end pass=0 src=81 arena=26368 parse_ms=1 rss=560071640 live=2166950
	csg_mem tag=forest_parsed src=81 arena=26368 rss=560071640 live=2166950
	csg_mem tag=forest src=82 bytes=3088 rss=560071640 live=2166938
	csg_mem tag=forest_parse_begin pass=0 src=82 reserve=0 rss=560071640 live=2166955
	csg_mem tag=forest_parse_end pass=0 src=82 arena=135104 parse_ms=5 rss=560219096 live=2167197
	csg_mem tag=forest_parsed src=82 arena=135104 rss=560219096 live=2167197
	csg_mem tag=forest src=83 bytes=209875 rss=560071640 live=2167183
	csg_mem tag=forest_parse_begin pass=0 src=83 reserve=0 rss=560202712 live=2167212
	csg_mem tag=forest_parse_end pass=0 src=83 arena=8672672 parse_ms=287 rss=569148400 live=2180429
	csg_mem tag=forest_parsed src=83 arena=8672672 rss=569148400 live=2180429
	csg_mem tag=forest src=84 bytes=113595 rss=560497624 live=2180429
	csg_mem tag=forest_parse_begin pass=0 src=84 reserve=0 rss=560595928 live=2180456
	csg_mem tag=forest_parse_end pass=0 src=84 arena=4098720 parse_ms=123 rss=564724696 live=2185662
	csg_mem tag=forest_parsed src=84 arena=4098720 rss=564741080 live=2185662
	csg_mem tag=forest src=85 bytes=694424 rss=560645080 live=2185655
	csg_mem tag=forest_parse_begin pass=0 src=85 reserve=0 rss=561300440 live=2185686
	csg_mem tag=forest_parse_end pass=0 src=85 arena=31524320 parse_ms=919 rss=591365128 live=2234132
	csg_mem tag=forest_parsed src=85 arena=31524320 rss=591365128 live=2234132
	csg_mem tag=forest src=86 bytes=84731 rss=561742808 live=2234146
	csg_mem tag=forest_parse_begin pass=0 src=86 reserve=0 rss=561791960 live=2234173
	csg_mem tag=forest_parse_end pass=0 src=86 arena=4655136 parse_ms=149 rss=566592496 live=2239953
	csg_mem tag=forest_parsed src=86 arena=4655136 rss=566592496 live=2239953
	csg_mem tag=forest src=87 bytes=95381 rss=561923032 live=2239959
	csg_mem tag=forest_parse_begin pass=0 src=87 reserve=0 rss=561939416 live=2239986
	csg_mem tag=forest_parse_end pass=0 src=87 arena=4657632 parse_ms=148 rss=566805488 live=2246719
	csg_mem tag=forest_parsed src=87 arena=4657632 rss=566805488 live=2246719
	csg_mem tag=forest src=88 bytes=100872 rss=562136024 live=2246721
	csg_mem tag=forest_parse_begin pass=0 src=88 reserve=0 rss=562185176 live=2246748
	csg_mem tag=forest_parse_end pass=0 src=88 arena=4560160 parse_ms=156 rss=566936560 live=2253697
	csg_mem tag=forest_parsed src=88 arena=4560160 rss=566936560 live=2253697
	csg_mem tag=forest src=89 bytes=8802 rss=562349016 live=2253695
	csg_mem tag=forest_parse_begin pass=0 src=89 reserve=0 rss=562349016 live=2253716
	csg_mem tag=forest_parse_end pass=0 src=89 arena=550528 parse_ms=16 rss=562971608 live=2254323
	csg_mem tag=forest_parsed src=89 arena=550528 rss=562971608 live=2254323
	csg_mem tag=forest src=90 bytes=36472 rss=562414552 live=2254310
	csg_mem tag=forest_parse_begin pass=0 src=90 reserve=0 rss=562480088 live=2254335
	csg_mem tag=forest_parse_end pass=0 src=90 arena=2282368 parse_ms=74 rss=564872152 live=2257278
	csg_mem tag=forest_parsed src=90 arena=2282368 rss=564872152 live=2257278
	csg_mem tag=forest src=91 bytes=9587 rss=562594776 live=2257268
	csg_mem tag=forest_parse_begin pass=0 src=91 reserve=0 rss=562611160 live=2257289
	csg_mem tag=forest_parse_end pass=0 src=91 arena=577568 parse_ms=19 rss=563250136 live=2258081
	csg_mem tag=forest_parsed src=91 arena=577568 rss=563250136 live=2258081
	csg_mem tag=forest src=92 bytes=146673 rss=562660312 live=2258068
	csg_mem tag=forest_parse_begin pass=0 src=92 reserve=0 rss=563037144 live=2258095
	csg_mem tag=forest_parse_end pass=0 src=92 arena=6026144 parse_ms=195 rss=569246704 live=2267076
	csg_mem tag=forest_parsed src=92 arena=6026144 rss=569246704 live=2267076
	csg_mem tag=forest src=93 bytes=85404 rss=563200984 live=2267086
	csg_mem tag=forest_parse_begin pass=0 src=93 reserve=0 rss=563348440 live=2267113
	csg_mem tag=forest_parse_end pass=0 src=93 arena=4405344 parse_ms=135 rss=568116208 live=2271790
	csg_mem tag=forest_parsed src=93 arena=4405344 rss=568116208 live=2271790
	csg_mem tag=forest src=94 bytes=60609 rss=563708888 live=2271793
	csg_mem tag=forest_parse_begin pass=0 src=94 reserve=0 rss=563823576 live=2271818
	csg_mem tag=forest_parse_end pass=0 src=94 arena=3005376 parse_ms=89 rss=566936536 live=2275237
	csg_mem tag=forest_parsed src=94 arena=3005376 rss=566936536 live=2275237
	csg_mem tag=forest src=95 bytes=21133 rss=563921880 live=2275230
	csg_mem tag=forest_parse_begin pass=0 src=95 reserve=0 rss=563954648 live=2275253
	csg_mem tag=forest_parse_end pass=0 src=95 arena=1127648 parse_ms=34 rss=565117912 live=2276477
	csg_mem tag=forest_parsed src=95 arena=1127648 rss=565117912 live=2276477
	csg_mem tag=forest src=96 bytes=3751 rss=563987416 live=2276464
	csg_mem tag=forest_parse_begin pass=0 src=96 reserve=0 rss=564003800 live=2276481
	csg_mem tag=forest_parse_end pass=0 src=96 arena=196480 parse_ms=6 rss=564216792 live=2276716
	csg_mem tag=forest_parsed src=96 arena=196480 rss=564216792 live=2276716
	csg_mem tag=forest src=97 bytes=97141 rss=564020184 live=2276702
	csg_mem tag=forest_parse_begin pass=0 src=97 reserve=0 rss=564216792 live=2276729
	csg_mem tag=forest_parse_end pass=0 src=97 arena=4655136 parse_ms=157 rss=568935408 live=2282804
	csg_mem tag=forest_parsed src=97 arena=4655136 rss=568935408 live=2282804
	csg_mem tag=forest src=98 bytes=25148 rss=564265944 live=2282801
	csg_mem tag=forest_parse_begin pass=0 src=98 reserve=0 rss=564331480 live=2282824
	csg_mem tag=forest_parse_end pass=0 src=98 arena=1160192 parse_ms=40 rss=565511128 live=2284218
	csg_mem tag=forest_parsed src=98 arena=1160192 rss=565511128 live=2284218
	csg_mem tag=forest src=99 bytes=67075 rss=564347864 live=2284206
	csg_mem tag=forest_parse_begin pass=0 src=99 reserve=0 rss=564364248 live=2284231
	csg_mem tag=forest_parse_end pass=0 src=99 arena=3936576 parse_ms=99 rss=568345560 live=2287735
	csg_mem tag=forest_parsed src=99 arena=3936576 rss=568345560 live=2287735
	csg_mem tag=forest src=100 bytes=122136 rss=564413400 live=2287728
	csg_mem tag=forest_parse_begin pass=0 src=100 reserve=0 rss=564511704 live=2287755
	csg_mem tag=forest_parse_end pass=0 src=100 arena=4583264 parse_ms=164 rss=569148400 live=2294694
	csg_mem tag=forest_parsed src=100 arena=4583264 rss=569148400 live=2294694
	csg_mem tag=forest src=101 bytes=477806 rss=564593624 live=2294699
	csg_mem tag=forest_parse_begin pass=0 src=101 reserve=0 rss=564970456 live=2294730
	csg_mem tag=forest_parse_end pass=0 src=101 arena=18347488 parse_ms=679 rss=584025096 live=2333620
	csg_mem tag=forest_parsed src=101 arena=18347488 rss=584025096 live=2333620
	csg_mem tag=forest src=102 bytes=9251 rss=565298136 live=2333624
	csg_mem tag=forest_parse_begin pass=0 src=102 reserve=0 rss=565298136 live=2333643
	csg_mem tag=forest_parse_end pass=0 src=102 arena=410976 parse_ms=13 rss=565724120 live=2334365
	csg_mem tag=forest_parsed src=102 arena=410976 rss=565724120 live=2334365
	csg_mem tag=forest src=103 bytes=35254 rss=565298136 live=2334351
	csg_mem tag=forest_parse_begin pass=0 src=103 reserve=0 rss=565314520 live=2334376
	csg_mem tag=forest_parse_end pass=0 src=103 arena=1696640 parse_ms=50 rss=567018456 live=2336287
	csg_mem tag=forest_parsed src=103 arena=1696640 rss=567018456 live=2336287
	csg_mem tag=forest src=104 bytes=207662 rss=565314520 live=2336279
	csg_mem tag=forest_parse_begin pass=0 src=104 reserve=0 rss=565543896 live=2336308
	csg_mem tag=forest_parse_end pass=0 src=104 arena=8813440 parse_ms=277 rss=574473200 live=2347574
	csg_mem tag=forest_parsed src=104 arena=8813440 rss=574489584 live=2347574
	csg_mem tag=forest src=105 bytes=53041 rss=565658584 live=2347592
	csg_mem tag=forest_parse_begin pass=0 src=105 reserve=0 rss=565691352 live=2347617
	csg_mem tag=forest_parse_end pass=0 src=105 arena=2259072 parse_ms=75 rss=567968728 live=2350388
	csg_mem tag=forest_parsed src=105 arena=2259072 rss=567968728 live=2350388
	csg_mem tag=forest src=106 bytes=19779 rss=565707736 live=2350380
	csg_mem tag=forest_parse_begin pass=0 src=106 reserve=0 rss=565707736 live=2350401
	csg_mem tag=forest_parse_end pass=0 src=106 arena=751744 parse_ms=24 rss=566461400 live=2351364
	csg_mem tag=forest_parsed src=106 arena=751744 rss=566461400 live=2351364
	csg_mem tag=forest src=107 bytes=274 rss=565707736 live=2351353
	csg_mem tag=forest_parse_begin pass=0 src=107 reserve=0 rss=565707736 live=2351364
	csg_mem tag=forest_parse_end pass=0 src=107 arena=9376 parse_ms=0 rss=565707736 live=2351401
	csg_mem tag=forest_parsed src=107 arena=9376 rss=565707736 live=2351401
	csg_mem tag=forest src=108 bytes=131447 rss=565707736 live=2351388
	csg_mem tag=forest_parse_begin pass=0 src=108 reserve=0 rss=565822424 live=2351415
	csg_mem tag=forest_parse_end pass=0 src=108 arena=4836960 parse_ms=173 rss=570917872 live=2357889
	csg_mem tag=forest_parsed src=108 arena=4836960 rss=570917872 live=2357889
	csg_mem tag=forest src=109 bytes=204964 rss=566068184 live=2357883
	csg_mem tag=forest_parse_begin pass=0 src=109 reserve=0 rss=566461400 live=2357912
	csg_mem tag=forest_parse_end pass=0 src=109 arena=8810624 parse_ms=269 rss=575636464 live=2367971
	csg_mem tag=forest_parsed src=109 arena=8810624 rss=575636464 live=2367971
	csg_mem tag=forest src=110 bytes=26073 rss=566805464 live=2367979
	csg_mem tag=forest_parse_begin pass=0 src=110 reserve=0 rss=566887384 live=2368002
	csg_mem tag=forest_parse_end pass=0 src=110 arena=1108928 parse_ms=35 rss=568017880 live=2369387
	csg_mem tag=forest_parsed src=110 arena=1108928 rss=568017880 live=2369387
	csg_mem tag=forest src=111 bytes=52561 rss=566903768 live=2369375
	csg_mem tag=forest_parse_begin pass=0 src=111 reserve=0 rss=566936536 live=2369400
	csg_mem tag=forest_parse_end pass=0 src=111 arena=2303040 parse_ms=73 rss=569312216 live=2372400
	csg_mem tag=forest_parsed src=111 arena=2303040 rss=569312216 live=2372400
	csg_mem tag=forest src=112 bytes=54759 rss=567002072 live=2372390
	csg_mem tag=forest_parse_begin pass=0 src=112 reserve=0 rss=567018456 live=2372415
	csg_mem tag=forest_parse_end pass=0 src=112 arena=2325568 parse_ms=78 rss=569476056 live=2375478
	csg_mem tag=forest_parsed src=112 arena=2325568 rss=569476056 live=2375478
	csg_mem tag=forest src=113 bytes=22222 rss=567149528 live=2375474
	csg_mem tag=forest_parse_begin pass=0 src=113 reserve=0 rss=567165912 live=2375495
	csg_mem tag=forest_parse_end pass=0 src=113 arena=1006144 parse_ms=28 rss=568230872 live=2377040
	csg_mem tag=forest_parsed src=113 arena=1006144 rss=568230872 live=2377040
	csg_mem tag=forest src=114 bytes=396704 rss=567215064 live=2377027
	csg_mem tag=forest_parse_begin pass=0 src=114 reserve=0 rss=567493592 live=2377058
	csg_mem tag=forest_parse_end pass=0 src=114 arena=15681920 parse_ms=552 rss=583926768 live=2409850
	csg_mem tag=forest_parsed src=114 arena=15681920 rss=583926768 live=2409850
	csg_mem tag=forest src=115 bytes=5769 rss=567854040 live=2409839
	csg_mem tag=forest_parse_begin pass=0 src=115 reserve=0 rss=567870424 live=2409858
	csg_mem tag=forest_parse_end pass=0 src=115 arena=210208 parse_ms=7 rss=568099800 live=2410214
	csg_mem tag=forest_parsed src=115 arena=210208 rss=568099800 live=2410214
	csg_mem tag=forest src=116 bytes=3136 rss=567886808 live=2410202
	csg_mem tag=forest_parse_begin pass=0 src=116 reserve=0 rss=567886808 live=2410219
	csg_mem tag=forest_parse_end pass=0 src=116 arena=107776 parse_ms=4 rss=567886808 live=2410409
	csg_mem tag=forest_parsed src=116 arena=107776 rss=567886808 live=2410409
	csg_mem tag=forest src=117 bytes=281236 rss=567886808 live=2410397
	csg_mem tag=forest_parse_begin pass=0 src=117 reserve=0 rss=568050648 live=2410426
	csg_mem tag=forest_parse_end pass=0 src=117 arena=8623104 parse_ms=326 rss=577029104 live=2427344
	csg_mem tag=forest_parsed src=117 arena=8623104 rss=577029104 live=2427344
	csg_mem tag=forest src=118 bytes=36339 rss=568099800 live=2427335
	csg_mem tag=forest_parse_begin pass=0 src=118 reserve=0 rss=568116184 live=2427358
	csg_mem tag=forest_parse_end pass=0 src=118 arena=2203776 parse_ms=62 rss=570409944 live=2430106
	csg_mem tag=forest_parsed src=118 arena=2203776 rss=570409944 live=2430106
	csg_mem tag=forest src=119 bytes=66727 rss=568198104 live=2430093
	csg_mem tag=forest_parse_begin pass=0 src=119 reserve=0 rss=568230872 live=2430118
	csg_mem tag=forest_parse_end pass=0 src=119 arena=4554656 parse_ms=129 rss=572965872 live=2434964
	csg_mem tag=forest_parsed src=119 arena=4554656 rss=572965872 live=2434964
	csg_mem tag=forest src=120 bytes=19895 rss=568394712 live=2434956
	csg_mem tag=forest_parse_begin pass=0 src=120 reserve=0 rss=568394712 live=2434977
	csg_mem tag=forest_parse_end pass=0 src=120 arena=716672 parse_ms=22 rss=569164760 live=2436133
	csg_mem tag=forest_parsed src=120 arena=716672 rss=569164760 live=2436133
	csg_mem tag=forest src=121 bytes=104630 rss=568443864 live=2436121
	csg_mem tag=forest_parse_begin pass=0 src=121 reserve=0 rss=568476632 live=2436148
	csg_mem tag=forest_parse_end pass=0 src=121 arena=4230240 parse_ms=150 rss=572916720 live=2443567
	csg_mem tag=forest_parsed src=121 arena=4230240 rss=572916720 live=2443567
	csg_mem tag=forest src=122 bytes=21670 rss=568656856 live=2443559
	csg_mem tag=forest_parse_begin pass=0 src=122 reserve=0 rss=568738776 live=2443582
	csg_mem tag=forest_parse_end pass=0 src=122 arena=1157568 parse_ms=41 rss=570049496 live=2445046
	csg_mem tag=forest_parsed src=122 arena=1157568 rss=570049496 live=2445046
	csg_mem tag=forest src=123 bytes=41012 rss=568886232 live=2445034
	csg_mem tag=forest_parse_begin pass=0 src=123 reserve=0 rss=569017304 live=2445059
	csg_mem tag=forest_parse_end pass=0 src=123 arena=2319616 parse_ms=67 rss=571392984 live=2447868
	csg_mem tag=forest_parsed src=123 arena=2319616 rss=571392984 live=2447868
	csg_mem tag=forest src=124 bytes=602132 rss=569066456 live=2447856
	csg_mem tag=forest_parse_begin pass=0 src=124 reserve=0 rss=569525208 live=2447887
	csg_mem tag=forest_parse_end pass=0 src=124 arena=31473056 parse_ms=856 rss=600015880 live=2498840
	csg_mem tag=forest_parsed src=124 arena=31473056 rss=600015880 live=2498840
	csg_mem tag=forest src=125 bytes=2984 rss=570524632 live=2498876
	csg_mem tag=forest_parse_begin pass=0 src=125 reserve=0 rss=570524632 live=2498893
	csg_mem tag=forest_parse_end pass=0 src=125 arena=103360 parse_ms=3 rss=570524632 live=2499050
	csg_mem tag=forest_parsed src=125 arena=103360 rss=570524632 live=2499050
	csg_mem tag=forest src=126 bytes=6234 rss=570524632 live=2499038
	csg_mem tag=forest_parse_begin pass=0 src=126 reserve=0 rss=570524632 live=2499057
	csg_mem tag=forest_parse_end pass=0 src=126 arena=273504 parse_ms=8 rss=570803160 live=2499420
	csg_mem tag=forest_parsed src=126 arena=273504 rss=570803160 live=2499420
	csg_mem tag=forest src=127 bytes=36702 rss=570524632 live=2499407
	csg_mem tag=forest_parse_begin pass=0 src=127 reserve=0 rss=570557400 live=2499430
	csg_mem tag=forest_parse_end pass=0 src=127 arena=1143488 parse_ms=43 rss=571720664 live=2501190
	csg_mem tag=forest_parsed src=127 arena=1143488 rss=571720664 live=2501190
	csg_mem tag=forest src=128 bytes=49364 rss=570573784 live=2501179
	csg_mem tag=forest_parse_begin pass=0 src=128 reserve=0 rss=570573784 live=2501204
	csg_mem tag=forest_parse_end pass=0 src=128 arena=2322624 parse_ms=80 rss=572916696 live=2504487
	csg_mem tag=forest_parsed src=128 arena=2322624 rss=572916696 live=2504487
	csg_mem tag=forest src=129 bytes=42894 rss=570590168 live=2504495
	csg_mem tag=forest_parse_begin pass=0 src=129 reserve=0 rss=570590168 live=2504518
	csg_mem tag=forest_parse_end pass=0 src=129 arena=2289440 parse_ms=67 rss=572949464 live=2506614
	csg_mem tag=forest_parsed src=129 arena=2289440 rss=572949464 live=2506614
	csg_mem tag=forest src=130 bytes=32186 rss=570655704 live=2506610
	csg_mem tag=forest_parse_begin pass=0 src=130 reserve=0 rss=570655704 live=2506633
	csg_mem tag=forest_parse_end pass=0 src=130 arena=1998304 parse_ms=48 rss=572736472 live=2508683
	csg_mem tag=forest_parsed src=130 arena=1998304 rss=572736472 live=2508683
	csg_mem tag=forest src=131 bytes=34873 rss=570754008 live=2508671
	csg_mem tag=forest_parse_begin pass=0 src=131 reserve=0 rss=570754008 live=2508694
	csg_mem tag=forest_parse_end pass=0 src=131 arena=1627616 parse_ms=49 rss=572474328 live=2510787
	csg_mem tag=forest_parsed src=131 arena=1627616 rss=572474328 live=2510787
	csg_mem tag=forest src=132 bytes=1850073 rss=570835928 live=2510780
	csg_mem tag=forest_parse_begin pass=0 src=132 reserve=0 rss=573440984 live=2510815
	csg_mem tag=forest_parse_end pass=0 src=132 arena=72458048 parse_ms=2919 rss=649692192 live=2611940
	csg_mem tag=forest_parsed src=132 arena=72458048 rss=649692192 live=2611940
	csg_mem tag=forest src=133 bytes=41896 rss=576226264 live=2611988
	csg_mem tag=forest_parse_begin pass=0 src=133 reserve=0 rss=576308184 live=2612011
	csg_mem tag=forest_parse_end pass=0 src=133 arena=1945568 parse_ms=535 rss=611976152 live=2614621
	csg_mem tag=forest_parsed src=133 arena=1945568 rss=611976152 live=2614621
	csg_mem tag=forest src=134 bytes=3550288 rss=610026456 live=2614609
	csg_mem tag=forest_parse_begin pass=0 src=134 reserve=0 rss=614630360 live=2614646
	csg_mem tag=forest_parse_end pass=0 src=134 arena=140603200 parse_ms=6828 rss=761660496 live=2802345
	csg_mem tag=forest_parsed src=134 arena=140603200 rss=761660496 live=2802345
	csg_mem tag=forest src=135 bytes=134144 rss=617055192 live=2802423
	csg_mem tag=forest_parse_begin pass=0 src=135 reserve=0 rss=617120728 live=2802450
	csg_mem tag=forest_parse_end pass=0 src=135 arena=7742336 parse_ms=190 rss=624477168 live=2811516
	csg_mem tag=forest_parsed src=135 arena=7742336 rss=624477168 live=2811516
	csg_mem tag=forest src=136 bytes=593121 rss=617235416 live=2811508
	csg_mem tag=forest_parse_begin pass=0 src=136 reserve=0 rss=617513944 live=2811539
	csg_mem tag=forest_parse_end pass=0 src=136 arena=18504672 parse_ms=1179 rss=636552200 live=2842256
	csg_mem tag=forest_parsed src=136 arena=18504672 rss=636552200 live=2842256
	csg_mem tag=forest src=137 bytes=17351 rss=617513944 live=2842255
	csg_mem tag=forest_parse_begin pass=0 src=137 reserve=0 rss=617513944 live=2842276
	csg_mem tag=forest_parse_end pass=0 src=137 arena=1150240 parse_ms=32 rss=618660824 live=2843445
	csg_mem tag=forest_parsed src=137 arena=1150240 rss=618660824 live=2843445
	csg_mem tag=forest src=138 bytes=2319 rss=617513944 live=2843435
	csg_mem tag=forest_parse_begin pass=0 src=138 reserve=0 rss=617513944 live=2843450
	csg_mem tag=forest_parse_end pass=0 src=138 arena=86880 parse_ms=3 rss=617513944 live=2843559
	csg_mem tag=forest_parsed src=138 arena=86880 rss=617513944 live=2843559
	csg_mem tag=forest src=139 bytes=1697 rss=617513944 live=2843547
	csg_mem tag=forest_parse_begin pass=0 src=139 reserve=0 rss=617513944 live=2843562
	csg_mem tag=forest_parse_end pass=0 src=139 arena=57504 parse_ms=2 rss=617513944 live=2843662
	csg_mem tag=forest_parsed src=139 arena=57504 rss=617513944 live=2843662
	csg_mem tag=forest src=140 bytes=1202 rss=617513944 live=2843651
	csg_mem tag=forest_parse_begin pass=0 src=140 reserve=0 rss=617513944 live=2843666
	csg_mem tag=forest_parse_end pass=0 src=140 arena=52704 parse_ms=1 rss=617513944 live=2843746
	csg_mem tag=forest_parsed src=140 arena=52704 rss=617513944 live=2843746
	csg_mem tag=forest src=141 bytes=5427 rss=617513944 live=2843733
	csg_mem tag=forest_parse_begin pass=0 src=141 reserve=0 rss=617513944 live=2843752
	csg_mem tag=forest_parse_end pass=0 src=141 arena=286656 parse_ms=9 rss=617825240 live=2844166
	csg_mem tag=forest_parsed src=141 arena=286656 rss=617825240 live=2844166
	csg_mem tag=forest src=142 bytes=53259 rss=617530328 live=2844152
	csg_mem tag=forest_parse_begin pass=0 src=142 reserve=0 rss=617546712 live=2844177
	csg_mem tag=forest_parse_end pass=0 src=142 arena=2501696 parse_ms=93 rss=620053464 live=2853768
	csg_mem tag=forest_parsed src=142 arena=2501696 rss=620053464 live=2853768
	csg_mem tag=forest src=143 bytes=4821 rss=617563096 live=2853760
	csg_mem tag=forest_parse_begin pass=0 src=143 reserve=0 rss=617563096 live=2853779
	csg_mem tag=forest_parse_end pass=0 src=143 arena=276512 parse_ms=8 rss=617858008 live=2854058
	csg_mem tag=forest_parsed src=143 arena=276512 rss=617858008 live=2854058
	csg_mem tag=forest src=144 bytes=684 rss=617579480 live=2854046
	csg_mem tag=forest_parse_begin pass=0 src=144 reserve=0 rss=617579480 live=2854059
	csg_mem tag=forest_parse_end pass=0 src=144 arena=23264 parse_ms=0 rss=617595864 live=2854088
	csg_mem tag=forest_parsed src=144 arena=23264 rss=617595864 live=2854088
	csg_mem tag=forest src=145 bytes=706 rss=617595864 live=2854074
	csg_mem tag=forest_parse_begin pass=0 src=145 reserve=0 rss=617595864 live=2854087
	csg_mem tag=forest_parse_end pass=0 src=145 arena=23712 parse_ms=1 rss=617595864 live=2854139
	csg_mem tag=forest_parsed src=145 arena=23712 rss=617595864 live=2854139
	csg_mem tag=forest src=146 bytes=7097 rss=617595864 live=2854125
	csg_mem tag=forest_parse_begin pass=0 src=146 reserve=0 rss=617595864 live=2854144
	csg_mem tag=forest_parse_end pass=0 src=146 arena=392384 parse_ms=12 rss=618005464 live=2854544
	csg_mem tag=forest_parsed src=146 arena=392384 rss=618005464 live=2854544
	csg_mem tag=forest src=147 bytes=8518 rss=617612248 live=2854531
	csg_mem tag=forest_parse_begin pass=0 src=147 reserve=0 rss=617612248 live=2854550
	csg_mem tag=forest_parse_end pass=0 src=147 arena=486368 parse_ms=13 rss=618120152 live=2855089
	csg_mem tag=forest_parsed src=147 arena=486368 rss=618120152 live=2855089
	csg_mem tag=forest src=148 bytes=171411 rss=617628632 live=2855076
	csg_mem tag=forest_parse_begin pass=0 src=148 reserve=0 rss=617677784 live=2855103
	csg_mem tag=forest_parse_end pass=0 src=148 arena=8065696 parse_ms=231 rss=625247216 live=2873807
	csg_mem tag=forest_parsed src=148 arena=8065696 rss=625247216 live=2873807
	csg_mem tag=forest src=149 bytes=49447 rss=617677784 live=2873805
	csg_mem tag=forest_parse_begin pass=0 src=149 reserve=0 rss=617694168 live=2873830
	csg_mem tag=forest_parse_end pass=0 src=149 arena=2203968 parse_ms=569 rss=619955160 live=2876167
	csg_mem tag=forest_parsed src=149 arena=2203968 rss=619955160 live=2876167
	csg_mem tag=forest src=150 bytes=15928 rss=617743320 live=2876157
	csg_mem tag=forest_parse_begin pass=0 src=150 reserve=0 rss=617759704 live=2876178
	csg_mem tag=forest_parse_end pass=0 src=150 arena=759776 parse_ms=23 rss=618562520 live=2877126
	csg_mem tag=forest_parsed src=150 arena=759776 rss=618562520 live=2877126
	csg_mem tag=forest src=151 bytes=1861 rss=617792472 live=2877113
	csg_mem tag=forest_parse_begin pass=0 src=151 reserve=0 rss=617792472 live=2877128
	csg_mem tag=forest_parse_end pass=0 src=151 arena=86688 parse_ms=3 rss=617792472 live=2877257
	csg_mem tag=forest_parsed src=151 arena=86688 rss=617792472 live=2877257
	csg_mem tag=forest src=152 bytes=1128 rss=617792472 live=2877244
	csg_mem tag=forest_parse_begin pass=0 src=152 reserve=0 rss=617792472 live=2877257
	csg_mem tag=forest_parse_end pass=0 src=152 arena=66048 parse_ms=2 rss=617890776 live=2877355
	csg_mem tag=forest_parsed src=152 arena=66048 rss=617890776 live=2877355
	csg_mem tag=forest src=153 bytes=1513 rss=617907160 live=2877341
	csg_mem tag=forest_parse_begin pass=0 src=153 reserve=0 rss=617907160 live=2877356
	csg_mem tag=forest_parse_end pass=0 src=153 arena=54048 parse_ms=2 rss=617907160 live=2877495
	csg_mem tag=forest_parsed src=153 arena=54048 rss=617907160 live=2877495
	csg_mem tag=forest src=154 bytes=463934 rss=617907160 live=2877481
	csg_mem tag=forest_parse_begin pass=0 src=154 reserve=0 rss=618775512 live=2877512
	csg_mem tag=forest_parse_end pass=0 src=154 arena=18512992 parse_ms=1658 rss=637715464 live=2899505
	csg_mem tag=forest_parsed src=154 arena=18512992 rss=637715464 live=2899505
	csg_mem tag=forest src=155 bytes=13667 rss=618841048 live=2899508
	csg_mem tag=forest_parse_begin pass=0 src=155 reserve=0 rss=618841048 live=2899527
	csg_mem tag=forest_parse_end pass=0 src=155 arena=538080 parse_ms=18 rss=619398104 live=2900102
	csg_mem tag=forest_parsed src=155 arena=538080 rss=619398104 live=2900102
	csg_mem tag=forest src=156 bytes=38093 rss=618857432 live=2900088
	csg_mem tag=forest_parse_begin pass=0 src=156 reserve=0 rss=618906584 live=2900113
	csg_mem tag=forest_parse_end pass=0 src=156 arena=2014496 parse_ms=56 rss=620938200 live=2902262
	csg_mem tag=forest_parsed src=156 arena=2014496 rss=620938200 live=2902262
	csg_mem tag=forest src=157 bytes=11977 rss=618922968 live=2902249
	csg_mem tag=forest_parse_begin pass=0 src=157 reserve=0 rss=618939352 live=2902270
	csg_mem tag=forest_parse_end pass=0 src=157 arena=579104 parse_ms=19 rss=619529176 live=2903022
	csg_mem tag=forest_parsed src=157 arena=579104 rss=619529176 live=2903022
	csg_mem tag=forest src=158 bytes=2184453 rss=618939352 live=2903009
	csg_mem tag=forest_parse_begin pass=0 src=158 reserve=0 rss=687866912 live=2903044
	csg_mem tag=forest_parse_end pass=0 src=158 arena=73411680 parse_ms=3142 rss=765822080 live=3028276
	csg_mem tag=forest_parsed src=158 arena=73411680 rss=765822080 live=3028276
	csg_mem tag=forest src=159 bytes=10933 rss=690865208 live=3028356
	csg_mem tag=forest_parse_begin pass=0 src=159 reserve=0 rss=690897976 live=3028375
	csg_mem tag=forest_parse_end pass=0 src=159 arena=501088 parse_ms=13 rss=691438648 live=3029013
	csg_mem tag=forest_parsed src=159 arena=501088 rss=691455032 live=3029013
	csg_mem tag=forest src=160 bytes=1240 rss=690947128 live=3029002
	csg_mem tag=forest_parse_begin pass=0 src=160 reserve=0 rss=690947128 live=3029015
	csg_mem tag=forest_parse_end pass=0 src=160 arena=64000 parse_ms=1 rss=690947128 live=3029090
	csg_mem tag=forest_parsed src=160 arena=64000 rss=690947128 live=3029090
	csg_mem tag=forest src=161 bytes=9410 rss=690947128 live=3029076
	csg_mem tag=forest_parse_begin pass=0 src=161 reserve=0 rss=690963512 live=3029095
	csg_mem tag=forest_parse_end pass=0 src=161 arena=369024 parse_ms=11 rss=691373112 live=3029477
	csg_mem tag=forest_parsed src=161 arena=369024 rss=691373112 live=3029477
	csg_mem tag=forest src=162 bytes=68635 rss=690996280 live=3029464
	csg_mem tag=forest_parse_begin pass=0 src=162 reserve=0 rss=691127352 live=3029489
	csg_mem tag=forest_parse_end pass=0 src=162 arena=2996384 parse_ms=86 rss=694191160 live=3032745
	csg_mem tag=forest_parsed src=162 arena=2996384 rss=694191160 live=3032745
	csg_mem tag=forest src=163 bytes=50465 rss=691192888 live=3032733
	csg_mem tag=forest_parse_begin pass=0 src=163 reserve=0 rss=691225656 live=3032758
	csg_mem tag=forest_parse_end pass=0 src=163 arena=2227648 parse_ms=63 rss=693634104 live=3035835
	csg_mem tag=forest_parsed src=163 arena=2227648 rss=693634104 live=3035835
	csg_mem tag=forest src=164 bytes=17907 rss=691405880 live=3035825
	csg_mem tag=forest_parse_begin pass=0 src=164 reserve=0 rss=691422264 live=3035846
	csg_mem tag=forest_parse_end pass=0 src=164 arena=742784 parse_ms=22 rss=692192312 live=3036918
	csg_mem tag=forest_parsed src=164 arena=742784 rss=692192312 live=3036918
	csg_mem tag=forest src=165 bytes=5027 rss=691438648 live=3036905
	csg_mem tag=forest_parse_begin pass=0 src=165 reserve=0 rss=691438648 live=3036922
	csg_mem tag=forest_parse_end pass=0 src=165 arena=255104 parse_ms=7 rss=691700792 live=3037224
	csg_mem tag=forest_parsed src=165 arena=255104 rss=691700792 live=3037224
	csg_mem tag=forest src=166 bytes=660119 rss=691438648 live=3037210
	csg_mem tag=forest_parse_begin pass=0 src=166 reserve=0 rss=691815480 live=3037241
	csg_mem tag=forest_parse_end pass=0 src=166 arena=31122080 parse_ms=901 rss=721224808 live=3080216
	csg_mem tag=forest_parsed src=166 arena=31122080 rss=721224808 live=3080216
	csg_mem tag=forest src=167 bytes=20497 rss=692012088 live=3080216
	csg_mem tag=forest_parse_begin pass=0 src=167 reserve=0 rss=692028472 live=3080237
	csg_mem tag=forest_parse_end pass=0 src=167 arena=970752 parse_ms=25 rss=693011512 live=3081342
	csg_mem tag=forest_parsed src=167 arena=970752 rss=693011512 live=3081342
	csg_mem tag=forest src=168 bytes=40593 rss=692028472 live=3081333
	csg_mem tag=forest_parse_begin pass=0 src=168 reserve=0 rss=692044856 live=3081358
	csg_mem tag=forest_parse_end pass=0 src=168 arena=2318432 parse_ms=66 rss=694387768 live=3083607
	csg_mem tag=forest_parsed src=168 arena=2318432 rss=694387768 live=3083607
	csg_mem tag=forest src=169 bytes=46446 rss=692061240 live=3083596
	csg_mem tag=forest_parse_begin pass=0 src=169 reserve=0 rss=692061240 live=3083619
	csg_mem tag=forest_parse_end pass=0 src=169 arena=1915136 parse_ms=49 rss=693978168 live=3085725
	csg_mem tag=forest_parsed src=169 arena=1915136 rss=693978168 live=3085725
	csg_mem tag=forest src=170 bytes=1303220 rss=692061240 live=3085713
	csg_mem tag=forest_parse_begin pass=0 src=170 reserve=0 rss=692978744 live=3085746
	csg_mem tag=forest_parse_end pass=0 src=170 arena=62341184 parse_ms=1777 rss=750584960 live=3152202
	csg_mem tag=forest_parsed src=170 arena=62341184 rss=750584960 live=3152202
	csg_mem tag=forest src=171 bytes=251029 rss=693486648 live=3152200
	csg_mem tag=forest_parse_begin pass=0 src=171 reserve=0 rss=693535800 live=3152229
	csg_mem tag=forest_parse_end pass=0 src=171 arena=8745120 parse_ms=325 rss=702792784 live=3165125
	csg_mem tag=forest_parsed src=171 arena=8745120 rss=702792784 live=3165125
	csg_mem tag=forest src=172 bytes=16374 rss=694027320 live=3165123
	csg_mem tag=forest_parse_begin pass=0 src=172 reserve=0 rss=694043704 live=3165144
	csg_mem tag=forest_parse_end pass=0 src=172 arena=601984 parse_ms=21 rss=694748216 live=3166077
	csg_mem tag=forest_parsed src=172 arena=601984 rss=694748216 live=3166077
	csg_mem tag=forest src=173 bytes=25800 rss=694142008 live=3166064
	csg_mem tag=forest_parse_begin pass=0 src=173 reserve=0 rss=694174776 live=3166087
	csg_mem tag=forest_parse_end pass=0 src=173 arena=1098720 parse_ms=33 rss=695485496 live=3167281
	csg_mem tag=forest_parsed src=173 arena=1098720 rss=695485496 live=3167281
	csg_mem tag=forest src=174 bytes=148845 rss=694371384 live=3167269
	csg_mem tag=forest_parse_begin pass=0 src=174 reserve=0 rss=694715448 live=3167296
	csg_mem tag=forest_parse_end pass=0 src=174 arena=8091232 parse_ms=216 rss=703022160 live=3174606
	csg_mem tag=forest_parsed src=174 arena=8091232 rss=703022160 live=3174606
	csg_mem tag=forest src=175 bytes=67128 rss=695436344 live=3174602
	csg_mem tag=forest_parse_begin pass=0 src=175 reserve=0 rss=695567416 live=3174627
	csg_mem tag=forest_parse_end pass=0 src=175 arena=3947680 parse_ms=93 rss=699712568 live=3177977
	csg_mem tag=forest_parsed src=175 arena=3947680 rss=699712568 live=3177977
	csg_mem tag=forest src=176 bytes=78825 rss=695764024 live=3177965
	csg_mem tag=forest_parse_begin pass=0 src=176 reserve=0 rss=695944248 live=3177990
	csg_mem tag=forest_parse_end pass=0 src=176 arena=3980928 parse_ms=110 rss=700302392 live=3181827
	csg_mem tag=forest_parsed src=176 arena=3980928 rss=700302392 live=3181827
	csg_mem tag=forest src=177 bytes=21900 rss=696321080 live=3181818
	csg_mem tag=forest_parse_begin pass=0 src=177 reserve=0 rss=696353848 live=3181841
	csg_mem tag=forest_parse_end pass=0 src=177 arena=1123968 parse_ms=31 rss=697582648 live=3183032
	csg_mem tag=forest_parsed src=177 arena=1123968 rss=697582648 live=3183032
	csg_mem tag=forest src=178 bytes=23417 rss=696452152 live=3183020
	csg_mem tag=forest_parse_begin pass=0 src=178 reserve=0 rss=696484920 live=3183043
	csg_mem tag=forest_parse_end pass=0 src=178 arena=1161856 parse_ms=37 rss=697762872 live=3184649
	csg_mem tag=forest_parsed src=178 arena=1161856 rss=697762872 live=3184649
	csg_mem tag=forest src=179 bytes=22043 rss=696599608 live=3184637
	csg_mem tag=forest_parse_begin pass=0 src=179 reserve=0 rss=696632376 live=3184660
	csg_mem tag=forest_parse_end pass=0 src=179 arena=1141856 parse_ms=33 rss=697812024 live=3185941
	csg_mem tag=forest_parsed src=179 arena=1141856 rss=697812024 live=3185941
	csg_mem tag=forest src=180 bytes=47225 rss=696665144 live=3185928
	csg_mem tag=forest_parse_begin pass=0 src=180 reserve=0 rss=696730680 live=3185953
	csg_mem tag=forest_parse_end pass=0 src=180 arena=2339200 parse_ms=90 rss=699122744 live=3189200
	csg_mem tag=forest_parsed src=180 arena=2339200 rss=699122744 live=3189200
	csg_mem tag=forest src=181 bytes=30262 rss=696779832 live=3189189
	csg_mem tag=forest_parse_begin pass=0 src=181 reserve=0 rss=696812600 live=3189212
	csg_mem tag=forest_parse_end pass=0 src=181 arena=1158624 parse_ms=41 rss=698025016 live=3191003
	csg_mem tag=forest_parsed src=181 arena=1158624 rss=698025016 live=3191003
	csg_mem tag=forest src=182 bytes=48950 rss=696861752 live=3190994
	csg_mem tag=forest_parse_begin pass=0 src=182 reserve=0 rss=696894520 live=3191019
	csg_mem tag=forest_parse_end pass=0 src=182 arena=3265760 parse_ms=95 rss=700318776 live=3194333
	csg_mem tag=forest_parsed src=182 arena=3265760 rss=700335160 live=3194333
	csg_mem tag=forest src=183 bytes=1838 rss=697058360 live=3194323
	csg_mem tag=forest_parse_begin pass=0 src=183 reserve=0 rss=697058360 live=3194338
	csg_mem tag=forest_parse_end pass=0 src=183 arena=134464 parse_ms=4 rss=697254968 live=3194484
	csg_mem tag=forest_parsed src=183 arena=134464 rss=697254968 live=3194484
	csg_mem tag=forest src=184 bytes=77801 rss=697107512 live=3194470
	csg_mem tag=forest_parse_begin pass=0 src=184 reserve=0 rss=697205816 live=3194495
	csg_mem tag=forest_parse_end pass=0 src=184 arena=4007232 parse_ms=101 rss=701334584 live=3199218
	csg_mem tag=forest_parsed src=184 arena=4007232 rss=701334584 live=3199218
	csg_mem tag=forest src=185 bytes=48122 rss=697320504 live=3199212
	csg_mem tag=forest_parse_begin pass=0 src=185 reserve=0 rss=697451576 live=3199237
	csg_mem tag=forest_parse_end pass=0 src=185 arena=2178528 parse_ms=69 rss=699679800 live=3202391
	csg_mem tag=forest_parsed src=185 arena=2178528 rss=699679800 live=3202391
	csg_mem tag=forest src=186 bytes=184731 rss=697500728 live=3202380
	csg_mem tag=forest_parse_begin pass=0 src=186 reserve=0 rss=697812024 live=3202407
	csg_mem tag=forest_parse_end pass=0 src=186 arena=8187936 parse_ms=241 rss=706741328 live=3213123
	csg_mem tag=forest_parsed src=186 arena=8187936 rss=706741328 live=3213123
	csg_mem tag=forest src=187 bytes=149931 rss=698532920 live=3213122
	csg_mem tag=forest_parse_begin pass=0 src=187 reserve=0 rss=698680376 live=3213149
	csg_mem tag=forest_parse_end pass=0 src=187 arena=7709984 parse_ms=182 rss=706511952 live=3220395
	csg_mem tag=forest_parsed src=187 arena=7709984 rss=706511952 live=3220395
	csg_mem tag=forest src=188 bytes=57852 rss=698778680 live=3220388
	csg_mem tag=forest_parse_begin pass=0 src=188 reserve=0 rss=698795064 live=3220413
	csg_mem tag=forest_parse_end pass=0 src=188 arena=3874400 parse_ms=91 rss=702678072 live=3224129
	csg_mem tag=forest_parsed src=188 arena=3874400 rss=702678072 live=3224129
	csg_mem tag=forest src=189 bytes=34561 rss=698811448 live=3224118
	csg_mem tag=forest_parse_begin pass=0 src=189 reserve=0 rss=698811448 live=3224141
	csg_mem tag=forest_parse_end pass=0 src=189 arena=1181056 parse_ms=47 rss=699991096 live=3226038
	csg_mem tag=forest_parsed src=189 arena=1181056 rss=699991096 live=3226038
	csg_mem tag=forest src=190 bytes=10968 rss=698811448 live=3226026
	csg_mem tag=forest_parse_begin pass=0 src=190 reserve=0 rss=698811448 live=3226045
	csg_mem tag=forest_parse_end pass=0 src=190 arena=299616 parse_ms=10 rss=699122744 live=3226425
	csg_mem tag=forest_parsed src=190 arena=299616 rss=699122744 live=3226425
	csg_mem tag=forest src=191 bytes=8297 rss=698811448 live=3226411
	csg_mem tag=forest_parse_begin pass=0 src=191 reserve=0 rss=698811448 live=3226430
	csg_mem tag=forest_parse_end pass=0 src=191 arena=265824 parse_ms=9 rss=699089976 live=3226682
	csg_mem tag=forest_parsed src=191 arena=265824 rss=699089976 live=3226682
	csg_mem tag=forest src=192 bytes=15897 rss=698811448 live=3226668
	csg_mem tag=forest_parse_begin pass=0 src=192 reserve=0 rss=698811448 live=3226689
	csg_mem tag=forest_parse_end pass=0 src=192 arena=778688 parse_ms=26 rss=699614264 live=3227462
	csg_mem tag=forest_parsed src=192 arena=778688 rss=699630648 live=3227462
	csg_mem tag=forest src=193 bytes=4281 rss=698844216 live=3227452
	csg_mem tag=forest_parse_begin pass=0 src=193 reserve=0 rss=698844216 live=3227469
	csg_mem tag=forest_parse_end pass=0 src=193 arena=140192 parse_ms=5 rss=698991672 live=3227644
	csg_mem tag=forest_parsed src=193 arena=140192 rss=698991672 live=3227644
	csg_mem tag=forest src=194 bytes=16679 rss=698844216 live=3227632
	csg_mem tag=forest_parse_begin pass=0 src=194 reserve=0 rss=698844216 live=3227653
	csg_mem tag=forest_parse_end pass=0 src=194 arena=730336 parse_ms=23 rss=699581496 live=3228651
	csg_mem tag=forest_parsed src=194 arena=730336 rss=699581496 live=3228651
	csg_mem tag=forest src=195 bytes=22255 rss=698844216 live=3228637
	csg_mem tag=forest_parse_begin pass=0 src=195 reserve=0 rss=698844216 live=3228660
	csg_mem tag=forest_parse_end pass=0 src=195 arena=1077184 parse_ms=35 rss=699958328 live=3229883
	csg_mem tag=forest_parsed src=195 arena=1077184 rss=699958328 live=3229883
	csg_mem tag=forest src=196 bytes=11418 rss=698876984 live=3229871
	csg_mem tag=forest_parse_begin pass=0 src=196 reserve=0 rss=698876984 live=3229892
	csg_mem tag=forest_parse_end pass=0 src=196 arena=562144 parse_ms=18 rss=699450424 live=3230567
	csg_mem tag=forest_parsed src=196 arena=562144 rss=699450424 live=3230567
	csg_mem tag=forest src=197 bytes=55565 rss=698876984 live=3230554
	csg_mem tag=forest_parse_begin pass=0 src=197 reserve=0 rss=698926136 live=3230579
	csg_mem tag=forest_parse_end pass=0 src=197 arena=2286496 parse_ms=81 rss=701236280 live=3233543
	csg_mem tag=forest_parsed src=197 arena=2286496 rss=701236280 live=3233543
	csg_mem tag=forest src=198 bytes=12852 rss=698942520 live=3233532
	csg_mem tag=forest_parse_begin pass=0 src=198 reserve=0 rss=698942520 live=3233553
	csg_mem tag=forest_parse_end pass=0 src=198 arena=551392 parse_ms=18 rss=699515960 live=3234348
	csg_mem tag=forest_parsed src=198 arena=551392 rss=699515960 live=3234348
	csg_mem tag=forest src=199 bytes=16279 rss=698958904 live=3234334
	csg_mem tag=forest_parse_begin pass=0 src=199 reserve=0 rss=698958904 live=3234355
	csg_mem tag=forest_parse_end pass=0 src=199 arena=725472 parse_ms=22 rss=699712568 live=3235248
	csg_mem tag=forest_parsed src=199 arena=725472 rss=699712568 live=3235248
	csg_mem tag=forest src=200 bytes=13988 rss=698975288 live=3235235
	csg_mem tag=forest_parse_begin pass=0 src=200 reserve=0 rss=699008056 live=3235256
	csg_mem tag=forest_parse_end pass=0 src=200 arena=556256 parse_ms=20 rss=699597880 live=3236098
	csg_mem tag=forest_parsed src=200 arena=556256 rss=699597880 live=3236098
	csg_mem tag=forest src=201 bytes=16582 rss=699040824 live=3236084
	csg_mem tag=forest_parse_begin pass=0 src=201 reserve=0 rss=699073592 live=3236105
	csg_mem tag=forest_parse_end pass=0 src=201 arena=980576 parse_ms=22 rss=700089400 live=3236874
	csg_mem tag=forest_parsed src=201 arena=980576 rss=700089400 live=3236874
	csg_mem tag=forest src=202 bytes=13467 rss=699106360 live=3236861
	csg_mem tag=forest_parse_begin pass=0 src=202 reserve=0 rss=699106360 live=3236882
	csg_mem tag=forest_parse_end pass=0 src=202 arena=556256 parse_ms=18 rss=699679800 live=3237632
	csg_mem tag=forest_parsed src=202 arena=556256 rss=699679800 live=3237632
	csg_mem tag=forest src=203 bytes=9353 rss=699122744 live=3237618
	csg_mem tag=forest_parse_begin pass=0 src=203 reserve=0 rss=699139128 live=3237637
	csg_mem tag=forest_parse_end pass=0 src=203 arena=486272 parse_ms=12 rss=699663416 live=3238163
	csg_mem tag=forest_parsed src=203 arena=486272 rss=699663416 live=3238163
	csg_mem tag=forest src=204 bytes=1551 rss=699171896 live=3238149
	csg_mem tag=forest_parse_begin pass=0 src=204 reserve=0 rss=699171896 live=3238166
	csg_mem tag=forest_parse_end pass=0 src=204 arena=116288 parse_ms=3 rss=699188280 live=3238260
	csg_mem tag=forest_parsed src=204 arena=116288 rss=699188280 live=3238260
	csg_mem tag=forest src=205 bytes=5930 rss=699188280 live=3238247
	csg_mem tag=forest_parse_begin pass=0 src=205 reserve=0 rss=699188280 live=3238266
	csg_mem tag=forest_parse_end pass=0 src=205 arena=244416 parse_ms=8 rss=699434040 live=3238611
	csg_mem tag=forest_parsed src=205 arena=244416 rss=699434040 live=3238611
	csg_mem tag=forest src=206 bytes=7319 rss=699188280 live=3238598
	csg_mem tag=forest_parse_begin pass=0 src=206 reserve=0 rss=699237432 live=3238619
	csg_mem tag=forest_parse_end pass=0 src=206 arena=621280 parse_ms=19 rss=699892792 live=3239286
	csg_mem tag=forest_parsed src=206 arena=621280 rss=699892792 live=3239286
	csg_mem tag=forest src=207 bytes=14020 rss=699270200 live=3239274
	csg_mem tag=forest_parse_begin pass=0 src=207 reserve=0 rss=699270200 live=3239295
	csg_mem tag=forest_parse_end pass=0 src=207 arena=1135904 parse_ms=32 rss=700433464 live=3240427
	csg_mem tag=forest_parsed src=207 arena=1135904 rss=700433464 live=3240427
	csg_mem tag=forest src=208 bytes=13488 rss=699286584 live=3240418
	csg_mem tag=forest_parse_begin pass=0 src=208 reserve=0 rss=699319352 live=3240439
	csg_mem tag=forest_parse_end pass=0 src=208 arena=904928 parse_ms=37 rss=700269624 live=3241371
	csg_mem tag=forest_parsed src=208 arena=904928 rss=700269624 live=3241371
	csg_mem tag=forest src=209 bytes=20084 rss=699352120 live=3241357
	csg_mem tag=forest_parse_begin pass=0 src=209 reserve=0 rss=699384888 live=3241380
	csg_mem tag=forest_parse_end pass=0 src=209 arena=2075136 parse_ms=55 rss=701727800 live=3244153
	csg_mem tag=forest_parsed src=209 arena=2075136 rss=701727800 live=3244153
	csg_mem tag=forest src=210 bytes=1023 rss=699647032 live=3244143
	csg_mem tag=forest_parse_begin pass=0 src=210 reserve=0 rss=699647032 live=3244156
	csg_mem tag=forest_parse_end pass=0 src=210 arena=52704 parse_ms=2 rss=699647032 live=3244252
	csg_mem tag=forest_parsed src=210 arena=52704 rss=699647032 live=3244252
	csg_mem tag=forest src=211 bytes=5533 rss=699647032 live=3244238
	csg_mem tag=forest_parse_begin pass=0 src=211 reserve=0 rss=699647032 live=3244257
	csg_mem tag=forest_parse_end pass=0 src=211 arena=431616 parse_ms=12 rss=700105784 live=3244657
	csg_mem tag=forest_parsed src=211 arena=431616 rss=700105784 live=3244657
	csg_mem tag=forest src=212 bytes=33495 rss=699663416 live=3244644
	csg_mem tag=forest_parse_begin pass=0 src=212 reserve=0 rss=699679800 live=3244667
	csg_mem tag=forest_parse_end pass=0 src=212 arena=2308384 parse_ms=76 rss=702104632 live=3247479
	csg_mem tag=forest_parsed src=212 arena=2308384 rss=702104632 live=3247479
	csg_mem tag=forest src=213 bytes=13512 rss=699794488 live=3247467
	csg_mem tag=forest_parse_begin pass=0 src=213 reserve=0 rss=699827256 live=3247488
	csg_mem tag=forest_parse_end pass=0 src=213 arena=1011200 parse_ms=29 rss=700924984 live=3248644
	csg_mem tag=forest_parsed src=213 arena=1011200 rss=700924984 live=3248644
	csg_mem tag=forest src=214 bytes=6401 rss=699909176 live=3248630
	csg_mem tag=forest_parse_begin pass=0 src=214 reserve=0 rss=699909176 live=3248651
	csg_mem tag=forest_parse_end pass=0 src=214 arena=482464 parse_ms=14 rss=700433464 live=3249077
	csg_mem tag=forest_parsed src=214 arena=482464 rss=700433464 live=3249077
	csg_mem tag=forest src=215 bytes=50615 rss=699941944 live=3249064
	csg_mem tag=forest_parse_begin pass=0 src=215 reserve=0 rss=700007480 live=3249089
	csg_mem tag=forest_parse_end pass=0 src=215 arena=3387296 parse_ms=102 rss=703562808 live=3252862
	csg_mem tag=forest_parsed src=215 arena=3387296 rss=703562808 live=3252862
	csg_mem tag=forest src=216 bytes=1052 rss=700171320 live=3252858
	csg_mem tag=forest_parse_begin pass=0 src=216 reserve=0 rss=700171320 live=3252873
	csg_mem tag=forest_parse_end pass=0 src=216 arena=57632 parse_ms=2 rss=700204088 live=3252937
	csg_mem tag=forest_parsed src=216 arena=57632 rss=700204088 live=3252937
	csg_mem tag=forest src=217 bytes=42707 rss=700204088 live=3252924
	csg_mem tag=forest_parse_begin pass=0 src=217 reserve=0 rss=700236856 live=3252949
	csg_mem tag=forest_parse_end pass=0 src=217 arena=3378816 parse_ms=94 rss=703824952 live=3256049
	csg_mem tag=forest_parsed src=217 arena=3378816 rss=703824952 live=3256049
	csg_mem tag=forest src=218 bytes=961 rss=700433464 live=3256042
	csg_mem tag=forest_parse_begin pass=0 src=218 reserve=0 rss=700433464 live=3256057
	csg_mem tag=forest_parse_end pass=0 src=218 arena=48704 parse_ms=1 rss=700466232 live=3256104
	csg_mem tag=forest_parsed src=218 arena=48704 rss=700466232 live=3256104
	csg_mem tag=forest src=219 bytes=142651 rss=700466232 live=3256092
	csg_mem tag=forest_parse_begin pass=0 src=219 reserve=0 rss=700580920 live=3256121
	csg_mem tag=forest_parse_end pass=0 src=219 arena=7740960 parse_ms=256 rss=708510800 live=3266567
	csg_mem tag=forest_parsed src=219 arena=7740960 rss=708527184 live=3266567
	csg_mem tag=forest src=220 bytes=37592 rss=700810296 live=3266582
	csg_mem tag=forest_parse_begin pass=0 src=220 reserve=0 rss=700810296 live=3266605
	csg_mem tag=forest_parse_end pass=0 src=220 arena=1904480 parse_ms=60 rss=702792760 live=3268630
	csg_mem tag=forest_parsed src=220 arena=1904480 rss=702792760 live=3268630
	csg_mem tag=forest src=221 bytes=4151 rss=700875832 live=3268616
	csg_mem tag=forest_parse_begin pass=0 src=221 reserve=0 rss=700875832 live=3268635
	csg_mem tag=forest_parse_end pass=0 src=221 arena=322112 parse_ms=12 rss=701219896 live=3269045
	csg_mem tag=forest_parsed src=221 arena=322112 rss=701219896 live=3269045
	csg_mem tag=forest src=222 bytes=7309 rss=700892216 live=3269032
	csg_mem tag=forest_parse_begin pass=0 src=222 reserve=0 rss=700892216 live=3269053
	csg_mem tag=forest_parse_end pass=0 src=222 arena=582336 parse_ms=17 rss=701514808 live=3269655
	csg_mem tag=forest_parsed src=222 arena=582336 rss=701514808 live=3269655
	csg_mem tag=forest src=223 bytes=10874 rss=700924984 live=3269641
	csg_mem tag=forest_parse_begin pass=0 src=223 reserve=0 rss=700941368 live=3269662
	csg_mem tag=forest_parse_end pass=0 src=223 arena=844128 parse_ms=23 rss=701842488 live=3270563
	csg_mem tag=forest_parsed src=223 arena=844128 rss=701842488 live=3270563
	csg_mem tag=forest src=224 bytes=2184 rss=700990520 live=3270552
	csg_mem tag=forest_parse_begin pass=0 src=224 reserve=0 rss=700990520 live=3270569
	csg_mem tag=forest_parse_end pass=0 src=224 arena=199136 parse_ms=6 rss=701219896 live=3270697
	csg_mem tag=forest_parsed src=224 arena=199136 rss=701219896 live=3270697
	csg_mem tag=forest src=225 bytes=2730 rss=701006904 live=3270683
	csg_mem tag=forest_parse_begin pass=0 src=225 reserve=0 rss=701006904 live=3270700
	csg_mem tag=forest_parse_end pass=0 src=225 arena=220992 parse_ms=6 rss=701236280 live=3270865
	csg_mem tag=forest_parsed src=225 arena=220992 rss=701236280 live=3270865
	csg_mem tag=forest src=226 bytes=13214 rss=701006904 live=3270853
	csg_mem tag=forest_parse_begin pass=0 src=226 reserve=0 rss=701006904 live=3270874
	csg_mem tag=forest_parse_end pass=0 src=226 arena=956544 parse_ms=29 rss=702039096 live=3271884
	csg_mem tag=forest_parsed src=226 arena=956544 rss=702039096 live=3271884
	csg_mem tag=forest src=227 bytes=170 rss=701072440 live=3271872
	csg_mem tag=forest_parse_begin pass=0 src=227 reserve=0 rss=701072440 live=3271883
	csg_mem tag=forest_parse_end pass=0 src=227 arena=10176 parse_ms=0 rss=701072440 live=3271904
	csg_mem tag=forest_parsed src=227 arena=10176 rss=701072440 live=3271904
	csg_mem tag=forest src=228 bytes=13660 rss=701072440 live=3271890
	csg_mem tag=forest_parse_begin pass=0 src=228 reserve=0 rss=701105208 live=3271913
	csg_mem tag=forest_parse_end pass=0 src=228 arena=1243744 parse_ms=36 rss=702399544 live=3272978
	csg_mem tag=forest_parsed src=228 arena=1243744 rss=702399544 live=3272978
	csg_mem tag=forest src=229 bytes=13065 rss=701154360 live=3272964
	csg_mem tag=forest_parse_begin pass=0 src=229 reserve=0 rss=701154360 live=3272985
	csg_mem tag=forest_parse_end pass=0 src=229 arena=1160288 parse_ms=34 rss=702366776 live=3274081
	csg_mem tag=forest_parsed src=229 arena=1160288 rss=702366776 live=3274081
	csg_mem tag=forest src=230 bytes=103363 rss=701203512 live=3274068
	csg_mem tag=forest_parse_begin pass=0 src=230 reserve=0 rss=701236280 live=3274095
	csg_mem tag=forest_parse_end pass=0 src=230 arena=5081696 parse_ms=174 rss=706364496 live=3282321
	csg_mem tag=forest_parsed src=230 arena=5081696 rss=706364496 live=3282321
	csg_mem tag=forest src=231 bytes=5655 rss=701301816 live=3282332
	csg_mem tag=forest_parse_begin pass=0 src=231 reserve=0 rss=701301816 live=3282351
	csg_mem tag=forest_parse_end pass=0 src=231 arena=473504 parse_ms=16 rss=701809720 live=3282966
	csg_mem tag=forest_parsed src=231 arena=473504 rss=701809720 live=3282966
	csg_mem tag=forest src=232 bytes=8447 rss=701334584 live=3282954
	csg_mem tag=forest_parse_begin pass=0 src=232 reserve=0 rss=701334584 live=3282975
	csg_mem tag=forest_parse_end pass=0 src=232 arena=448320 parse_ms=14 rss=701793336 live=3283442
	csg_mem tag=forest_parsed src=232 arena=448320 rss=701793336 live=3283442
	csg_mem tag=forest src=233 bytes=2526 rss=701334584 live=3283433
	csg_mem tag=forest_parse_begin pass=0 src=233 reserve=0 rss=701334584 live=3283450
	csg_mem tag=forest_parse_end pass=0 src=233 arena=117280 parse_ms=3 rss=701334584 live=3283521
	csg_mem tag=forest_parsed src=233 arena=117280 rss=701334584 live=3283521
	csg_mem tag=ta_limits tokens=3631960 type_syntax=158351 type_syntax_children=58789 enum_variants=975 declaration_symbols=1315 functions=17460 bracket_args=1277 generic_symbols=111 generic_symbol_children=0 column_rows=17859567 column_bytes=71438268 rss=701367352 live=3283506
	csg_mem tag=forest_build_done rss=701367352 live=3283506
	csg_mem tag=decl_index entries=1315 sources=234 type_syntax=158351 declarations=156076 verified=0 rss=701367352 live=3283506
	csg_mem tag=ta_limits tokens=3631960 type_syntax=158351 type_syntax_children=58789 enum_variants=975 declaration_symbols=1315 functions=17460 bracket_args=1277 generic_symbols=111 generic_symbol_children=0 column_rows=17859567 column_bytes=71438268 rss=701383736 live=3283557
	csg_mem tag=p1_arena_reserved rss=741115008 live=3283849
	csg_mem tag=p1_ctx_index_built rss=768541848 live=3597367
	csg_mem tag=forest src=0 bytes=7371 rss=768541848 live=3597369
	csg_mem tag=forest_parse_begin pass=1 src=0 reserve=332992 rss=768558232 live=3597395
	csg_mem tag=forest_appended src=0 forest_arena=86204968 rss=776062128 live=3598910
	csg_mem tag=ta_stream src=0 arena=86204968 rss=776062128 live=3598910
	csg_mem tag=forest src=1 bytes=9952 rss=776062128 live=3598904
	csg_mem tag=forest_parse_begin pass=1 src=1 reserve=590400 rss=776078512 live=3598932
	csg_mem tag=forest_appended src=1 forest_arena=86210088 rss=793642160 live=3601371
	csg_mem tag=ta_stream src=1 arena=86210088 rss=793642160 live=3601371
	csg_mem tag=forest src=2 bytes=817253 rss=793642160 live=3601365
	csg_mem tag=forest_parse_begin pass=1 src=2 reserve=33687488 rss=797230256 live=3601405
	csg_mem tag=forest_appended src=2 forest_arena=86347400 rss=866354424 live=3663618
	csg_mem tag=ta_stream src=2 arena=86347400 rss=866354424 live=3663618
	csg_mem tag=forest src=3 bytes=94454 rss=866354424 live=3663612
	csg_mem tag=forest_parse_begin pass=1 src=3 reserve=2989344 rss=866534648 live=3663644
	csg_mem tag=forest_appended src=3 forest_arena=86347400 rss=869811448 live=3670770
	csg_mem tag=ta_stream src=3 arena=86347400 rss=869811448 live=3670770
	csg_mem tag=forest src=4 bytes=59923 rss=869811448 live=3670764
	csg_mem tag=forest_parse_begin pass=1 src=4 reserve=2154880 rss=870024440 live=3670796
	csg_mem tag=forest_appended src=4 forest_arena=86347400 rss=870860048 live=3674063
	csg_mem tag=ta_stream src=4 arena=86347400 rss=870860048 live=3674063
	csg_mem tag=forest src=5 bytes=136411 rss=870860048 live=3674057
	csg_mem tag=forest_parse_begin pass=1 src=5 reserve=4724416 rss=871220496 live=3674091
	csg_mem tag=forest_appended src=5 forest_arena=86347400 rss=875463952 live=3686071
	csg_mem tag=ta_stream src=5 arena=86347400 rss=875463952 live=3686071
	csg_mem tag=forest src=6 bytes=164754 rss=875463952 live=3686065
	csg_mem tag=forest_parse_begin pass=1 src=6 reserve=7853632 rss=875824400 live=3686099
	csg_mem tag=forest_appended src=6 forest_arena=86363784 rss=877626640 live=3697666
	csg_mem tag=ta_stream src=6 arena=86363784 rss=877626640 live=3697666
	csg_mem tag=forest src=7 bytes=126542 rss=877626640 live=3697660
	csg_mem tag=forest_parse_begin pass=1 src=7 reserve=4609888 rss=877741328 live=3697694
	csg_mem tag=forest_appended src=7 forest_arena=86363784 rss=882492688 live=3708634
	csg_mem tag=ta_stream src=7 arena=86363784 rss=882492688 live=3708634
	csg_mem tag=forest src=8 bytes=108814 rss=882492688 live=3708628
	csg_mem tag=forest_parse_begin pass=1 src=8 reserve=4430240 rss=882590992 live=3708662
	csg_mem tag=forest_appended src=8 forest_arena=86363784 rss=886834448 live=3718646
	csg_mem tag=ta_stream src=8 arena=86363784 rss=886834448 live=3718646
	csg_mem tag=forest src=9 bytes=97046 rss=886834448 live=3718640
	csg_mem tag=forest_parse_begin pass=1 src=9 reserve=4022880 rss=886850832 live=3718672
	csg_mem tag=forest_appended src=9 forest_arena=86363784 rss=887555344 live=3724774
	csg_mem tag=ta_stream src=9 arena=86363784 rss=887555344 live=3724774
	csg_mem tag=forest src=10 bytes=263042 rss=887555344 live=3724768
	csg_mem tag=forest_parse_begin pass=1 src=10 reserve=9374496 rss=887719184 live=3724804
	csg_mem tag=forest_appended src=10 forest_arena=86495816 rss=952075560 live=3748854
	csg_mem tag=ta_stream src=10 arena=86495816 rss=952075560 live=3748854
	csg_mem tag=forest src=11 bytes=30477 rss=952075560 live=3748848
	csg_mem tag=forest_parse_begin pass=1 src=11 reserve=2329120 rss=952157480 live=3748878
	csg_mem tag=forest_appended src=11 forest_arena=86495816 rss=953107752 live=3755841
	csg_mem tag=ta_stream src=11 arena=86495816 rss=953107752 live=3755841
	csg_mem tag=forest src=12 bytes=17051 rss=953107752 live=3755835
	csg_mem tag=forest_parse_begin pass=1 src=12 reserve=844704 rss=953124136 live=3755863
	csg_mem tag=forest_appended src=12 forest_arena=86495816 rss=953173288 live=3757143
	csg_mem tag=ta_stream src=12 arena=86495816 rss=953173288 live=3757143
	csg_mem tag=forest src=13 bytes=11252 rss=953173288 live=3757137
	csg_mem tag=forest_parse_begin pass=1 src=13 reserve=640256 rss=953173288 live=3757163
	csg_mem tag=forest_appended src=13 forest_arena=86495816 rss=953959720 live=3760034
	csg_mem tag=ta_stream src=13 arena=86495816 rss=953959720 live=3760034
	csg_mem tag=forest src=14 bytes=520230 rss=953959720 live=3760028
	csg_mem tag=forest_parse_begin pass=1 src=14 reserve=42706688 rss=954697000 live=3760066
	csg_mem tag=forest_appended src=14 forest_arena=86495816 rss=957629736 live=3800854
	csg_mem tag=ta_stream src=14 arena=86495816 rss=957629736 live=3800854
	csg_mem tag=forest src=15 bytes=1170 rss=957629736 live=3800848
	csg_mem tag=forest_parse_begin pass=1 src=15 reserve=86080 rss=957629736 live=3800868
	csg_mem tag=forest_appended src=15 forest_arena=86495816 rss=957646120 live=3800973
	csg_mem tag=ta_stream src=15 arena=86495816 rss=957646120 live=3800973
	csg_mem tag=forest src=16 bytes=99478 rss=957646120 live=3800967
	csg_mem tag=forest_parse_begin pass=1 src=16 reserve=3501280 rss=957678888 live=3800999
	csg_mem tag=forest_appended src=16 forest_arena=86495816 rss=1001751872 live=3815929
	csg_mem tag=ta_stream src=16 arena=86495816 rss=1001751872 live=3815929
	csg_mem tag=forest src=17 bytes=1232 rss=1001751872 live=3815923
	csg_mem tag=forest_parse_begin pass=1 src=17 reserve=74944 rss=1001751872 live=3815943
	csg_mem tag=forest_appended src=17 forest_arena=86495816 rss=1002194240 live=3816005
	csg_mem tag=ta_stream src=17 arena=86495816 rss=1002194240 live=3816005
	csg_mem tag=forest src=18 bytes=1854 rss=1002194240 live=3815999
	csg_mem tag=forest_parse_begin pass=1 src=18 reserve=77312 rss=1002194240 live=3816019
	csg_mem tag=forest_appended src=18 forest_arena=86495816 rss=1002210624 live=3816123
	csg_mem tag=ta_stream src=18 arena=86495816 rss=1002210624 live=3816123
	csg_mem tag=forest src=19 bytes=3277 rss=1002210624 live=3816117
	csg_mem tag=forest_parse_begin pass=1 src=19 reserve=148384 rss=1002210624 live=3816139
	csg_mem tag=forest_appended src=19 forest_arena=86495816 rss=1002505536 live=3816449
	csg_mem tag=ta_stream src=19 arena=86495816 rss=1002505536 live=3816449
	csg_mem tag=forest src=20 bytes=7479 rss=1002505536 live=3816443
	csg_mem tag=forest_parse_begin pass=1 src=20 reserve=347776 rss=1002505536 live=3816469
	csg_mem tag=forest_appended src=20 forest_arena=86495816 rss=1002898752 live=3817257
	csg_mem tag=ta_stream src=20 arena=86495816 rss=1002898752 live=3817257
	csg_mem tag=forest src=21 bytes=3268 rss=1002898752 live=3817251
	csg_mem tag=forest_parse_begin pass=1 src=21 reserve=149952 rss=1002898752 live=3817275
	csg_mem tag=forest_appended src=21 forest_arena=86495816 rss=1003095360 live=3817722
	csg_mem tag=ta_stream src=21 arena=86495816 rss=1003095360 live=3817722
	csg_mem tag=forest src=22 bytes=89269 rss=1003095360 live=3817716
	csg_mem tag=forest_parse_begin pass=1 src=22 reserve=4730080 rss=1003324736 live=3817750
	csg_mem tag=forest_appended src=22 forest_arena=86528584 rss=1033569624 live=3829738
	csg_mem tag=ta_stream src=22 arena=86528584 rss=1033569624 live=3829738
	csg_mem tag=forest src=23 bytes=25398 rss=1033569624 live=3829732
	csg_mem tag=forest_parse_begin pass=1 src=23 reserve=2084096 rss=1033569624 live=3829762
	csg_mem tag=forest_appended src=23 forest_arena=86528584 rss=1034356056 live=3834061
	csg_mem tag=ta_stream src=23 arena=86528584 rss=1034356056 live=3834061
	csg_mem tag=forest src=24 bytes=36083 rss=1034356056 live=3834055
	csg_mem tag=forest_parse_begin pass=1 src=24 reserve=1605088 rss=1034388824 live=3834085
	csg_mem tag=forest_appended src=24 forest_arena=86528584 rss=1039664472 live=3838567
	csg_mem tag=ta_stream src=24 arena=86528584 rss=1039664472 live=3838567
	csg_mem tag=forest src=25 bytes=29310 rss=1039664472 live=3838561
	csg_mem tag=forest_parse_begin pass=1 src=25 reserve=1202464 rss=1039713624 live=3838591
	csg_mem tag=forest_appended src=25 forest_arena=86528584 rss=1040434520 live=3840650
	csg_mem tag=ta_stream src=25 arena=86528584 rss=1040434520 live=3840650
	csg_mem tag=forest src=26 bytes=21459 rss=1040434520 live=3840644
	csg_mem tag=forest_parse_begin pass=1 src=26 reserve=1165504 rss=1040450904 live=3840672
	csg_mem tag=forest_appended src=26 forest_arena=86528584 rss=1041057112 live=3842664
	csg_mem tag=ta_stream src=26 arena=86528584 rss=1041057112 live=3842664
	csg_mem tag=forest src=27 bytes=1082 rss=1041057112 live=3842658
	csg_mem tag=forest_parse_begin pass=1 src=27 reserve=130112 rss=1041057112 live=3842678
	csg_mem tag=forest_appended src=27 forest_arena=86528584 rss=1041581400 live=3842816
	csg_mem tag=ta_stream src=27 arena=86528584 rss=1041581400 live=3842816
	csg_mem tag=forest src=28 bytes=5750 rss=1041581400 live=3842810
	csg_mem tag=forest_parse_begin pass=1 src=28 reserve=325856 rss=1041597784 live=3842836
	csg_mem tag=forest_appended src=28 forest_arena=86528584 rss=1042007384 live=3843517
	csg_mem tag=ta_stream src=28 arena=86528584 rss=1042023768 live=3843517
	csg_mem tag=forest src=29 bytes=59609 rss=1042023768 live=3843511
	csg_mem tag=forest_parse_begin pass=1 src=29 reserve=3300512 rss=1042187608 live=3843543
	csg_mem tag=forest_appended src=29 forest_arena=86528584 rss=1052214616 live=3849173
	csg_mem tag=ta_stream src=29 arena=86528584 rss=1052214616 live=3849173
	csg_mem tag=forest src=30 bytes=50794 rss=1052214616 live=3849167
	csg_mem tag=forest_parse_begin pass=1 src=30 reserve=2303808 rss=1052345688 live=3849199
	csg_mem tag=forest_appended src=30 forest_arena=86528584 rss=1064289648 live=3854732
	csg_mem tag=ta_stream src=30 arena=86528584 rss=1064289648 live=3854732
	csg_mem tag=forest src=31 bytes=52710 rss=1064289648 live=3854726
	csg_mem tag=forest_parse_begin pass=1 src=31 reserve=2312960 rss=1064420720 live=3854758
	csg_mem tag=forest_appended src=31 forest_arena=86528584 rss=1069679984 live=3859249
	csg_mem tag=ta_stream src=31 arena=86528584 rss=1069679984 live=3859249
	csg_mem tag=forest src=32 bytes=2252 rss=1069679984 live=3859243
	csg_mem tag=forest_parse_begin pass=1 src=32 reserve=161120 rss=1069679984 live=3859265
	csg_mem tag=forest_appended src=32 forest_arena=86528584 rss=1072088432 live=3859614
	csg_mem tag=ta_stream src=32 arena=86528584 rss=1072088432 live=3859614
	csg_mem tag=forest src=33 bytes=48367 rss=1072088432 live=3859608
	csg_mem tag=forest_parse_begin pass=1 src=33 reserve=2049152 rss=1072121200 live=3859638
	csg_mem tag=forest_appended src=33 forest_arena=86528584 rss=1078445424 live=3864122
	csg_mem tag=ta_stream src=33 arena=86528584 rss=1078445424 live=3864122
	csg_mem tag=forest src=34 bytes=16779 rss=1078445424 live=3864116
	csg_mem tag=forest_parse_begin pass=1 src=34 reserve=1136064 rss=1078478192 live=3864144
	csg_mem tag=forest_appended src=34 forest_arena=86528584 rss=1083262320 live=3866206
	csg_mem tag=ta_stream src=34 arena=86528584 rss=1083262320 live=3866206
	csg_mem tag=forest src=35 bytes=241090 rss=1083262320 live=3866200
	csg_mem tag=forest_parse_begin pass=1 src=35 reserve=9308256 rss=1083721096 live=3866236
	csg_mem tag=forest_appended src=35 forest_arena=86790728 rss=1088128392 live=3886467
	csg_mem tag=ta_stream src=35 arena=86790728 rss=1088128392 live=3886467
	csg_mem tag=forest src=36 bytes=21751 rss=1088128392 live=3886461
	csg_mem tag=forest_parse_begin pass=1 src=36 reserve=1196704 rss=1088161160 live=3886491
	csg_mem tag=forest_appended src=36 forest_arena=86790728 rss=1093977480 live=3888684
	csg_mem tag=ta_stream src=36 arena=86790728 rss=1093977480 live=3888684
	csg_mem tag=forest src=37 bytes=91449 rss=1093977480 live=3888678
	csg_mem tag=forest_parse_begin pass=1 src=37 reserve=8008672 rss=1094141320 live=3888712
	csg_mem tag=forest_appended src=37 forest_arena=86790728 rss=1107477920 live=3901493
	csg_mem tag=ta_stream src=37 arena=86790728 rss=1107477920 live=3901493
	csg_mem tag=forest src=38 bytes=22555 rss=1107477920 live=3901487
	csg_mem tag=forest_parse_begin pass=1 src=38 reserve=1245440 rss=1107477920 live=3901517
	csg_mem tag=forest_appended src=38 forest_arena=86790728 rss=1107821984 live=3905667
	csg_mem tag=ta_stream src=38 arena=86790728 rss=1107821984 live=3905667
	csg_mem tag=forest src=39 bytes=16869 rss=1107821984 live=3905661
	csg_mem tag=forest_parse_begin pass=1 src=39 reserve=1177632 rss=1107854752 live=3905689
	csg_mem tag=forest_appended src=39 forest_arena=86790728 rss=1107969440 live=3908867
	csg_mem tag=ta_stream src=39 arena=86790728 rss=1107969440 live=3908867
	csg_mem tag=forest src=40 bytes=42339 rss=1107969440 live=3908861
	csg_mem tag=forest_parse_begin pass=1 src=40 reserve=3180768 rss=1107985824 live=3908891
	csg_mem tag=forest_appended src=40 forest_arena=86790728 rss=1119487392 live=3916555
	csg_mem tag=ta_stream src=40 arena=86790728 rss=1119487392 live=3916555
	csg_mem tag=forest src=41 bytes=16263 rss=1119487392 live=3916549
	csg_mem tag=forest_parse_begin pass=1 src=41 reserve=1110304 rss=1119487392 live=3916577
	csg_mem tag=forest_appended src=41 forest_arena=86790728 rss=1119896992 live=3919583
	csg_mem tag=ta_stream src=41 arena=86790728 rss=1119896992 live=3919583
	csg_mem tag=forest src=42 bytes=14980 rss=1119896992 live=3919577
	csg_mem tag=forest_parse_begin pass=1 src=42 reserve=1110176 rss=1119913376 live=3919605
	csg_mem tag=forest_appended src=42 forest_arena=86790728 rss=1120011680 live=3922516
	csg_mem tag=ta_stream src=42 arena=86790728 rss=1120011680 live=3922516
	csg_mem tag=forest src=43 bytes=1470 rss=1120011680 live=3922510
	csg_mem tag=forest_parse_begin pass=1 src=43 reserve=133856 rss=1120011680 live=3922532
	csg_mem tag=forest_appended src=43 forest_arena=86790728 rss=1123911072 live=3922893
	csg_mem tag=ta_stream src=43 arena=86790728 rss=1123911072 live=3922893
	csg_mem tag=forest src=44 bytes=45177 rss=1123911072 live=3922887
	csg_mem tag=forest_parse_begin pass=1 src=44 reserve=2249056 rss=1123911072 live=3922919
	csg_mem tag=forest_appended src=44 forest_arena=86790728 rss=1126172064 live=3927355
	csg_mem tag=ta_stream src=44 arena=86790728 rss=1126172064 live=3927355
	csg_mem tag=forest src=45 bytes=3258 rss=1126172064 live=3927349
	csg_mem tag=forest_parse_begin pass=1 src=45 reserve=270816 rss=1126188448 live=3927373
	csg_mem tag=forest_appended src=45 forest_arena=86790728 rss=1126237600 live=3927819
	csg_mem tag=ta_stream src=45 arena=86790728 rss=1126237600 live=3927819
	csg_mem tag=forest src=46 bytes=1452 rss=1126237600 live=3927813
	csg_mem tag=forest_parse_begin pass=1 src=46 reserve=107872 rss=1126253984 live=3927835
	csg_mem tag=forest_appended src=46 forest_arena=86790728 rss=1126581664 live=3928010
	csg_mem tag=ta_stream src=46 arena=86790728 rss=1126581664 live=3928010
	csg_mem tag=forest src=47 bytes=1498710 rss=1126581664 live=3928004
	csg_mem tag=forest_parse_begin pass=1 src=47 reserve=63084928 rss=1129579936 live=3928044
	csg_mem tag=forest_appended src=47 forest_arena=86856264 rss=1212122576 live=4034777
	csg_mem tag=ta_stream src=47 arena=86856264 rss=1212122576 live=4034777
	csg_mem tag=forest src=48 bytes=15407 rss=1212122576 live=4034771
	csg_mem tag=forest_parse_begin pass=1 src=48 reserve=1044512 rss=1212122576 live=4034799
	csg_mem tag=forest_appended src=48 forest_arena=86856264 rss=1217168848 live=4036349
	csg_mem tag=ta_stream src=48 arena=86856264 rss=1217168848 live=4036349
	csg_mem tag=forest src=49 bytes=36412 rss=1217168848 live=4036343
	csg_mem tag=forest_parse_begin pass=1 src=49 reserve=2292480 rss=1217250768 live=4036373
	csg_mem tag=forest_appended src=49 forest_arena=86856264 rss=1218004432 live=4041559
	csg_mem tag=ta_stream src=49 arena=86856264 rss=1218004432 live=4041559
	csg_mem tag=forest src=50 bytes=212055 rss=1218004432 live=4041553
	csg_mem tag=forest_parse_begin pass=1 src=50 reserve=9256128 rss=1218315728 live=4041587
	csg_mem tag=forest_appended src=50 forest_arena=86856264 rss=1239041512 live=4062696
	csg_mem tag=ta_stream src=50 arena=86856264 rss=1239041512 live=4062696
	csg_mem tag=forest src=51 bytes=714 rss=1239041512 live=4062690
	csg_mem tag=forest_parse_begin pass=1 src=51 reserve=103104 rss=1239057896 live=4062710
	csg_mem tag=forest_appended src=51 forest_arena=86856264 rss=1239582184 live=4062812
	csg_mem tag=ta_stream src=51 arena=86856264 rss=1239598568 live=4062812
	csg_mem tag=forest src=52 bytes=15736 rss=1239598568 live=4062806
	csg_mem tag=forest_parse_begin pass=1 src=52 reserve=631392 rss=1239614952 live=4062834
	csg_mem tag=forest_appended src=52 forest_arena=86856264 rss=1240106472 live=4064065
	csg_mem tag=ta_stream src=52 arena=86856264 rss=1240106472 live=4064065
	csg_mem tag=forest src=53 bytes=15907 rss=1240106472 live=4064059
	csg_mem tag=forest_parse_begin pass=1 src=53 reserve=813696 rss=1240122856 live=4064087
	csg_mem tag=forest_appended src=53 forest_arena=86856264 rss=1245005288 live=4065902
	csg_mem tag=ta_stream src=53 arena=86856264 rss=1245005288 live=4065902
	csg_mem tag=forest src=54 bytes=18039 rss=1245005288 live=4065896
	csg_mem tag=forest_parse_begin pass=1 src=54 reserve=1037600 rss=1245005288 live=4065924
	csg_mem tag=forest_appended src=54 forest_arena=86856264 rss=1249641960 live=4067450
	csg_mem tag=ta_stream src=54 arena=86856264 rss=1249641960 live=4067450
	csg_mem tag=forest src=55 bytes=7239 rss=1249641960 live=4067444
	csg_mem tag=forest_parse_begin pass=1 src=55 reserve=628384 rss=1249641960 live=4067470
	csg_mem tag=forest_appended src=55 forest_arena=86856264 rss=1252328936 live=4068682
	csg_mem tag=ta_stream src=55 arena=86856264 rss=1252328936 live=4068682
	csg_mem tag=forest src=56 bytes=11717 rss=1252328936 live=4068676
	csg_mem tag=forest_parse_begin pass=1 src=56 reserve=606176 rss=1252345320 live=4068704
	csg_mem tag=forest_appended src=56 forest_arena=86856264 rss=1257260520 live=4070107
	csg_mem tag=ta_stream src=56 arena=86856264 rss=1257260520 live=4070107
	csg_mem tag=forest src=57 bytes=2498 rss=1257260520 live=4070101
	csg_mem tag=forest_parse_begin pass=1 src=57 reserve=173568 rss=1257260520 live=4070125
	csg_mem tag=forest_appended src=57 forest_arena=86856264 rss=1262241256 live=4070576
	csg_mem tag=ta_stream src=57 arena=86856264 rss=1262241256 live=4070576
	csg_mem tag=forest src=58 bytes=9947 rss=1262241256 live=4070570
	csg_mem tag=forest_parse_begin pass=1 src=58 reserve=628064 rss=1262257640 live=4070598
	csg_mem tag=forest_appended src=58 forest_arena=86856264 rss=1267189224 live=4071836
	csg_mem tag=ta_stream src=58 arena=86856264 rss=1267189224 live=4071836
	csg_mem tag=forest src=59 bytes=59910 rss=1267189224 live=4071830
	csg_mem tag=forest_parse_begin pass=1 src=59 reserve=2395456 rss=1267320296 live=4071862
	csg_mem tag=forest_appended src=59 forest_arena=86856264 rss=1281443304 live=4077703
	csg_mem tag=ta_stream src=59 arena=86856264 rss=1281443304 live=4077703
	csg_mem tag=forest src=60 bytes=4463 rss=1281443304 live=4077697
	csg_mem tag=forest_parse_begin pass=1 src=60 reserve=311968 rss=1281459688 live=4077721
	csg_mem tag=forest_appended src=60 forest_arena=86856264 rss=1281902056 live=4078295
	csg_mem tag=ta_stream src=60 arena=86856264 rss=1281902056 live=4078295
	csg_mem tag=forest src=61 bytes=4513921 rss=1281902056 live=4078289
	csg_mem tag=forest_parse_begin pass=1 src=61 reserve=140326336 rss=1291732480 live=4078333
	csg_mem tag=forest_appended src=61 forest_arena=87380552 rss=1341539912 live=4354184
	csg_mem tag=ta_stream src=61 arena=87380552 rss=1341539912 live=4354184
	csg_mem tag=forest src=62 bytes=214132 rss=1339246152 live=4354178
	csg_mem tag=forest_parse_begin pass=1 src=62 reserve=9212704 rss=1339541064 live=4354214
	csg_mem tag=forest_appended src=62 forest_arena=87380552 rss=1348961864 live=4373597
	csg_mem tag=ta_stream src=62 arena=87380552 rss=1348961864 live=4373597
	csg_mem tag=forest src=63 bytes=146632 rss=1348961864 live=4373591
	csg_mem tag=forest_parse_begin pass=1 src=63 reserve=7960864 rss=1349125704 live=4373625
	csg_mem tag=forest_appended src=63 forest_arena=87380552 rss=1370310240 live=4387262
	csg_mem tag=ta_stream src=63 arena=87380552 rss=1370310240 live=4387262
	csg_mem tag=forest src=64 bytes=60278 rss=1370310240 live=4387256
	csg_mem tag=forest_parse_begin pass=1 src=64 reserve=2303296 rss=1370375776 live=4387288
	csg_mem tag=forest_appended src=64 forest_arena=87380552 rss=1377814112 live=4392311
	csg_mem tag=ta_stream src=64 arena=87380552 rss=1377814112 live=4392311
	csg_mem tag=forest src=65 bytes=26513 rss=1377814112 live=4392305
	csg_mem tag=forest_parse_begin pass=1 src=65 reserve=1995360 rss=1377846880 live=4392335
	csg_mem tag=forest_appended src=65 forest_arena=87380552 rss=1382827616 live=4395679
	csg_mem tag=ta_stream src=65 arena=87380552 rss=1382827616 live=4395679
	csg_mem tag=forest src=66 bytes=115864 rss=1382827616 live=4395673
	csg_mem tag=forest_parse_begin pass=1 src=66 reserve=7930400 rss=1383089760 live=4395707
	csg_mem tag=forest_appended src=66 forest_arena=87511624 rss=1393772152 live=4408945
	csg_mem tag=ta_stream src=66 arena=87511624 rss=1393772152 live=4408945
	csg_mem tag=forest src=67 bytes=342860 rss=1393772152 live=4408939
	csg_mem tag=forest_parse_begin pass=1 src=67 reserve=15800960 rss=1394525816 live=4408975
	csg_mem tag=forest_appended src=67 forest_arena=87511624 rss=1437107856 live=4443752
	csg_mem tag=ta_stream src=67 arena=87511624 rss=1437107856 live=4443752
	csg_mem tag=forest src=68 bytes=93793 rss=1437107856 live=4443746
	csg_mem tag=forest_parse_begin pass=1 src=68 reserve=4565024 rss=1437304464 live=4443780
	csg_mem tag=forest_appended src=68 forest_arena=87511624 rss=1442317968 live=4453103
	csg_mem tag=ta_stream src=68 arena=87511624 rss=1442317968 live=4453103
	csg_mem tag=forest src=69 bytes=18553 rss=1442334352 live=4453097
	csg_mem tag=forest_parse_begin pass=1 src=69 reserve=1625664 rss=1442334352 live=4453125
	csg_mem tag=forest_appended src=69 forest_arena=87511624 rss=1442825872 live=4459609
	csg_mem tag=ta_stream src=69 arena=87511624 rss=1442825872 live=4459609
	csg_mem tag=forest src=70 bytes=23302 rss=1442825872 live=4459603
	csg_mem tag=forest_parse_begin pass=1 src=70 reserve=1144480 rss=1442842256 live=4459633
	csg_mem tag=forest_appended src=70 forest_arena=87512648 rss=1447347856 live=4462811
	csg_mem tag=ta_stream src=70 arena=87512648 rss=1447347856 live=4462811
	csg_mem tag=forest src=71 bytes=12094 rss=1447347856 live=4462805
	csg_mem tag=forest_parse_begin pass=1 src=71 reserve=550048 rss=1447364240 live=4462831
	csg_mem tag=forest_appended src=71 forest_arena=87512648 rss=1447593616 live=4463978
	csg_mem tag=ta_stream src=71 arena=87512648 rss=1447593616 live=4463978
	csg_mem tag=forest src=72 bytes=373101 rss=1447593616 live=4463972
	csg_mem tag=forest_parse_begin pass=1 src=72 reserve=15859040 rss=1447986832 live=4464008
	csg_mem tag=forest_appended src=72 forest_arena=87512648 rss=1476232848 live=4492436
	csg_mem tag=ta_stream src=72 arena=87512648 rss=1476232848 live=4492436
	csg_mem tag=forest src=73 bytes=5619 rss=1476232848 live=4492430
	csg_mem tag=forest_parse_begin pass=1 src=73 reserve=271584 rss=1476232848 live=4492456
	csg_mem tag=forest_appended src=73 forest_arena=87512648 rss=1476298384 live=4493028
	csg_mem tag=ta_stream src=73 arena=87512648 rss=1476298384 live=4493028
	csg_mem tag=forest src=74 bytes=256078 rss=1476298384 live=4493022
	csg_mem tag=forest_parse_begin pass=1 src=74 reserve=9185664 rss=1476527760 live=4493058
	csg_mem tag=forest_appended src=74 forest_arena=87512648 rss=1488029328 live=4511729
	csg_mem tag=ta_stream src=74 arena=87512648 rss=1488029328 live=4511729
	csg_mem tag=forest src=75 bytes=228229 rss=1488029328 live=4511723
	csg_mem tag=forest_parse_begin pass=1 src=75 reserve=9063872 rss=1488406160 live=4511759
	csg_mem tag=forest_appended src=75 forest_arena=87512648 rss=1512588968 live=4532288
	csg_mem tag=ta_stream src=75 arena=87512648 rss=1512588968 live=4532288
	csg_mem tag=forest src=76 bytes=9159 rss=1512588968 live=4532282
	csg_mem tag=forest_parse_begin pass=1 src=76 reserve=546720 rss=1512588968 live=4532310
	csg_mem tag=forest_appended src=76 forest_arena=87512648 rss=1512933032 live=4533089
	csg_mem tag=ta_stream src=76 arena=87512648 rss=1512933032 live=4533089
	csg_mem tag=forest src=77 bytes=207027 rss=1512933032 live=4533083
	csg_mem tag=forest_parse_begin pass=1 src=77 reserve=9371904 rss=1513064104 live=4533119
	csg_mem tag=forest_appended src=77 forest_arena=87512648 rss=1514948264 live=4556316
	csg_mem tag=ta_stream src=77 arena=87512648 rss=1514948264 live=4556316
	csg_mem tag=forest src=78 bytes=21659 rss=1514948264 live=4556310
	csg_mem tag=forest_parse_begin pass=1 src=78 reserve=962688 rss=1514948264 live=4556338
	csg_mem tag=forest_appended src=78 forest_arena=87512648 rss=1515112104 live=4558852
	csg_mem tag=ta_stream src=78 arena=87512648 rss=1515112104 live=4558852
	csg_mem tag=forest src=79 bytes=138950 rss=1515112104 live=4558846
	csg_mem tag=forest_parse_begin pass=1 src=79 reserve=7739264 rss=1515243176 live=4558880
	csg_mem tag=forest_appended src=79 forest_arena=87512648 rss=1516029608 live=4572280
	csg_mem tag=ta_stream src=79 arena=87512648 rss=1516045992 live=4572280
	csg_mem tag=forest src=80 bytes=16818 rss=1516045992 live=4572274
	csg_mem tag=forest_parse_begin pass=1 src=80 reserve=645632 rss=1516062376 live=4572302
	csg_mem tag=forest_appended src=80 forest_arena=87512648 rss=1518765736 live=4573863
	csg_mem tag=ta_stream src=80 arena=87512648 rss=1518765736 live=4573863
	csg_mem tag=forest src=81 bytes=7011 rss=1518765736 live=4573857
	csg_mem tag=forest_parse_begin pass=1 src=81 reserve=91904 rss=1518765736 live=4573881
	csg_mem tag=forest_appended src=81 forest_arena=87512648 rss=1519306408 live=4574068
	csg_mem tag=ta_stream src=81 arena=87512648 rss=1519306408 live=4574068
	csg_mem tag=forest src=82 bytes=3088 rss=1519306408 live=4574062
	csg_mem tag=forest_parse_begin pass=1 src=82 reserve=200640 rss=1519306408 live=4574086
	csg_mem tag=forest_appended src=82 forest_arena=87512648 rss=1519961768 live=4574508
	csg_mem tag=ta_stream src=82 arena=87512648 rss=1519961768 live=4574508
	csg_mem tag=forest src=83 bytes=209875 rss=1519961768 live=4574502
	csg_mem tag=forest_parse_begin pass=1 src=83 reserve=8738208 rss=1520273064 live=4574538
	csg_mem tag=forest_appended src=83 forest_arena=87512648 rss=1540310720 live=4592699
	csg_mem tag=ta_stream src=83 arena=87512648 rss=1540310720 live=4592699
	csg_mem tag=forest src=84 bytes=113595 rss=1540310720 live=4592693
	csg_mem tag=forest_parse_begin pass=1 src=84 reserve=4164256 rss=1543096000 live=4592727
	csg_mem tag=forest_appended src=84 forest_arena=87512648 rss=1565935296 live=4602608
	csg_mem tag=ta_stream src=84 arena=87512648 rss=1565935296 live=4602608
	csg_mem tag=forest src=85 bytes=694424 rss=1565935296 live=4602602
	csg_mem tag=forest_parse_begin pass=1 src=85 reserve=31589856 rss=1566688960 live=4602640
	csg_mem tag=forest_appended src=85 forest_arena=87512648 rss=1575847640 live=4661929
	csg_mem tag=ta_stream src=85 arena=87512648 rss=1575847640 live=4661929
	csg_mem tag=forest src=86 bytes=84731 rss=1575847640 live=4661923
	csg_mem tag=forest_parse_begin pass=1 src=86 reserve=4720672 rss=1575945944 live=4661957
	csg_mem tag=forest_appended src=86 forest_arena=87512648 rss=1588070104 live=4671763
	csg_mem tag=ta_stream src=86 arena=87512648 rss=1588070104 live=4671763
	csg_mem tag=forest src=87 bytes=95381 rss=1588070104 live=4671757
	csg_mem tag=forest_parse_begin pass=1 src=87 reserve=4723168 rss=1588135640 live=4671791
	csg_mem tag=forest_appended src=87 forest_arena=87512648 rss=1595492056 live=4682553
	csg_mem tag=ta_stream src=87 arena=87512648 rss=1595492056 live=4682553
	csg_mem tag=forest src=88 bytes=100872 rss=1595492056 live=4682547
	csg_mem tag=forest_parse_begin pass=1 src=88 reserve=4625696 rss=1595721432 live=4682581
	csg_mem tag=forest_appended src=88 forest_arena=87512648 rss=1610893016 live=4694187
	csg_mem tag=ta_stream src=88 arena=87512648 rss=1610893016 live=4694187
	csg_mem tag=forest src=89 bytes=8802 rss=1610893016 live=4694181
	csg_mem tag=forest_parse_begin pass=1 src=89 reserve=616064 rss=1610925784 live=4694209
	csg_mem tag=forest_appended src=89 forest_arena=87512648 rss=1611482840 live=4695440
	csg_mem tag=ta_stream src=89 arena=87512648 rss=1611482840 live=4695440
	csg_mem tag=forest src=90 bytes=36472 rss=1611482840 live=4695434
	csg_mem tag=forest_parse_begin pass=1 src=90 reserve=2347904 rss=1611613912 live=4695466
	csg_mem tag=forest_appended src=90 forest_arena=88561224 rss=1626818264 live=4700134
	csg_mem tag=ta_stream src=90 arena=88561224 rss=1626818264 live=4700134
	csg_mem tag=forest src=91 bytes=9587 rss=1626818264 live=4700128
	csg_mem tag=forest_parse_begin pass=1 src=91 reserve=643104 rss=1626867416 live=4700156
	csg_mem tag=forest_appended src=91 forest_arena=88561224 rss=1627490008 live=4701543
	csg_mem tag=ta_stream src=91 arena=88561224 rss=1627490008 live=4701543
	csg_mem tag=forest src=92 bytes=146673 rss=1627490008 live=4701537
	csg_mem tag=forest_parse_begin pass=1 src=92 reserve=6091680 rss=1628227288 live=4701571
	csg_mem tag=forest_appended src=92 forest_arena=88561224 rss=1637385968 live=4716886
	csg_mem tag=ta_stream src=92 arena=88561224 rss=1637385968 live=4716886
	csg_mem tag=forest src=93 bytes=85404 rss=1637385968 live=4716880
	csg_mem tag=forest_parse_begin pass=1 src=93 reserve=4470880 rss=1637713648 live=4716914
	csg_mem tag=forest_appended src=93 forest_arena=88561224 rss=1668761352 live=4725345
	csg_mem tag=ta_stream src=93 arena=88561224 rss=1668761352 live=4725345
	csg_mem tag=forest src=94 bytes=60609 rss=1668761352 live=4725339
	csg_mem tag=forest_parse_begin pass=1 src=94 reserve=3070912 rss=1668957960 live=4725371
	csg_mem tag=forest_appended src=94 forest_arena=88561224 rss=1700808456 live=4731824
	csg_mem tag=ta_stream src=94 arena=88561224 rss=1700808456 live=4731824
	csg_mem tag=forest src=95 bytes=21133 rss=1700808456 live=4731818
	csg_mem tag=forest_parse_begin pass=1 src=95 reserve=1193184 rss=1700890376 live=4731848
	csg_mem tag=forest_appended src=95 forest_arena=88561224 rss=1701119752 live=4733971
	csg_mem tag=ta_stream src=95 arena=88561224 rss=1701119752 live=4733971
	csg_mem tag=forest src=96 bytes=3751 rss=1701119752 live=4733965
	csg_mem tag=forest_parse_begin pass=1 src=96 reserve=262016 rss=1701119752 live=4733989
	csg_mem tag=forest_appended src=96 forest_arena=88561224 rss=1701512968 live=4734345
	csg_mem tag=ta_stream src=96 arena=88561224 rss=1701512968 live=4734345
	csg_mem tag=forest src=97 bytes=97141 rss=1701512968 live=4734339
	csg_mem tag=forest_parse_begin pass=1 src=97 reserve=4720672 rss=1701807880 live=4734373
	csg_mem tag=forest_appended src=97 forest_arena=88561224 rss=1708771104 live=4745570
	csg_mem tag=ta_stream src=97 arena=88561224 rss=1708771104 live=4745570
	csg_mem tag=forest src=98 bytes=25148 rss=1708771104 live=4745564
	csg_mem tag=forest_parse_begin pass=1 src=98 reserve=1225728 rss=1708820256 live=4745594
	csg_mem tag=forest_appended src=98 forest_arena=88561224 rss=1711081224 live=4747883
	csg_mem tag=ta_stream src=98 arena=88561224 rss=1711081224 live=4747883
	csg_mem tag=forest src=99 bytes=67075 rss=1711081224 live=4747877
	csg_mem tag=forest_parse_begin pass=1 src=99 reserve=4002112 rss=1711163144 live=4747909
	csg_mem tag=forest_appended src=99 forest_arena=88561224 rss=1722255136 live=4753878
	csg_mem tag=ta_stream src=99 arena=88561224 rss=1722255136 live=4753878
	csg_mem tag=forest src=100 bytes=122136 rss=1722271520 live=4753872
	csg_mem tag=forest_parse_begin pass=1 src=100 reserve=4648800 rss=1722582816 live=4753906
	csg_mem tag=forest_appended src=100 forest_arena=88561224 rss=1729627936 live=4764594
	csg_mem tag=ta_stream src=100 arena=88561224 rss=1729627936 live=4764594
	csg_mem tag=forest src=101 bytes=477806 rss=1729627936 live=4764588
	csg_mem tag=forest_parse_begin pass=1 src=101 reserve=18413024 rss=1729988384 live=4764626
	csg_mem tag=forest_appended src=101 forest_arena=88561224 rss=1748010808 live=4816129
	csg_mem tag=ta_stream src=101 arena=88561224 rss=1748010808 live=4816129
	csg_mem tag=forest src=102 bytes=9251 rss=1748010808 live=4816123
	csg_mem tag=forest_parse_begin pass=1 src=102 reserve=476512 rss=1748010808 live=4816149
	csg_mem tag=forest_appended src=102 forest_arena=88561224 rss=1748076344 live=4817173
	csg_mem tag=ta_stream src=102 arena=88561224 rss=1748076344 live=4817173
	csg_mem tag=forest src=103 bytes=35254 rss=1748076344 live=4817167
	csg_mem tag=forest_parse_begin pass=1 src=103 reserve=1762176 rss=1748125496 live=4817199
	csg_mem tag=forest_appended src=103 forest_arena=88561224 rss=1752909624 live=4821057
	csg_mem tag=ta_stream src=103 arena=88561224 rss=1752909624 live=4821057
	csg_mem tag=forest src=104 bytes=207662 rss=1752909624 live=4821051
	csg_mem tag=forest_parse_begin pass=1 src=104 reserve=8878976 rss=1753319224 live=4821087
	csg_mem tag=forest_appended src=104 forest_arena=88561224 rss=1781581648 live=4839666
	csg_mem tag=ta_stream src=104 arena=88561224 rss=1781581648 live=4839666
	csg_mem tag=forest src=105 bytes=53041 rss=1781581648 live=4839660
	csg_mem tag=forest_parse_begin pass=1 src=105 reserve=2324608 rss=1781778256 live=4839692
	csg_mem tag=forest_appended src=105 forest_arena=88561224 rss=1787299664 live=4844073
	csg_mem tag=ta_stream src=105 arena=88561224 rss=1787299664 live=4844073
	csg_mem tag=forest src=106 bytes=19779 rss=1787299664 live=4844067
	csg_mem tag=forest_parse_begin pass=1 src=106 reserve=817280 rss=1787348816 live=4844095
	csg_mem tag=forest_appended src=106 forest_arena=88561224 rss=1790265168 live=4845856
	csg_mem tag=ta_stream src=106 arena=88561224 rss=1790265168 live=4845856
	csg_mem tag=forest src=107 bytes=274 rss=1790265168 live=4845850
	csg_mem tag=forest_parse_begin pass=1 src=107 reserve=74912 rss=1790281552 live=4845868
	csg_mem tag=forest_appended src=107 forest_arena=88561224 rss=1790773072 live=4845947
	csg_mem tag=ta_stream src=107 arena=88561224 rss=1790773072 live=4845947
	csg_mem tag=forest src=108 bytes=131447 rss=1790773072 live=4845941
	csg_mem tag=forest_parse_begin pass=1 src=108 reserve=4902496 rss=1791330128 live=4845975
	csg_mem tag=forest_appended src=108 forest_arena=88561224 rss=1825425256 live=4857982
	csg_mem tag=ta_stream src=108 arena=88561224 rss=1825425256 live=4857982
	csg_mem tag=forest src=109 bytes=204964 rss=1825425256 live=4857976
	csg_mem tag=forest_parse_begin pass=1 src=109 reserve=8876160 rss=1826015080 live=4858012
	csg_mem tag=forest_appended src=109 forest_arena=88561224 rss=1851049856 live=4873957
	csg_mem tag=ta_stream src=109 arena=88561224 rss=1851049856 live=4873957
	csg_mem tag=forest src=110 bytes=26073 rss=1851049856 live=4873951
	csg_mem tag=forest_parse_begin pass=1 src=110 reserve=1174464 rss=1851115392 live=4873981
	csg_mem tag=forest_appended src=110 forest_arena=88561224 rss=1854113664 live=4876280
	csg_mem tag=ta_stream src=110 arena=88561224 rss=1854113664 live=4876280
	csg_mem tag=forest src=111 bytes=52561 rss=1854113664 live=4876274
	csg_mem tag=forest_parse_begin pass=1 src=111 reserve=2368576 rss=1854277504 live=4876306
	csg_mem tag=forest_appended src=111 forest_arena=88561224 rss=1859209088 live=4881180
	csg_mem tag=ta_stream src=111 arena=88561224 rss=1859209088 live=4881180
	csg_mem tag=forest src=112 bytes=54759 rss=1859209088 live=4881174
	csg_mem tag=forest_parse_begin pass=1 src=112 reserve=2391104 rss=1859241856 live=4881206
	csg_mem tag=forest_appended src=112 forest_arena=88561224 rss=1879115672 live=4886561
	csg_mem tag=ta_stream src=112 arena=88561224 rss=1879115672 live=4886561
	csg_mem tag=forest src=113 bytes=22222 rss=1879115672 live=4886555
	csg_mem tag=forest_parse_begin pass=1 src=113 reserve=1071680 rss=1879164824 live=4886583
	csg_mem tag=forest_appended src=113 forest_arena=88561224 rss=1881753496 live=4888819
	csg_mem tag=ta_stream src=113 arena=88561224 rss=1881753496 live=4888819
	csg_mem tag=forest src=114 bytes=396704 rss=1881753496 live=4888813
	csg_mem tag=forest_parse_begin pass=1 src=114 reserve=15747456 rss=1882228632 live=4888851
	csg_mem tag=forest_appended src=114 forest_arena=88561224 rss=1888356248 live=4927790
	csg_mem tag=ta_stream src=114 arena=88561224 rss=1888356248 live=4927790
	csg_mem tag=forest src=115 bytes=5769 rss=1888356248 live=4927784
	csg_mem tag=forest_parse_begin pass=1 src=115 reserve=275744 rss=1888356248 live=4927810
	csg_mem tag=forest_appended src=115 forest_arena=88561224 rss=1890535320 live=4928386
	csg_mem tag=ta_stream src=115 arena=88561224 rss=1890535320 live=4928386
	csg_mem tag=forest src=116 bytes=3136 rss=1890535320 live=4928380
	csg_mem tag=forest_parse_begin pass=1 src=116 reserve=173312 rss=1890535320 live=4928404
	csg_mem tag=forest_appended src=116 forest_arena=88561224 rss=1892665240 live=4928738
	csg_mem tag=ta_stream src=116 arena=88561224 rss=1892665240 live=4928738
	csg_mem tag=forest src=117 bytes=281236 rss=1892665240 live=4928732
	csg_mem tag=forest_parse_begin pass=1 src=117 reserve=8688640 rss=1892992920 live=4928768
	csg_mem tag=forest_appended src=117 forest_arena=88561224 rss=1904084888 live=4950654
	csg_mem tag=ta_stream src=117 arena=88561224 rss=1904084888 live=4950654
	csg_mem tag=forest src=118 bytes=36339 rss=1904084888 live=4950648
	csg_mem tag=forest_parse_begin pass=1 src=118 reserve=2269312 rss=1904101272 live=4950678
	csg_mem tag=forest_appended src=118 forest_arena=88561224 rss=1908737944 live=4954809
	csg_mem tag=ta_stream src=118 arena=88561224 rss=1908737944 live=4954809
	csg_mem tag=forest src=119 bytes=66727 rss=1908737944 live=4954803
	csg_mem tag=forest_parse_begin pass=1 src=119 reserve=4620192 rss=1908819864 live=4954835
	csg_mem tag=forest_appended src=119 forest_arena=88561224 rss=1929988016 live=4962715
	csg_mem tag=ta_stream src=119 arena=88561224 rss=1929988016 live=4962715
	csg_mem tag=forest src=120 bytes=19895 rss=1929988016 live=4962709
	csg_mem tag=forest_parse_begin pass=1 src=120 reserve=782208 rss=1930053552 live=4962737
	csg_mem tag=forest_appended src=120 forest_arena=88561224 rss=1930741680 live=4964495
	csg_mem tag=ta_stream src=120 arena=88561224 rss=1930741680 live=4964495
	csg_mem tag=forest src=121 bytes=104630 rss=1930758064 live=4964489
	csg_mem tag=forest_parse_begin pass=1 src=121 reserve=4295776 rss=1931069360 live=4964523
	csg_mem tag=forest_appended src=121 forest_arena=88561224 rss=1943324592 live=4974329
	csg_mem tag=ta_stream src=121 arena=88561224 rss=1943324592 live=4974329
	csg_mem tag=forest src=122 bytes=21670 rss=1943324592 live=4974323
	csg_mem tag=forest_parse_begin pass=1 src=122 reserve=1223104 rss=1943373744 live=4974353
	csg_mem tag=forest_appended src=122 forest_arena=88561224 rss=1947928496 live=4976943
	csg_mem tag=ta_stream src=122 arena=88561224 rss=1947928496 live=4976943
	csg_mem tag=forest src=123 bytes=41012 rss=1947928496 live=4976937
	csg_mem tag=forest_parse_begin pass=1 src=123 reserve=2385152 rss=1948043184 live=4976969
	csg_mem tag=forest_appended src=123 forest_arena=88561224 rss=1950533552 live=4982252
	csg_mem tag=ta_stream src=123 arena=88561224 rss=1950533552 live=4982252
	csg_mem tag=forest src=124 bytes=602132 rss=1950533552 live=4982246
	csg_mem tag=forest_parse_begin pass=1 src=124 reserve=31538592 rss=1951385520 live=4982284
	csg_mem tag=forest_appended src=124 forest_arena=88561224 rss=2026260496 live=5049199
	csg_mem tag=ta_stream src=124 arena=88561224 rss=2026260496 live=5049199
	csg_mem tag=forest src=125 bytes=2984 rss=2026260496 live=5049193
	csg_mem tag=forest_parse_begin pass=1 src=125 reserve=168896 rss=2026260496 live=5049217
	csg_mem tag=forest_appended src=125 forest_arena=88561224 rss=2028603408 live=5049527
	csg_mem tag=ta_stream src=125 arena=88561224 rss=2028603408 live=5049527
	csg_mem tag=forest src=126 bytes=6234 rss=2028603408 live=5049521
	csg_mem tag=forest_parse_begin pass=1 src=126 reserve=339040 rss=2028619792 live=5049547
	csg_mem tag=forest_appended src=126 forest_arena=88561224 rss=2029144080 live=5050045
	csg_mem tag=ta_stream src=126 arena=88561224 rss=2029144080 live=5050045
	csg_mem tag=forest src=127 bytes=36702 rss=2029144080 live=5050039
	csg_mem tag=forest_parse_begin pass=1 src=127 reserve=1209024 rss=2029160464 live=5050069
	csg_mem tag=forest_appended src=127 forest_arena=88561224 rss=2031962128 live=5052887
	csg_mem tag=ta_stream src=127 arena=88561224 rss=2031962128 live=5052887
	csg_mem tag=forest src=128 bytes=49364 rss=2031962128 live=5052881
	csg_mem tag=forest_parse_begin pass=1 src=128 reserve=2388160 rss=2032060432 live=5052913
	csg_mem tag=forest_appended src=128 forest_arena=88561224 rss=2051377168 live=5058906
	csg_mem tag=ta_stream src=128 arena=88561224 rss=2051377168 live=5058906
	csg_mem tag=forest src=129 bytes=42894 rss=2051377168 live=5058900
	csg_mem tag=forest_parse_begin pass=1 src=129 reserve=2354976 rss=2051426320 live=5058930
	csg_mem tag=forest_appended src=129 forest_arena=88563272 rss=2059438096 live=5063680
	csg_mem tag=ta_stream src=129 arena=88563272 rss=2059438096 live=5063680
	csg_mem tag=forest src=130 bytes=32186 rss=2059438096 live=5063674
	csg_mem tag=forest_parse_begin pass=1 src=130 reserve=2063840 rss=2059569168 live=5063704
	csg_mem tag=forest_appended src=130 forest_arena=88563272 rss=2064910352 live=5067265
	csg_mem tag=ta_stream src=130 arena=88563272 rss=2064910352 live=5067265
	csg_mem tag=forest src=131 bytes=34873 rss=2064910352 live=5067259
	csg_mem tag=forest_parse_begin pass=1 src=131 reserve=1693152 rss=2064959504 live=5067289
	csg_mem tag=forest_appended src=131 forest_arena=88563272 rss=2077345808 live=5071123
	csg_mem tag=ta_stream src=131 arena=88563272 rss=2077345808 live=5071123
	csg_mem tag=forest src=132 bytes=1850073 rss=2077345808 live=5071117
	csg_mem tag=forest_parse_begin pass=1 src=132 reserve=72523584 rss=2080213008 live=5071159
	csg_mem tag=forest_appended src=132 forest_arena=88829512 rss=2187774064 live=5223247
	csg_mem tag=ta_stream src=132 arena=88829512 rss=2187774064 live=5223247
	csg_mem tag=forest src=133 bytes=41896 rss=2187413616 live=5223241
	csg_mem tag=forest_parse_begin pass=1 src=133 reserve=2011104 rss=2187446384 live=5223271
	csg_mem tag=forest_appended src=133 forest_arena=88829512 rss=2192902280 live=5227245
	csg_mem tag=ta_stream src=133 arena=88829512 rss=2192902280 live=5227245
	csg_mem tag=forest src=134 bytes=3550288 rss=2192902280 live=5227239
	csg_mem tag=forest_parse_begin pass=1 src=134 reserve=140668736 rss=2198784136 live=5227283
	csg_mem tag=forest_appended src=134 forest_arena=88829512 rss=2453293384 live=5506207
	csg_mem tag=ta_stream src=134 arena=88829512 rss=2453293384 live=5506207
	csg_mem tag=forest src=135 bytes=134144 rss=2451343688 live=5506201
	csg_mem tag=forest_parse_begin pass=1 src=135 reserve=7807872 rss=2451523912 live=5506235
	csg_mem tag=forest_appended src=135 forest_arena=88829512 rss=2462337376 live=5518349
	csg_mem tag=ta_stream src=135 arena=88829512 rss=2462337376 live=5518349
	csg_mem tag=forest src=136 bytes=593121 rss=2462337376 live=5518343
	csg_mem tag=forest_parse_begin pass=1 src=136 reserve=18570208 rss=2463369568 live=5518381
	csg_mem tag=forest_appended src=136 forest_arena=88829512 rss=2477508960 live=5562317
	csg_mem tag=ta_stream src=136 arena=88829512 rss=2477508960 live=5562317
	csg_mem tag=forest src=137 bytes=17351 rss=2477508960 live=5562311
	csg_mem tag=forest_parse_begin pass=1 src=137 reserve=1215776 rss=2477525344 live=5562339
	csg_mem tag=forest_appended src=137 forest_arena=88829512 rss=2484685152 live=5565283
	csg_mem tag=ta_stream src=137 arena=88829512 rss=2484685152 live=5565283
	csg_mem tag=forest src=138 bytes=2319 rss=2484685152 live=5565277
	csg_mem tag=forest_parse_begin pass=1 src=138 reserve=152416 rss=2484685152 live=5565299
	csg_mem tag=forest_appended src=138 forest_arena=88829512 rss=2485225824 live=5565617
	csg_mem tag=ta_stream src=138 arena=88829512 rss=2485225824 live=5565617
	csg_mem tag=forest src=139 bytes=1697 rss=2485225824 live=5565611
	csg_mem tag=forest_parse_begin pass=1 src=139 reserve=123040 rss=2485225824 live=5565633
	csg_mem tag=forest_appended src=139 forest_arena=88829512 rss=2485553504 live=5565926
	csg_mem tag=ta_stream src=139 arena=88829512 rss=2485553504 live=5565926
	csg_mem tag=forest src=140 bytes=1202 rss=2485553504 live=5565920
	csg_mem tag=forest_parse_begin pass=1 src=140 reserve=118240 rss=2485569888 live=5565942
	csg_mem tag=forest_appended src=140 forest_arena=88829512 rss=2485995872 live=5566143
	csg_mem tag=ta_stream src=140 arena=88829512 rss=2485995872 live=5566143
	csg_mem tag=forest src=141 bytes=5427 rss=2485995872 live=5566137
	csg_mem tag=forest_parse_begin pass=1 src=141 reserve=352192 rss=2486012256 live=5566163
	csg_mem tag=forest_appended src=141 forest_arena=88829512 rss=2486552928 live=5566885
	csg_mem tag=ta_stream src=141 arena=88829512 rss=2486552928 live=5566885
	csg_mem tag=forest src=142 bytes=53259 rss=2486552928 live=5566879
	csg_mem tag=forest_parse_begin pass=1 src=142 reserve=2567232 rss=2486569312 live=5566911
	csg_mem tag=forest_appended src=142 forest_arena=88829512 rss=2536049040 live=5580080
	csg_mem tag=ta_stream src=142 arena=88829512 rss=2536049040 live=5580080
	csg_mem tag=forest src=143 bytes=4821 rss=2536049040 live=5580074
	csg_mem tag=forest_parse_begin pass=1 src=143 reserve=342048 rss=2536049040 live=5580100
	csg_mem tag=forest_appended src=143 forest_arena=88829512 rss=2536638864 live=5580798
	csg_mem tag=ta_stream src=143 arena=88829512 rss=2536638864 live=5580798
	csg_mem tag=forest src=144 bytes=684 rss=2536638864 live=5580792
	csg_mem tag=forest_parse_begin pass=1 src=144 reserve=88800 rss=2536638864 live=5580812
	csg_mem tag=forest_appended src=144 forest_arena=88829512 rss=2537261456 live=5580902
	csg_mem tag=ta_stream src=144 arena=88829512 rss=2537261456 live=5580902
	csg_mem tag=forest src=145 bytes=706 rss=2537261456 live=5580896
	csg_mem tag=forest_parse_begin pass=1 src=145 reserve=89248 rss=2537277840 live=5580916
	csg_mem tag=forest_appended src=145 forest_arena=88829512 rss=2537884048 live=5581014
	csg_mem tag=ta_stream src=145 arena=88829512 rss=2537884048 live=5581014
	csg_mem tag=forest src=146 bytes=7097 rss=2537884048 live=5581008
	csg_mem tag=forest_parse_begin pass=1 src=146 reserve=457920 rss=2537884048 live=5581034
	csg_mem tag=forest_appended src=146 forest_arena=88829512 rss=2540669328 live=5582169
	csg_mem tag=ta_stream src=146 arena=88829512 rss=2540669328 live=5582169
	csg_mem tag=forest src=147 bytes=8518 rss=2540669328 live=5582163
	csg_mem tag=forest_parse_begin pass=1 src=147 reserve=551904 rss=2540685712 live=5582189
	csg_mem tag=forest_appended src=147 forest_arena=88829512 rss=2543470992 live=5583051
	csg_mem tag=ta_stream src=147 arena=88829512 rss=2543470992 live=5583051
	csg_mem tag=forest src=148 bytes=171411 rss=2543470992 live=5583045
	csg_mem tag=forest_parse_begin pass=1 src=148 reserve=8131232 rss=2543782288 live=5583079
	csg_mem tag=forest_appended src=148 forest_arena=88829512 rss=2561444264 live=5607399
	csg_mem tag=ta_stream src=148 arena=88829512 rss=2561444264 live=5607399
	csg_mem tag=forest src=149 bytes=49447 rss=2561444264 live=5607393
	csg_mem tag=forest_parse_begin pass=1 src=149 reserve=2269504 rss=2561558952 live=5607425
	csg_mem tag=forest_appended src=149 forest_arena=88829512 rss=2573814184 live=5611823
	csg_mem tag=ta_stream src=149 arena=88829512 rss=2573814184 live=5611823
	csg_mem tag=forest src=150 bytes=15928 rss=2573814184 live=5611817
	csg_mem tag=forest_parse_begin pass=1 src=150 reserve=825312 rss=2573830568 live=5611845
	csg_mem tag=forest_appended src=150 forest_arena=88829512 rss=2576894376 live=5613757
	csg_mem tag=ta_stream src=150 arena=88829512 rss=2576894376 live=5613757
	csg_mem tag=forest src=151 bytes=1861 rss=2576910760 live=5613751
	csg_mem tag=forest_parse_begin pass=1 src=151 reserve=152224 rss=2576910760 live=5613773
	csg_mem tag=forest_appended src=151 forest_arena=88829512 rss=2577648040 live=5614121
	csg_mem tag=ta_stream src=151 arena=88829512 rss=2577648040 live=5614121
	csg_mem tag=forest src=152 bytes=1128 rss=2577648040 live=5614115
	csg_mem tag=forest_parse_begin pass=1 src=152 reserve=131584 rss=2577664424 live=5614135
	csg_mem tag=forest_appended src=152 forest_arena=88829512 rss=2578368936 live=5614284
	csg_mem tag=ta_stream src=152 arena=88829512 rss=2578368936 live=5614284
	csg_mem tag=forest src=153 bytes=1513 rss=2578368936 live=5614278
	csg_mem tag=forest_parse_begin pass=1 src=153 reserve=119584 rss=2578385320 live=5614300
	csg_mem tag=forest_appended src=153 forest_arena=88829512 rss=2579024296 live=5614582
	csg_mem tag=ta_stream src=153 arena=88829512 rss=2579024296 live=5614582
	csg_mem tag=forest src=154 bytes=463934 rss=2579024296 live=5614576
	csg_mem tag=forest_parse_begin pass=1 src=154 reserve=18578528 rss=2579777960 live=5614614
	csg_mem tag=forest_appended src=154 forest_arena=88829512 rss=2614692264 live=5651095
	csg_mem tag=ta_stream src=154 arena=88829512 rss=2614692264 live=5651095
	csg_mem tag=forest src=155 bytes=13667 rss=2614692264 live=5651089
	csg_mem tag=forest_parse_begin pass=1 src=155 reserve=603616 rss=2614725032 live=5651115
	csg_mem tag=forest_appended src=155 forest_arena=88829512 rss=2615298472 live=5651953
	csg_mem tag=ta_stream src=155 arena=88829512 rss=2615298472 live=5651953
	csg_mem tag=forest src=156 bytes=38093 rss=2615298472 live=5651947
	csg_mem tag=forest_parse_begin pass=1 src=156 reserve=2080032 rss=2615331240 live=5651979
	csg_mem tag=forest_appended src=156 forest_arena=88829512 rss=2618198440 live=5655689
	csg_mem tag=ta_stream src=156 arena=88829512 rss=2618198440 live=5655689
	csg_mem tag=forest src=157 bytes=11977 rss=2618198440 live=5655683
	csg_mem tag=forest_parse_begin pass=1 src=157 reserve=644640 rss=2618198440 live=5655711
	csg_mem tag=forest_appended src=157 forest_arena=88829512 rss=2620443048 live=5657064
	csg_mem tag=ta_stream src=157 arena=88829512 rss=2620443048 live=5657064
	csg_mem tag=forest src=158 bytes=2184453 rss=2620443048 live=5657058
	csg_mem tag=forest_parse_begin pass=1 src=158 reserve=73477216 rss=2622982568 live=5657100
